pdb_id,chain_id,res_num,label
3UO9,B,394,1
3UO9,B,321,1
3UO9,A,398,1
3UO9,B,387,1
3UO9,A,394,1
3UO9,D,317,1
3UO9,A,321,1
3UO9,A,387,1
3UO9,B,322,1
3UO9,B,324,1
3UO9,A,322,1
3UO9,B,327,1
3UO9,A,324,1
3UO9,B,325,1
3UO9,B,320,1
3UO9,A,327,1
3UO9,B,323,1
3UO9,A,325,1
3UO9,A,320,1
3UO9,A,323,1
3UO9,C,332,0
3UO9,C,513,0
3UO9,A,442,0
3UO9,B,447,0
3UO9,D,456,0
3UO9,C,538,0
3UO9,C,222,0
3UO9,A,182,0
3UO9,B,485,0
3UO9,B,247,0
3UO9,D,196,0
3UO9,A,209,0
3UO9,C,256,0
3UO9,A,194,0
3UO9,A,187,0
3UO9,B,229,0
3UO9,C,379,0
3UO9,D,366,0
3UO9,A,426,0
3UO9,B,432,0
3UO9,D,302,0
3UO9,C,274,0
3UO9,D,147,0
3UO9,B,367,0
3UO9,D,202,0
3UO9,D,271,0
3UO9,B,280,0
3UO9,D,344,0
3UO9,B,459,0
3UO9,A,523,0
3UO9,D,310,0
3UO9,B,469,0
3UO9,C,181,0
3UO9,A,345,0
3UO9,D,384,0
3UO9,D,352,0
3UO9,C,477,0
3UO9,A,297,0
3UO9,C,404,0
3UO9,C,224,0
3UO9,C,355,0
3UO9,A,164,0
3UO9,B,182,0
3UO9,C,410,0
3UO9,D,272,0
3UO9,A,532,0
3UO9,D,368,0
3UO9,D,262,0
3UO9,A,519,0
3UO9,D,392,0
3UO9,C,318,0
3UO9,C,265,0
3UO9,B,372,0
3UO9,A,227,0
3UO9,D,423,0
3UO9,D,197,0
3UO9,A,280,0
3UO9,C,381,0
3UO9,A,501,0
3UO9,B,497,0
4B2D,A,45,1
4B2D,A,47,1
4B2D,A,469,1
4B2D,A,68,1
4B2D,A,468,1
4B2D,A,466,1
4B2D,A,471,1
4B2D,A,464,1
4B2D,A,44,1
4B2D,A,450,1
4B2D,A,46,1
4B2D,A,107,1
4B2D,A,106,1
4B2D,A,43,1
4B2D,A,70,1
4B2D,A,470,1
4B2D,D,86,0
4B2D,C,312,0
4B2D,B,200,0
4B2D,B,413,0
4B2D,B,54,0
4B2D,A,85,0
4B2D,C,164,0
4B2D,B,487,0
4B2D,B,498,0
4B2D,B,382,0
4B2D,D,190,0
4B2D,A,252,0
4B2D,C,363,0
4B2D,C,477,0
4B2D,C,118,0
4B2D,C,411,0
4B2D,A,341,0
4B2D,D,509,0
4B2D,C,135,0
4B2D,D,354,0
4B2D,C,505,0
4B2D,D,156,0
4B2D,B,346,0
4B2D,A,114,0
4B2D,C,348,0
4B2D,C,462,0
4B2D,A,514,0
4B2D,C,59,0
4B2D,B,234,0
4B2D,D,240,0
4B2D,D,296,0
4B2D,C,432,0
4B2D,B,431,0
4B2D,A,411,0
4B2D,A,120,0
4B2D,B,29,0
4B2D,D,357,0
4B2D,C,73,0
4B2D,B,281,0
4B2D,B,36,0
4B2D,C,134,0
4B2D,D,230,0
4B2D,C,83,0
4B2D,B,437,0
4B2D,C,209,0
4B2D,C,115,0
4B2D,A,128,0
4B2D,C,303,0
3H6O,A,489,1
3H6O,A,522,1
3H6O,A,455,1
3H6O,A,432,1
3H6O,A,512,1
3H6O,A,485,1
3H6O,A,518,1
3H6O,A,434,1
3H6O,A,513,1
3H6O,A,431,1
3H6O,A,430,1
3H6O,A,517,1
3H6O,A,519,1
3H6O,A,437,1
3H6O,A,521,1
3H6O,A,516,1
3H6O,A,514,1
3H6O,A,515,1
3H6O,A,482,1
3H6O,A,486,1
3H6O,A,433,1
3H6O,A,438,1
3H6O,A,436,1
3H6O,A,435,1
3H6O,A,520,1
3H6O,A,331,0
3H6O,A,111,0
3H6O,C,360,0
3H6O,B,79,0
3H6O,C,328,0
3H6O,B,319,0
3H6O,B,486,0
3H6O,C,452,0
3H6O,A,237,0
3H6O,C,95,0
3H6O,A,374,0
3H6O,B,531,0
3H6O,C,471,0
3H6O,B,378,0
3H6O,B,289,0
3H6O,A,195,0
3H6O,B,396,0
3H6O,C,454,0
3H6O,A,221,0
3H6O,D,183,0
3H6O,C,234,0
3H6O,A,418,0
3H6O,C,303,0
3H6O,C,465,0
3H6O,C,107,0
3H6O,D,382,0
3H6O,C,381,0
3H6O,B,398,0
3H6O,A,373,0
3H6O,C,414,0
3H6O,B,111,0
3H6O,A,401,0
3H6O,B,506,0
3H6O,B,421,0
3H6O,C,487,0
3H6O,D,16,0
3H6O,A,274,0
3H6O,C,111,0
3H6O,B,516,0
3H6O,D,302,0
3H6O,D,332,0
3H6O,C,327,0
3H6O,C,351,0
3H6O,B,395,0
3H6O,C,440,0
3H6O,B,444,0
3H6O,D,257,0
3H6O,D,219,0
3H6O,A,23,0
3H6O,C,332,0
3H6O,D,432,0
3H6O,D,313,0
3H6O,B,212,0
3H6O,D,322,0
3H6O,D,270,0
3H6O,A,240,0
3H6O,A,279,0
3H6O,D,143,0
3H6O,A,271,0
3H6O,B,463,0
3H6O,B,207,0
3H6O,B,150,0
3H6O,D,324,0
3H6O,B,108,0
3H6O,D,101,0
3H6O,C,238,0
3H6O,B,495,0
3H6O,B,304,0
3H6O,A,364,0
3H6O,B,69,0
3H6O,B,107,0
3H6O,C,336,0
3H6O,A,168,0
3H6O,D,113,0
3H6O,D,521,0
4G1N,A,389,1
4G1N,A,27,1
4G1N,B,394,1
4G1N,A,352,1
4G1N,A,388,1
4G1N,A,394,1
4G1N,A,33,1
4G1N,B,30,1
4G1N,B,353,1
4G1N,A,350,1
4G1N,B,311,1
4G1N,B,391,1
4G1N,B,393,1
4G1N,B,390,1
4G1N,B,355,1
4G1N,A,30,1
4G1N,A,353,1
4G1N,A,391,1
4G1N,A,311,1
4G1N,B,397,1
4G1N,A,393,1
4G1N,A,390,1
4G1N,B,354,1
4G1N,B,26,1
4G1N,A,355,1
4G1N,A,314,1
4G1N,A,318,1
4G1N,B,389,1
4G1N,A,315,1
4G1N,A,397,1
4G1N,A,29,1
4G1N,A,354,1
4G1N,A,26,1
4G1N,B,27,1
4G1N,B,334,0
4G1N,C,376,0
4G1N,A,328,0
4G1N,D,456,0
4G1N,D,72,0
4G1N,D,161,0
4G1N,B,275,0
4G1N,A,138,0
4G1N,A,178,0
4G1N,C,469,0
4G1N,C,524,0
4G1N,C,422,0
4G1N,B,271,0
4G1N,D,211,0
4G1N,B,270,0
4G1N,B,405,0
4G1N,D,224,0
4G1N,C,215,0
4G1N,C,138,0
4G1N,D,361,0
4G1N,B,322,0
4G1N,D,238,0
4G1N,B,216,0
4G1N,B,262,0
4G1N,D,71,0
4G1N,A,118,0
4G1N,A,177,0
4G1N,C,446,0
4G1N,A,462,0
4G1N,B,121,0
4G1N,A,415,0
4G1N,B,186,0
4G1N,D,379,0
4G1N,A,289,0
4G1N,B,524,0
4G1N,A,518,0
4G1N,B,69,0
4G1N,B,107,0
4G1N,D,431,0
4G1N,B,246,0
4G1N,B,383,0
4G1N,B,296,0
4G1N,D,20,0
4G1N,D,123,0
4G1N,B,162,0
4G1N,D,338,0
4G1N,C,340,0
4G1N,C,107,0
4G1N,A,282,0
4G1N,D,435,0
4G1N,C,341,0
4G1N,C,384,0
4G1N,D,190,0
4G1N,A,121,0
4G1N,B,500,0
4G1N,A,380,0
4G1N,B,450,0
4G1N,C,491,0
4G1N,D,61,0
4G1N,D,489,0
4G1N,B,503,0
4G1N,D,17,0
4G1N,B,140,0
4G1N,B,233,0
4G1N,D,411,0
4G1N,B,99,0
4G1N,A,75,0
4G1N,A,487,0
4G1N,C,360,0
4G1N,C,500,0
4G1N,D,427,0
4G1N,B,205,0
4G1N,B,161,0
4G1N,D,85,0
4G1N,C,192,0
4G1N,B,85,0
4G1N,A,167,0
4G1N,C,287,0
4G1N,A,410,0
4G1N,A,43,0
4G1N,C,482,0
4G1N,B,276,0
4G1N,A,503,0
4G1N,D,147,0
4G1N,B,284,0
4G1N,A,239,0
4G1N,C,316,0
4G1N,A,281,0
4G1N,C,294,0
4G1N,C,333,0
4G1N,C,155,0
4G1N,B,142,0
4G1N,A,187,0
4G1N,D,340,0
4G1N,B,333,0
4G1N,B,141,0
4G1N,D,207,0
4G1N,C,499,0
4G1N,C,145,0
4G1N,B,238,0
4G1N,C,354,0
4G1N,A,527,0
2VGI,A,532,1
2VGI,A,525,1
2VGI,A,556,1
2VGI,A,529,1
2VGI,A,498,1
2VGI,A,473,1
2VGI,A,565,1
2VGI,A,475,1
2VGI,A,562,1
2VGI,A,479,1
2VGI,A,563,1
2VGI,A,478,1
2VGI,A,564,1
2VGI,A,476,1
2VGI,A,474,1
2VGI,A,561,1
2VGI,A,452,1
2VGI,A,559,1
2VGI,A,477,1
2VGI,A,560,1
2VGI,A,555,1
2VGI,A,481,1
2VGI,A,557,1
2VGI,A,558,1
2VGI,A,480,1
2VGI,C,241,0
2VGI,D,513,0
2VGI,D,464,0
2VGI,B,341,0
2VGI,C,251,0
2VGI,A,110,0
2VGI,B,302,0
2VGI,D,448,0
2VGI,B,98,0
2VGI,A,66,0
2VGI,C,531,0
2VGI,A,322,0
2VGI,C,488,0
2VGI,B,218,0
2VGI,B,564,0
2VGI,A,96,0
2VGI,C,61,0
2VGI,C,224,0
2VGI,D,450,0
2VGI,A,194,0
2VGI,A,418,0
2VGI,C,527,0
2VGI,D,258,0
2VGI,D,166,0
2VGI,D,375,0
2VGI,A,390,0
2VGI,A,284,0
2VGI,A,206,0
2VGI,D,409,0
2VGI,B,293,0
2VGI,D,502,0
2VGI,A,269,0
2VGI,B,237,0
2VGI,B,431,0
2VGI,A,315,0
2VGI,B,73,0
2VGI,B,243,0
2VGI,B,79,0
2VGI,A,130,0
2VGI,C,210,0
2VGI,B,136,0
2VGI,C,149,0
2VGI,B,465,0
2VGI,D,143,0
2VGI,A,408,0
2VGI,C,468,0
2VGI,C,523,0
2VGI,A,243,0
2VGI,C,529,0
2VGI,B,130,0
2VGI,C,384,0
2VGI,C,113,0
2VGI,D,563,0
2VGI,B,378,0
2VGI,B,540,0
2VGI,C,428,0
2VGI,A,363,0
2VGI,A,67,0
2VGI,D,213,0
2VGI,A,219,0
2VGI,A,314,0
2VGI,D,134,0
2VGI,A,544,0
2VGI,D,188,0
2VGI,D,208,0
2VGI,B,430,0
2VGI,B,59,0
2VGI,A,339,0
2VGI,C,265,0
2VGI,C,254,0
2VGI,B,487,0
2VGI,B,88,0
2VGI,B,539,0
2VGI,B,422,0
2VGI,A,374,0
2YHD,A,712,1
2YHD,A,894,1
2YHD,A,730,1
2YHD,A,733,1
2YHD,A,738,1
2YHD,A,735,1
2YHD,A,725,1
2YHD,A,716,1
2YHD,A,732,1
2YHD,A,898,1
2YHD,A,734,1
2YHD,A,720,1
2YHD,A,737,1
2YHD,A,784,0
2YHD,A,764,0
2YHD,A,919,0
2YHD,A,773,0
2YHD,A,793,0
2YHD,A,678,0
2YHD,A,780,0
2YHD,A,772,0
2YHD,A,774,0
2YHD,A,864,0
2YHD,A,888,0
2YHD,A,906,0
2YHD,A,839,0
2YHD,A,846,0
2YHD,A,881,0
2YHD,A,807,0
2YHD,A,905,0
2YHD,A,869,0
2YHD,A,696,0
2YHD,A,858,0
2YHD,A,819,0
2YHD,A,912,0
2YHD,A,850,0
2YHD,A,689,0
2YHD,A,885,0
2YHD,A,866,0
2YHD,A,803,0
2YHD,A,843,0
2YHD,A,907,0
2YHD,A,863,0
2YHD,A,828,0
2YHD,A,674,0
2YHD,A,766,0
2YHD,A,762,0
2YHD,A,870,0
2YHD,A,771,0
2YHD,A,861,0
2YHD,A,875,0
2YHD,A,862,0
2YLO,A,825,1
2YLO,A,726,1
2YLO,A,837,1
2YLO,A,834,1
2YLO,A,727,1
2YLO,A,724,1
2YLO,A,722,1
2YLO,A,830,1
2YLO,A,827,1
2YLO,A,725,1
2YLO,A,829,1
2YLO,A,721,1
2YLO,A,723,1
2YLO,A,673,1
2YLO,A,826,1
2YLO,A,833,1
2YLO,A,728,1
2YLO,A,720,1
2YLO,A,916,0
2YLO,A,901,0
2YLO,A,708,0
2YLO,A,909,0
2YLO,A,690,0
2YLO,A,773,0
2YLO,A,887,0
2YLO,A,804,0
2YLO,A,687,0
2YLO,A,873,0
2YLO,A,788,0
2YLO,A,862,0
2YLO,A,853,0
2YLO,A,699,0
2YLO,A,769,0
2YLO,A,802,0
2YLO,A,689,0
2YLO,A,743,0
2YLO,A,866,0
2YLO,A,738,0
2YLO,A,883,0
2YLO,A,693,0
2YLO,A,695,0
2YLO,A,776,0
2YLO,A,872,0
2YLO,A,683,0
2YLO,A,849,0
2YLO,A,907,0
2YLO,A,903,0
2YLO,A,750,0
2YLO,A,910,0
2YLO,A,908,0
2YLO,A,782,0
2YLO,A,740,0
2YLO,A,772,0
2YLO,A,878,0
2YLO,A,885,0
2YLO,A,850,0
2YLO,A,735,0
2YLO,A,867,0
2YLO,A,876,0
2YLO,A,845,0
2YLO,A,696,0
2YLO,A,796,0
2YLO,A,855,0
2YLO,A,792,0
2YLO,A,889,0
2YLO,A,880,0
2YLO,A,894,0
2YLO,A,711,0
2YLO,A,783,0
2YLO,A,692,0
2YLO,A,753,0
2YLO,A,844,0
3O96,A,290,1
3O96,A,211,1
3O96,A,54,1
3O96,A,292,1
3O96,A,81,1
3O96,A,86,1
3O96,A,85,1
3O96,A,297,1
3O96,A,298,1
3O96,A,296,1
3O96,A,326,1
3O96,A,270,1
3O96,A,179,1
3O96,A,79,1
3O96,A,274,1
3O96,A,264,1
3O96,A,268,1
3O96,A,212,1
3O96,A,205,1
3O96,A,80,1
3O96,A,227,1
3O96,A,213,1
3O96,A,201,1
3O96,A,84,1
3O96,A,295,1
3O96,A,291,1
3O96,A,82,1
3O96,A,210,1
3O96,A,53,1
3O96,A,161,1
3O96,A,83,1
3O96,A,273,1
3O96,A,272,1
3O96,A,17,1
3O96,A,263,1
3O96,A,294,1
3O96,A,271,1
3O96,A,172,0
3O96,A,358,0
3O96,A,426,0
3O96,A,9,0
3O96,A,383,0
3O96,A,405,0
3O96,A,362,0
3O96,A,105,0
3O96,A,13,0
3O96,A,369,0
3O96,A,396,0
3O96,A,173,0
3O96,A,250,0
3O96,A,107,0
3O96,A,248,0
3O96,A,412,0
3O96,A,425,0
3O96,A,365,0
3O96,A,255,0
3O96,A,246,0
3O96,A,424,0
3O96,A,422,0
3O96,A,30,0
3O96,A,341,0
3O96,A,12,0
3O96,A,39,0
3O96,A,343,0
3O96,A,344,0
3O96,A,32,0
3O96,A,403,0
3O96,A,404,0
3O96,A,97,0
3O96,A,41,0
3O96,A,37,0
3O96,A,314,0
3O96,A,340,0
3O96,A,284,0
3O96,A,154,0
3O96,A,187,0
3O96,A,27,0
3O96,A,244,0
3O96,A,390,0
3O96,A,345,0
3O96,A,374,0
3O96,A,112,0
3O96,A,410,0
3O96,A,355,0
3O96,A,28,0
3O96,A,384,0
3O96,A,359,0
3O96,A,217,0
3O96,A,8,0
3O96,A,427,0
3O96,A,31,0
3O96,A,338,0
3O96,A,393,0
3O96,A,367,0
3O96,A,111,0
3O96,A,391,0
3O96,A,373,0
3O96,A,148,0
3O96,A,237,0
3O96,A,26,0
3O96,A,221,0
3O96,A,421,0
3O96,A,102,0
3O96,A,170,0
3O96,A,348,0
3O96,A,98,0
3O96,A,235,0
3O96,A,6,0
3O96,A,350,0
3O96,A,428,0
3O96,A,253,0
3O96,A,23,0
3O96,A,171,0
3O96,A,386,0
3O96,A,2,0
3O96,A,99,0
3O96,A,68,0
3O96,A,218,0
3O96,A,65,0
3O96,A,3,0
3O96,A,336,0
3O96,A,411,0
3O96,A,363,0
3O96,A,372,0
3O96,A,395,0
3O96,A,101,0
3O96,A,94,0
3O96,A,155,0
3O96,A,360,0
3O96,A,106,0
3O96,A,92,0
3O96,A,145,0
3O96,A,243,0
3O96,A,188,0
3O96,A,337,0
3O96,A,169,0
3O96,A,42,0
3O96,A,376,0
3O96,A,108,0
3O96,A,152,0
3O96,A,409,0
3O96,A,378,0
3O96,A,63,0
3O96,A,146,0
3O96,A,285,0
3O96,A,232,0
3O96,A,254,0
3O96,A,342,0
1GZ3,A,91,1
1GZ3,A,67,1
1GZ3,B,129,1
1GZ3,A,68,1
1GZ3,A,84,1
1GZ3,A,95,1
1GZ3,A,59,1
1GZ3,A,64,1
1GZ3,A,88,1
1GZ3,A,38,1
1GZ3,A,35,1
1GZ3,A,92,1
1GZ3,B,127,1
1GZ3,B,128,1
1GZ3,A,37,1
1GZ3,D,90,0
1GZ3,C,84,0
1GZ3,D,39,0
1GZ3,D,372,0
1GZ3,B,169,0
1GZ3,C,330,0
1GZ3,D,203,0
1GZ3,A,320,0
1GZ3,A,326,0
1GZ3,B,457,0
1GZ3,A,397,0
1GZ3,A,408,0
1GZ3,D,103,0
1GZ3,C,319,0
1GZ3,A,431,0
1GZ3,C,355,0
1GZ3,C,413,0
1GZ3,C,145,0
1GZ3,D,38,0
1GZ3,C,240,0
1GZ3,D,148,0
1GZ3,D,242,0
1GZ3,A,130,0
1GZ3,D,226,0
1GZ3,D,56,0
1GZ3,A,166,0
1GZ3,A,371,0
1GZ3,C,356,0
1GZ3,A,164,0
1GZ3,C,96,0
1GZ3,B,55,0
1GZ3,D,59,0
1GZ3,B,188,0
1GZ3,B,419,0
1GZ3,C,496,0
1GZ3,D,565,0
1GZ3,C,481,0
1GZ3,D,121,0
1GZ3,B,47,0
1GZ3,A,154,0
1GZ3,A,219,0
1GZ3,C,573,0
1GZ3,D,275,0
1GZ3,B,540,0
1GZ3,B,140,0
4MDK,A,162,1
4MDK,E,51,1
4MDK,E,47,1
4MDK,A,27,1
4MDK,A,50,1
4MDK,A,58,1
4MDK,A,45,1
4MDK,A,51,1
4MDK,A,47,1
4MDK,E,48,1
4MDK,A,131,1
4MDK,A,48,1
4MDK,E,49,1
4MDK,A,165,1
4MDK,A,28,1
4MDK,A,132,1
4MDK,A,148,1
4MDK,A,134,1
4MDK,A,53,1
4MDK,A,161,1
4MDK,A,128,1
4MDK,A,46,1
4MDK,A,151,1
4MDK,A,26,1
4MDK,A,52,1
4MDK,A,17,0
4MDK,B,22,0
4MDK,D,72,0
4MDK,E,33,0
4MDK,B,164,0
4MDK,G,39,0
4MDK,B,146,0
4MDK,A,116,0
4MDK,D,14,0
4MDK,B,18,0
4MDK,C,45,0
4MDK,F,59,0
4MDK,C,179,0
4MDK,G,69,0
4MDK,G,7,0
4MDK,D,153,0
4MDK,D,86,0
4MDK,G,42,0
4MDK,C,148,0
4MDK,C,174,0
4MDK,F,41,0
4MDK,C,144,0
4MDK,D,26,0
4MDK,F,44,0
4MDK,F,36,0
4MDK,D,120,0
4MDK,B,137,0
4MDK,B,116,0
4MDK,C,130,0
4MDK,C,157,0
4MDK,B,55,0
4MDK,F,16,0
4MDK,B,58,0
4MDK,D,166,0
4MDK,F,66,0
4MDK,H,33,0
4MDK,G,43,0
4MDK,G,35,0
4MDK,B,153,0
4MDK,D,33,0
4MDK,H,43,0
4MDK,C,34,0
4MDK,A,62,0
4MDK,F,53,0
4MDK,A,14,0
4MDK,C,86,0
4MDK,C,177,0
4MDK,B,45,0
4MDK,C,123,0
4MDK,F,1,0
4MDK,D,67,0
4MDK,B,35,0
4MDK,B,50,0
4MDK,B,46,0
4MDK,B,24,0
4MDK,H,50,0
4MDK,H,36,0
4MDK,G,26,0
4MDK,C,91,0
4MDK,B,117,0
4MDK,H,35,0
4MDK,A,31,0
4MDK,F,6,0
4MDK,F,29,0
4MDK,C,89,0
4MDK,B,115,0
4MDK,C,63,0
4MDK,D,44,0
4MDK,B,162,0
4MDK,A,178,0
4MDK,C,135,0
4MDK,B,163,0
4MDK,F,57,0
4MDK,C,155,0
4MDK,E,65,0
3KCG,I,122,1
3KCG,I,126,1
3KCG,I,43,1
3KCG,I,112,1
3KCG,I,129,1
3KCG,I,118,1
3KCG,I,46,1
3KCG,I,125,1
3KCG,I,121,1
3KCG,I,12,1
3KCG,I,113,1
3KCG,I,40,1
3KCG,I,18,1
3KCG,I,45,1
3KCG,I,10,1
3KCG,I,115,1
3KCG,I,47,1
3KCG,I,14,1
3KCG,I,11,1
3KCG,I,13,1
3KCG,I,48,1
3KCG,I,417,1
3KCG,I,114,1
3KCG,I,44,1
3KCG,H,35,0
3KCG,H,105,0
3KCG,I,83,0
3KCG,I,234,0
3KCG,H,121,0
3KCG,I,428,0
3KCG,I,256,0
3KCG,H,135,0
3KCG,I,197,0
3KCG,I,139,0
3KCG,I,142,0
3KCG,I,350,0
3KCG,H,171,0
3KCG,I,364,0
3KCG,I,319,0
3KCG,I,260,0
3KCG,H,172,0
3KCG,I,55,0
3KCG,I,242,0
3KCG,I,334,0
3KCG,I,320,0
3KCG,H,27,0
3KCG,H,55,0
3KCG,I,95,0
3KCG,I,68,0
3KCG,H,82,0
3KCG,I,316,0
3KCG,H,156,0
3KCG,L,87,0
3KCG,I,288,0
3KCG,H,242,0
3KCG,L,113,0
3KCG,I,84,0
3KCG,I,254,0
3KCG,H,133,0
3KCG,H,202,0
3KCG,I,198,0
3KCG,I,404,0
3KCG,I,409,0
3KCG,H,238,0
3KCG,H,41,0
3KCG,H,46,0
3KCG,H,185,0
3KCG,L,88,0
3KCG,I,283,0
3KCG,H,193,0
3KCG,H,174,0
3KCG,H,137,0
3KCG,H,173,0
3KCG,H,226,0
3KCG,H,39,0
3KCG,I,149,0
3KCG,L,107,0
3KCG,H,179,0
3KCG,I,266,0
3KCG,I,26,0
3KCG,I,107,0
3KCG,H,61,0
3KCG,H,99,0
3KCG,I,77,0
3KCG,I,331,0
3KCG,I,187,0
3KCG,I,430,0
3KCG,H,123,0
3KCG,H,161,0
3KCG,H,196,0
3KCG,I,146,0
3KCG,I,257,0
3KCG,H,58,0
3KCG,I,209,0
3KCG,I,145,0
3KCG,I,176,0
3PTZ,A,164,1
3PTZ,A,162,1
3PTZ,A,269,1
3PTZ,A,277,1
3PTZ,A,235,1
3PTZ,A,274,1
3PTZ,A,268,1
3PTZ,A,131,1
3PTZ,A,227,1
3PTZ,A,224,1
3PTZ,A,276,1
3PTZ,A,177,1
3PTZ,A,338,1
3PTZ,A,165,1
3PTZ,A,163,1
3PTZ,A,231,1
3PTZ,A,339,1
3PTZ,A,265,1
3PTZ,A,220,1
3PTZ,A,132,1
3PTZ,A,161,1
3PTZ,A,267,1
3PTZ,A,272,1
3PTZ,A,273,1
3PTZ,A,416,1
3PTZ,B,258,1
3PTZ,A,234,1
3PTZ,A,442,1
3PTZ,B,260,1
3PTZ,A,266,1
3PTZ,A,271,1
3PTZ,C,452,0
3PTZ,B,158,0
3PTZ,D,246,0
3PTZ,F,242,0
3PTZ,A,247,0
3PTZ,C,149,0
3PTZ,B,66,0
3PTZ,F,214,0
3PTZ,E,103,0
3PTZ,B,303,0
3PTZ,E,167,0
3PTZ,F,7,0
3PTZ,F,295,0
3PTZ,C,412,0
3PTZ,E,298,0
3PTZ,F,103,0
3PTZ,E,330,0
3PTZ,E,306,0
3PTZ,B,8,0
3PTZ,E,38,0
3PTZ,D,169,0
3PTZ,C,37,0
3PTZ,F,464,0
3PTZ,C,425,0
3PTZ,E,216,0
3PTZ,E,114,0
3PTZ,D,207,0
3PTZ,D,148,0
3PTZ,F,82,0
3PTZ,B,202,0
3PTZ,E,173,0
3PTZ,A,196,0
3PTZ,E,143,0
3PTZ,D,214,0
3PTZ,A,244,0
3PTZ,A,142,0
3PTZ,A,357,0
3PTZ,D,78,0
3PTZ,B,25,0
3PTZ,F,461,0
3PTZ,F,74,0
3PTZ,B,446,0
3PTZ,A,190,0
3PTZ,D,340,0
3PTZ,B,393,0
3PTZ,D,280,0
3PTZ,C,420,0
3PTZ,C,98,0
3PTZ,F,380,0
3PTZ,D,379,0
3PTZ,E,292,0
3PTZ,F,260,0
3PTZ,F,70,0
3PTZ,E,273,0
3PTZ,F,264,0
3PTZ,B,277,0
3PTZ,F,272,0
3PTZ,D,142,0
3PTZ,C,251,0
3PTZ,C,264,0
3PTZ,B,204,0
3PTZ,D,42,0
3PTZ,C,429,0
3PTZ,D,262,0
3PTZ,E,258,0
3PTZ,D,230,0
3PTZ,B,354,0
3PTZ,B,340,0
3PTZ,D,82,0
3PTZ,D,59,0
3PTZ,F,154,0
3PTZ,D,292,0
3PTZ,A,403,0
3PTZ,A,429,0
3PTZ,D,77,0
3PTZ,D,410,0
3PTZ,F,379,0
3PTZ,B,452,0
3PTZ,B,465,0
3PTZ,F,141,0
3PTZ,E,371,0
3PTZ,D,288,0
3PTZ,D,394,0
3PTZ,B,70,0
3PTZ,E,449,0
3PTZ,D,332,0
3PTZ,B,36,0
3PTZ,C,91,0
3PTZ,E,84,0
3PTZ,E,283,0
3PTZ,F,372,0
3PTZ,B,326,0
3PTZ,E,180,0
2XJC,A,457,1
2XJC,A,358,1
2XJC,A,147,1
2XJC,A,362,1
2XJC,A,145,1
2XJC,A,144,1
2XJC,A,359,1
2XJC,A,456,1
2XJC,A,453,1
2XJC,A,354,1
2XJC,A,353,1
2XJC,A,152,1
2XJC,A,154,1
2XJC,A,449,1
2XJC,A,217,0
2XJC,A,64,0
2XJC,A,264,0
2XJC,A,303,0
2XJC,A,424,0
2XJC,A,254,0
2XJC,A,290,0
2XJC,A,307,0
2XJC,A,385,0
2XJC,A,382,0
2XJC,A,15,0
2XJC,A,299,0
2XJC,A,328,0
2XJC,A,327,0
2XJC,A,56,0
2XJC,A,77,0
2XJC,A,262,0
2XJC,A,44,0
2XJC,A,171,0
2XJC,A,467,0
2XJC,A,214,0
2XJC,A,51,0
2XJC,A,428,0
2XJC,A,176,0
2XJC,A,389,0
2XJC,A,196,0
2XJC,A,274,0
2XJC,A,305,0
2XJC,A,104,0
2XJC,A,333,0
2XJC,A,313,0
2XJC,A,87,0
2XJC,A,394,0
2XJC,A,241,0
2XJC,A,224,0
2XJC,A,346,0
2XJC,A,33,0
2XJC,A,137,0
2XJC,A,213,0
2XJC,A,70,0
2XJC,A,95,0
2XJC,A,209,0
4NBN,A,164,1
4NBN,A,199,1
4NBN,B,215,1
4NBN,B,214,1
4NBN,B,198,1
4NBN,B,212,1
4NBN,B,200,1
4NBN,A,215,1
4NBN,A,214,1
4NBN,A,198,1
4NBN,B,197,1
4NBN,A,212,1
4NBN,B,213,1
4NBN,A,200,1
4NBN,B,196,1
4NBN,B,201,1
4NBN,A,197,1
4NBN,A,213,1
4NBN,A,196,1
4NBN,A,201,1
4NBN,B,125,1
4NBN,B,195,1
4NBN,B,137,1
4NBN,B,164,1
4NBN,B,199,1
4NBN,A,125,1
4NBN,A,195,1
4NBN,A,137,1
4NBN,B,50,0
4NBN,A,292,0
4NBN,B,63,0
4NBN,A,25,0
4NBN,A,93,0
4NBN,B,227,0
4NBN,B,251,0
4NBN,B,260,0
4NBN,B,154,0
4NBN,B,83,0
4NBN,A,151,0
4NBN,A,53,0
4NBN,B,44,0
4NBN,A,259,0
4NBN,B,144,0
4NBN,B,263,0
4NBN,B,151,0
4NBN,B,155,0
4NBN,B,254,0
4NBN,A,289,0
4NBN,A,82,0
4NBN,A,240,0
4NBN,A,191,0
4NBN,A,268,0
4NBN,A,229,0
4NBN,A,50,0
4NBN,B,98,0
4NBN,A,154,0
4NBN,B,250,0
4NBN,A,47,0
4NBN,B,147,0
4NBN,B,261,0
4NBN,B,225,0
4NBN,A,261,0
4NBN,B,234,0
4NBN,A,244,0
4NBN,B,241,0
4NBN,B,54,0
4NBN,A,54,0
4NBN,B,258,0
4NBN,B,270,0
4NBN,A,32,0
4NBN,A,86,0
4NBN,B,158,0
4NBN,B,94,0
4NBN,A,155,0
4NBN,B,149,0
4NBN,B,78,0
4NBN,B,266,0
4NBN,A,242,0
4NBN,B,248,0
4NBN,B,131,0
4NBN,A,58,0
4NBN,A,55,0
4NBN,A,71,0
4NBN,A,233,0
4NBN,A,284,0
4NBN,B,97,0
4NBN,A,269,0
4NBN,B,41,0
4NBN,A,172,0
4NBN,B,42,0
4NBN,A,255,0
4NBN,B,220,0
4NBN,A,146,0
4NBN,B,244,0
4NBN,B,43,0
4NBN,B,77,0
4NBN,A,243,0
4NBN,B,64,0
4NBN,A,254,0
4NBN,A,287,0
4NBN,B,132,0
4NBN,A,282,0
4NBN,A,250,0
4NBN,B,80,0
4NBN,B,118,0
4NBN,A,158,0
4NBN,B,35,0
4NBN,B,157,0
4NBN,A,49,0
4NBN,A,99,0
4NBN,B,246,0
4NBN,B,245,0
3PYY,A,483,1
3PYY,A,359,1
3PYY,A,512,1
3PYY,A,451,1
3PYY,A,448,1
3PYY,A,484,1
3PYY,A,491,1
3PYY,A,449,1
3PYY,A,454,1
3PYY,A,360,1
3PYY,A,356,1
3PYY,A,452,1
3PYY,A,519,1
3PYY,A,357,1
3PYY,A,363,1
3PYY,A,515,1
3PYY,A,482,1
3PYY,A,481,1
3PYY,A,480,1
3PYY,A,487,1
3PYY,B,258,0
3PYY,B,429,0
3PYY,A,273,0
3PYY,A,505,0
3PYY,B,259,0
3PYY,A,288,0
3PYY,B,338,0
3PYY,A,350,0
3PYY,B,274,0
3PYY,A,395,0
3PYY,A,375,0
3PYY,B,315,0
3PYY,A,318,0
3PYY,B,279,0
3PYY,A,498,0
3PYY,B,283,0
3PYY,B,484,0
3PYY,B,267,0
3PYY,B,347,0
3PYY,B,282,0
3PYY,A,308,0
3PYY,A,341,0
3PYY,B,380,0
3PYY,A,427,0
3PYY,B,371,0
3PYY,A,337,0
3PYY,A,383,0
3PYY,B,343,0
3PYY,B,438,0
3PYY,B,389,0
3PYY,B,384,0
3PYY,B,287,0
3PYY,A,433,0
3PYY,B,524,0
3PYY,A,389,0
3PYY,A,499,0
3PYY,A,378,0
3PYY,A,379,0
3PYY,A,325,0
3PYY,B,307,0
3PYY,A,504,0
3PYY,A,321,0
3PYY,B,508,0
3PYY,B,341,0
3PYY,A,298,0
3PYY,B,401,0
3PYY,A,333,0
3PYY,B,452,0
3PYY,B,275,0
3PYY,A,316,0
3PYY,B,513,0
3PYY,B,450,0
3PYY,A,436,0
3PYY,B,432,0
3PYY,A,310,0
3PYY,A,292,0
3PYY,A,500,0
3PYY,A,320,0
3PYY,A,468,0
3PYY,B,302,0
1SHJ,A,211,1
1SHJ,A,290,1
1SHJ,A,292,1
1SHJ,B,215,1
1SHJ,B,214,1
1SHJ,A,214,1
1SHJ,A,212,1
1SHJ,B,213,1
1SHJ,A,187,1
1SHJ,A,213,1
1SHJ,A,149,1
1SHJ,A,221,1
1SHJ,A,147,1
1SHJ,A,163,1
1SHJ,A,159,1
1SHJ,A,291,1
1SHJ,A,148,1
1SHJ,B,294,1
1SHJ,A,160,1
1SHJ,A,183,1
1SHJ,B,292,1
1SHJ,A,223,1
1SHJ,B,299,0
1SHJ,B,103,0
1SHJ,B,288,0
1SHJ,A,74,0
1SHJ,A,105,0
1SHJ,A,248,0
1SHJ,A,138,0
1SHJ,B,132,0
1SHJ,B,116,0
1SHJ,A,119,0
1SHJ,B,130,0
1SHJ,B,248,0
1SHJ,B,95,0
1SHJ,B,250,0
1SHJ,B,138,0
1SHJ,B,268,0
1SHJ,B,105,0
1SHJ,B,146,0
1SHJ,B,153,0
1SHJ,B,123,0
1SHJ,B,274,0
1SHJ,A,77,0
1SHJ,B,186,0
1SHJ,B,99,0
1SHJ,A,107,0
1SHJ,A,96,0
1SHJ,A,101,0
1SHJ,A,115,0
1SHJ,A,298,0
1SHJ,B,60,0
1SHJ,A,57,0
1SHJ,A,100,0
1SHJ,A,154,0
1SHJ,A,137,0
1SHJ,A,128,0
1SHJ,B,241,0
1SHJ,A,111,0
1SHJ,A,58,0
1SHJ,B,79,0
1SHJ,B,187,0
1SHJ,B,227,0
1SHJ,B,56,0
1SHJ,A,106,0
1SHJ,A,122,0
1SHJ,B,73,0
1SHJ,B,240,0
1SHJ,B,69,0
1SHJ,B,262,0
1SHJ,B,135,0
1SHJ,A,112,0
1SHJ,B,300,0
1SHJ,B,87,0
1SHJ,B,58,0
1SHJ,A,258,0
1SHJ,A,68,0
1SHJ,B,152,0
1SHJ,B,158,0
1SHJ,B,63,0
1SHJ,A,81,0
1SHJ,A,79,0
1SHJ,A,240,0
1SHJ,B,75,0
1SHJ,A,113,0
1SHJ,A,261,0
1SHJ,B,286,0
1SHJ,A,64,0
3RNN,A,239,1
3RNN,A,104,1
3RNN,C,92,1
3RNN,C,219,1
3RNN,C,109,1
3RNN,A,92,1
3RNN,A,219,1
3RNN,C,243,1
3RNN,C,91,1
3RNN,A,109,1
3RNN,A,91,1
3RNN,C,107,1
3RNN,A,243,1
3RNN,C,242,1
3RNN,C,247,1
3RNN,C,105,1
3RNN,A,107,1
3RNN,A,242,1
3RNN,A,247,1
3RNN,C,106,1
3RNN,A,105,1
3RNN,C,238,1
3RNN,A,106,1
3RNN,C,220,1
3RNN,A,238,1
3RNN,A,220,1
3RNN,C,93,1
3RNN,C,218,1
3RNN,A,93,1
3RNN,C,108,1
3RNN,A,218,1
3RNN,A,108,1
3RNN,C,217,1
3RNN,C,239,1
3RNN,C,104,1
3RNN,A,217,1
3RNN,C,136,0
3RNN,C,158,0
3RNN,B,18,0
3RNN,A,152,0
3RNN,A,18,0
3RNN,A,197,0
3RNN,A,48,0
3RNN,A,120,0
3RNN,B,154,0
3RNN,A,135,0
3RNN,C,28,0
3RNN,A,211,0
3RNN,C,52,0
3RNN,B,129,0
3RNN,B,252,0
3RNN,A,60,0
3RNN,C,63,0
3RNN,B,25,0
3RNN,A,56,0
3RNN,B,227,0
3RNN,B,13,0
3RNN,C,188,0
3RNN,A,63,0
3RNN,C,209,0
3RNN,C,231,0
3RNN,A,7,0
3RNN,A,136,0
3RNN,C,211,0
3RNN,C,115,0
3RNN,C,83,0
3RNN,A,161,0
3RNN,A,116,0
3RNN,B,87,0
3RNN,A,158,0
3RNN,C,140,0
3RNN,B,72,0
3RNN,B,159,0
3RNN,C,78,0
3RNN,A,261,0
3RNN,B,237,0
3RNN,B,187,0
3RNN,B,97,0
3RNN,B,191,0
3RNN,C,79,0
3RNN,C,184,0
3RNN,B,213,0
3RNN,C,144,0
3RNN,B,98,0
3RNN,C,135,0
3RNN,A,176,0
3RNN,A,67,0
3RNN,B,143,0
3RNN,A,113,0
3RNN,B,212,0
3RNN,B,118,0
3RNN,C,185,0
3RNN,B,73,0
3RNN,C,155,0
3RNN,A,25,0
3RNN,A,229,0
3RNN,A,144,0
3RNN,B,61,0
3RNN,B,89,0
3RNN,B,31,0
3RNN,B,138,0
3RNN,B,148,0
3RNN,A,191,0
3RNN,B,119,0
3RNN,B,179,0
3RNN,B,185,0
3RNN,B,63,0
3RNN,B,142,0
3RNN,A,147,0
3RNN,A,169,0
3RNN,B,120,0
3RNN,C,153,0
3RNN,A,179,0
3RNN,B,53,0
3RNN,C,84,0
3RNN,B,38,0
3RNN,C,129,0
3RNN,B,232,0
3RNN,B,241,0
3RNN,B,133,0
3RNN,B,130,0
3RNN,B,83,0
3RNN,B,43,0
3RNN,B,206,0
3RNN,B,109,0
3RNN,A,114,0
3RNN,B,47,0
3RNN,C,207,0
3RNN,B,62,0
3RNN,C,44,0
3RNN,B,112,0
3RNN,B,132,0
3RNN,B,251,0
3RNN,B,94,0
3RNN,C,26,0
3RNN,A,74,0
3RNN,B,255,0
3RNN,C,20,0
3RNN,B,22,0
3RNN,C,199,0
3RNN,B,115,0
3RNN,A,20,0
3RNN,B,228,0
3RNN,A,209,0
4AW0,A,149,1
4AW0,A,130,1
4AW0,A,115,1
4AW0,A,113,1
4AW0,A,76,1
4AW0,A,127,1
4AW0,A,128,1
4AW0,A,131,1
4AW0,A,118,1
4AW0,A,124,1
4AW0,A,150,1
4AW0,A,148,1
4AW0,A,156,1
4AW0,A,155,1
4AW0,A,157,1
4AW0,A,119,1
4AW0,A,356,0
4AW0,A,321,0
4AW0,A,263,0
4AW0,A,188,0
4AW0,A,99,0
4AW0,A,231,0
4AW0,A,327,0
4AW0,A,90,0
4AW0,A,171,0
4AW0,A,340,0
4AW0,A,183,0
4AW0,A,271,0
4AW0,A,278,0
4AW0,A,303,0
4AW0,A,143,0
4AW0,A,88,0
4AW0,A,325,0
4AW0,A,324,0
4AW0,A,249,0
4AW0,A,279,0
4AW0,A,253,0
4AW0,A,202,0
4AW0,A,218,0
4AW0,A,244,0
4AW0,A,345,0
4AW0,A,322,0
4AW0,A,258,0
4AW0,A,250,0
4AW0,A,359,0
4AW0,A,256,0
4AW0,A,254,0
4AW0,A,288,0
4AW0,A,179,0
4AW0,A,161,0
4AW0,A,257,0
4AW0,A,186,0
4AW0,A,282,0
4AW0,A,86,0
4AW0,A,255,0
4AW0,A,269,0
4AW0,A,341,0
4AW0,A,315,0
4AW0,A,83,0
4AW0,A,103,0
4AW0,A,185,0
4AW0,A,294,0
4AW0,A,314,0
4AW0,A,238,0
3M6F,A,153,1
3M6F,A,237,1
3M6F,A,166,1
3M6F,A,299,1
3M6F,A,287,1
3M6F,A,298,1
3M6F,A,235,1
3M6F,A,306,1
3M6F,A,233,1
3M6F,A,285,1
3M6F,A,168,1
3M6F,A,284,1
3M6F,A,130,1
3M6F,A,257,1
3M6F,A,231,1
3M6F,A,255,1
3M6F,A,132,1
3M6F,A,134,1
3M6F,A,157,1
3M6F,A,161,1
3M6F,A,259,1
3M6F,A,128,1
3M6F,A,305,1
3M6F,A,160,1
3M6F,A,302,1
3M6F,A,303,1
3M6F,A,191,0
3M6F,A,242,0
3M6F,A,268,0
3M6F,A,178,0
3M6F,A,174,0
3M6F,A,214,0
3M6F,A,205,0
3M6F,A,211,0
3M6F,A,250,0
3M6F,A,264,0
3M6F,A,217,0
3M6F,A,219,0
3M6F,A,245,0
3M6F,A,142,0
3M6F,A,143,0
3M6F,A,196,0
3M6F,A,202,0
3M6F,A,221,0
3M6F,A,145,0
3M6F,A,290,0
3M6F,A,144,0
3M6F,A,247,0
3M6F,A,291,0
3M6F,A,176,0
3M6F,A,197,0
3M6F,A,222,0
3M6F,A,248,0
3M6F,A,206,0
3M6F,A,218,0
3M6F,A,270,0
3M6F,A,203,0
3M6F,A,207,0
3M6F,A,208,0
3M6F,A,201,0
3M6F,A,209,0
3M6F,A,140,0
3M6F,A,141,0
3M6F,A,199,0
3M6F,A,175,0
3M6F,A,224,0
3M6F,A,244,0
3M6F,A,246,0
3M6F,A,210,0
3M6F,A,213,0
3M6F,A,189,0
3M6F,A,249,0
3M6F,A,266,0
3M6F,A,177,0
3M6F,A,147,0
3M6F,A,193,0
3M6F,A,204,0
3M6F,A,146,0
3M6F,A,263,0
3M6F,A,272,0
3M6F,A,200,0
3M6F,A,273,0
3M6F,A,276,0
3M6F,A,265,0
3M6F,A,195,0
3M6F,A,194,0
3M6F,A,223,0
3M6F,A,241,0
3M6F,A,267,0
3M6F,A,188,0
3M6F,A,139,0
3M6F,A,198,0
3M6F,A,269,0
3M6F,A,243,0
3M6F,A,216,0
3M6F,A,212,0
3M6F,A,262,0
3ZCW,A,290,1
3ZCW,A,348,1
3ZCW,A,104,1
3ZCW,A,269,1
3ZCW,A,292,1
3ZCW,A,289,1
3ZCW,A,297,1
3ZCW,A,349,1
3ZCW,A,352,1
3ZCW,A,299,1
3ZCW,A,287,1
3ZCW,A,21,1
3ZCW,A,296,1
3ZCW,A,270,1
3ZCW,A,300,1
3ZCW,A,268,1
3ZCW,A,102,1
3ZCW,A,356,1
3ZCW,A,295,1
3ZCW,A,334,1
3ZCW,A,291,1
3ZCW,A,353,1
3ZCW,A,288,1
3ZCW,A,293,1
3ZCW,A,355,1
3ZCW,A,332,1
3ZCW,A,266,1
3ZCW,A,271,1
3ZCW,A,49,0
3ZCW,A,225,0
3ZCW,A,361,0
3ZCW,A,72,0
3ZCW,A,47,0
3ZCW,A,129,0
3ZCW,A,252,0
3ZCW,A,36,0
3ZCW,A,98,0
3ZCW,A,145,0
3ZCW,A,224,0
3ZCW,A,196,0
3ZCW,A,44,0
3ZCW,A,154,0
3ZCW,A,133,0
3ZCW,A,153,0
3ZCW,A,250,0
3ZCW,A,128,0
3ZCW,A,341,0
3ZCW,A,247,0
3ZCW,A,123,0
3ZCW,A,53,0
3ZCW,A,241,0
3ZCW,A,360,0
3ZCW,A,152,0
3ZCW,A,50,0
3ZCW,A,76,0
3ZCW,A,73,0
3ZCW,A,192,0
3ZCW,A,32,0
3ZCW,A,209,0
3ZCW,A,245,0
3ZCW,A,221,0
3ZCW,A,90,0
3ZCW,A,43,0
3ZCW,A,168,0
3ZCW,A,144,0
3ZCW,A,136,0
3ZCW,A,37,0
3ZCW,A,255,0
3ZCW,A,182,0
3ZCW,A,229,0
3ZCW,A,217,0
3ZCW,A,142,0
3ZCW,A,155,0
3ZCW,A,243,0
3ZCW,A,308,0
3ZCW,A,30,0
3ZCW,A,27,0
3ZCW,A,148,0
3ZCW,A,261,0
3ZCW,A,40,0
3ZCW,A,48,0
3ZCW,A,239,0
3ZCW,A,31,0
3ZCW,A,173,0
3ZCW,A,249,0
3ZCW,A,127,0
3ZCW,A,137,0
3ZCW,A,185,0
3ZCW,A,193,0
3ZCW,A,138,0
3ZCW,A,172,0
3ZCW,A,307,0
3ZCW,A,220,0
3ZCW,A,35,0
3ZCW,A,59,0
3ZCW,A,91,0
3ZCW,A,337,0
3ZCW,A,141,0
3ZCW,A,81,0
3ZCW,A,54,0
3ZCW,A,143,0
3ZCW,A,207,0
3ZCW,A,116,0
3ZCW,A,323,0
3ZCW,A,89,0
3ZCW,A,202,0
3ZCW,A,83,0
3ZCW,A,187,0
3ZCW,A,200,0
3ZCW,A,227,0
3ZCW,A,135,0
3ZCW,A,147,0
4BBG,A,211,1
4BBG,A,239,1
4BBG,A,113,1
4BBG,A,127,1
4BBG,A,117,1
4BBG,A,136,1
4BBG,A,215,1
4BBG,A,214,1
4BBG,A,115,1
4BBG,A,217,1
4BBG,A,130,1
4BBG,A,221,1
4BBG,A,132,1
4BBG,A,120,1
4BBG,A,134,1
4BBG,A,112,1
4BBG,A,210,1
4BBG,A,133,1
4BBG,A,218,1
4BBG,A,160,1
4BBG,A,116,1
4BBG,A,118,1
4BBG,A,171,1
4BBG,A,172,1
4BBG,A,137,1
4BBG,A,119,1
4BBG,A,45,0
4BBG,A,252,0
4BBG,A,31,0
4BBG,A,39,0
4BBG,A,167,0
4BBG,A,319,0
4BBG,A,259,0
4BBG,A,253,0
4BBG,A,23,0
4BBG,A,361,0
4BBG,A,49,0
4BBG,A,236,0
4BBG,A,321,0
4BBG,A,55,0
4BBG,A,305,0
4BBG,A,299,0
4BBG,A,364,0
4BBG,A,290,0
4BBG,A,313,0
4BBG,A,148,0
4BBG,A,69,0
4BBG,A,349,0
4BBG,A,256,0
4BBG,A,362,0
4BBG,A,247,0
4BBG,A,254,0
4BBG,A,316,0
4BBG,A,327,0
4BBG,A,195,0
4BBG,A,164,0
4BBG,A,152,0
4BBG,A,244,0
4BBG,A,43,0
4BBG,A,53,0
4BBG,A,184,0
4BBG,A,183,0
4BBG,A,193,0
4BBG,A,149,0
4BBG,A,250,0
4BBG,A,318,0
4BBG,A,329,0
4BBG,A,359,0
4BBG,A,243,0
4BBG,A,307,0
4BBG,A,189,0
4BBG,A,155,0
4BBG,A,60,0
4BBG,A,57,0
4BBG,A,338,0
4BBG,A,54,0
4BBG,A,157,0
4BBG,A,37,0
4BBG,A,324,0
4BBG,A,186,0
4BBG,A,89,0
4BBG,A,334,0
4BBG,A,348,0
4BBG,A,28,0
4BBG,A,350,0
4BBG,A,106,0
4BBG,A,358,0
4BBG,A,163,0
4BBG,A,65,0
4BBG,A,67,0
4BBG,A,91,0
4BBG,A,145,0
4BBG,A,356,0
4BBG,A,153,0
4BBG,A,366,0
4BBG,A,76,0
4BBG,A,288,0
4BBG,A,48,0
4BBG,A,97,0
4BBG,A,242,0
4BBG,A,105,0
4BBG,A,301,0
4BBG,A,344,0
4BBG,A,337,0
3CEH,A,191,1
3CEH,A,75,1
3CEH,A,68,1
3CEH,A,192,1
3CEH,B,45,1
3CEH,B,39,1
3CEH,B,41,1
3CEH,A,240,1
3CEH,A,227,1
3CEH,B,44,1
3CEH,A,67,1
3CEH,A,71,1
3CEH,B,40,1
3CEH,B,42,1
3CEH,A,72,1
3CEH,A,193,1
3CEH,B,544,0
3CEH,B,241,0
3CEH,B,281,0
3CEH,B,650,0
3CEH,A,649,0
3CEH,B,29,0
3CEH,A,763,0
3CEH,B,358,0
3CEH,B,220,0
3CEH,B,189,0
3CEH,A,594,0
3CEH,B,520,0
3CEH,B,62,0
3CEH,B,187,0
3CEH,A,130,0
3CEH,A,405,0
3CEH,B,366,0
3CEH,A,536,0
3CEH,B,486,0
3CEH,A,100,0
3CEH,A,139,0
3CEH,B,420,0
3CEH,B,193,0
3CEH,A,298,0
3CEH,B,267,0
3CEH,B,72,0
3CEH,B,384,0
3CEH,A,722,0
3CEH,B,776,0
3CEH,A,516,0
3CEH,A,692,0
3CEH,B,67,0
3CEH,A,466,0
3CEH,A,201,0
3CEH,A,399,0
3CEH,B,626,0
3CEH,B,291,0
3CEH,B,484,0
3CEH,B,168,0
3CEH,B,63,0
3CEH,A,306,0
3CEH,B,56,0
3CEH,A,636,0
3CEH,A,284,0
3CEH,A,55,0
3CEH,B,230,0
3CEH,B,495,0
3CEH,A,761,0
1EM6,B,60,1
1EM6,A,64,1
1EM6,A,40,1
1EM6,B,192,1
1EM6,A,60,1
1EM6,B,63,1
1EM6,B,228,1
1EM6,B,227,1
1EM6,B,187,1
1EM6,B,61,1
1EM6,B,37,1
1EM6,A,192,1
1EM6,A,63,1
1EM6,B,57,1
1EM6,A,228,1
1EM6,B,64,1
1EM6,A,227,1
1EM6,A,61,1
1EM6,A,37,1
1EM6,A,187,1
1EM6,A,57,1
1EM6,B,189,1
1EM6,B,191,1
1EM6,B,39,1
1EM6,B,190,1
1EM6,B,188,1
1EM6,A,189,1
1EM6,B,38,1
1EM6,A,191,1
1EM6,A,190,1
1EM6,A,39,1
1EM6,B,67,1
1EM6,B,229,1
1EM6,A,188,1
1EM6,A,38,1
1EM6,A,67,1
1EM6,A,229,1
1EM6,B,40,1
1EM6,B,688,0
1EM6,B,330,0
1EM6,B,707,0
1EM6,A,769,0
1EM6,A,458,0
1EM6,A,625,0
1EM6,B,817,0
1EM6,B,359,0
1EM6,A,473,0
1EM6,A,74,0
1EM6,A,439,0
1EM6,B,640,0
1EM6,A,210,0
1EM6,A,714,0
1EM6,A,136,0
1EM6,A,222,0
1EM6,B,427,0
1EM6,B,86,0
1EM6,A,205,0
1EM6,A,707,0
1EM6,A,365,0
1EM6,B,764,0
1EM6,B,734,0
1EM6,B,108,0
1EM6,B,498,0
1EM6,B,512,0
1EM6,B,211,0
1EM6,B,758,0
1EM6,A,377,0
1EM6,B,657,0
1EM6,B,448,0
1EM6,B,600,0
1EM6,A,811,0
1EM6,A,273,0
1EM6,B,375,0
1EM6,B,689,0
1EM6,A,735,0
1EM6,A,174,0
1EM6,A,270,0
1EM6,B,683,0
1EM6,B,177,0
1EM6,B,544,0
1EM6,B,671,0
1EM6,A,364,0
1EM6,A,621,0
1EM6,A,513,0
1EM6,A,717,0
1EM6,A,666,0
1EM6,A,86,0
1EM6,B,458,0
1EM6,B,735,0
1EM6,A,176,0
1EM6,B,510,0
1EM6,A,797,0
1EM6,B,411,0
1EM6,B,462,0
1EM6,A,830,0
1EM6,A,266,0
1EM6,B,447,0
1EM6,A,179,0
1EM6,A,783,0
1EM6,A,450,0
1EM6,B,331,0
1EM6,A,459,0
1EM6,A,678,0
1EM6,A,499,0
1EM6,B,80,0
1EM6,B,207,0
1EM6,A,519,0
1EM6,B,345,0
1EM6,B,496,0
1EM6,A,307,0
1EM6,B,616,0
1EM6,B,520,0
1EM6,A,708,0
1EM6,B,281,0
1EM6,A,496,0
1EM6,B,733,0
1EM6,B,368,0
1EM6,B,377,0
1EM6,B,146,0
1EM6,A,546,0
1EM6,A,556,0
1EM6,A,356,0
1EM6,B,351,0
1EM6,B,777,0
1EM6,B,399,0
1EM6,B,76,0
1EM6,A,731,0
1EM6,B,473,0
1EM6,A,610,0
1EM6,A,502,0
1EM6,B,722,0
1EM6,A,721,0
1EM6,B,676,0
1EM6,B,589,0
1EM6,A,267,0
1EM6,A,166,0
1EM6,B,665,0
1EM6,A,387,0
1EM6,A,305,0
1EM6,B,755,0
1EM6,B,682,0
1EM6,A,138,0
1EM6,A,576,0
1EM6,B,737,0
1EM6,B,606,0
1EM6,B,646,0
1EM6,B,324,0
1EM6,A,422,0
1EM6,A,407,0
1EM6,A,207,0
1EM6,B,470,0
1EM6,A,584,0
3DD1,A,614,1
3DD1,A,616,1
3DD1,A,612,1
3DD1,A,283,1
3DD1,A,287,1
3DD1,A,611,1
3DD1,A,281,1
3DD1,A,770,1
3DD1,A,285,1
3DD1,A,572,1
3DD1,A,284,1
3DD1,A,282,1
3DD1,A,382,1
3DD1,A,610,1
3DD1,A,613,1
3DD1,A,380,1
3DD1,A,573,1
3DD1,A,571,1
3DD1,A,615,1
3DD1,A,570,1
3DD1,A,337,0
3DD1,B,666,0
3DD1,A,393,0
3DD1,A,66,0
3DD1,A,676,0
3DD1,B,771,0
3DD1,A,36,0
3DD1,B,816,0
3DD1,A,53,0
3DD1,B,348,0
3DD1,B,485,0
3DD1,B,473,0
3DD1,B,818,0
3DD1,B,195,0
3DD1,B,286,0
3DD1,A,451,0
3DD1,A,81,0
3DD1,B,541,0
3DD1,B,45,0
3DD1,B,457,0
3DD1,A,24,0
3DD1,B,97,0
3DD1,A,161,0
3DD1,B,585,0
3DD1,B,374,0
3DD1,A,636,0
3DD1,B,104,0
3DD1,B,333,0
3DD1,B,81,0
3DD1,B,707,0
3DD1,A,780,0
3DD1,B,468,0
3DD1,B,164,0
3DD1,B,571,0
3DD1,A,459,0
3DD1,B,342,0
3DD1,B,201,0
3DD1,B,557,0
3DD1,A,116,0
3DD1,A,28,0
3DD1,A,389,0
3DD1,B,516,0
3DD1,A,752,0
3DD1,B,35,0
3DD1,B,492,0
3DD1,A,126,0
3DD1,B,501,0
3DD1,A,83,0
3DD1,B,96,0
3DD1,A,486,0
3DD1,B,420,0
3DD1,A,830,0
3DD1,B,141,0
3DD1,B,43,0
3DD1,A,503,0
3DD1,A,274,0
3DD1,A,828,0
3DD1,B,145,0
3DD1,B,482,0
3DD1,A,196,0
3IFA,A,177,1
3IFA,A,31,1
3IFA,A,179,1
3IFA,A,17,1
3IFA,A,113,1
3IFA,A,20,1
3IFA,A,29,1
3IFA,A,30,1
3IFA,A,160,1
3IFA,A,27,1
3IFA,A,28,1
3IFA,A,26,1
3IFA,A,24,1
3IFA,A,34,1
3IFA,A,140,1
3IFA,A,21,1
3IFA,A,18,1
3IFA,A,112,1
3IFA,B,330,0
3IFA,C,225,0
3IFA,B,50,0
3IFA,C,18,0
3IFA,D,43,0
3IFA,C,86,0
3IFA,D,125,0
3IFA,B,169,0
3IFA,D,247,0
3IFA,A,277,0
3IFA,A,99,0
3IFA,C,313,0
3IFA,C,31,0
3IFA,C,49,0
3IFA,A,198,0
3IFA,B,298,0
3IFA,C,62,0
3IFA,B,175,0
3IFA,A,320,0
3IFA,C,326,0
3IFA,D,35,0
3IFA,A,45,0
3IFA,B,194,0
3IFA,C,187,0
3IFA,D,146,0
3IFA,D,80,0
3IFA,C,97,0
3IFA,D,273,0
3IFA,D,189,0
3IFA,B,244,0
3IFA,D,135,0
3IFA,B,191,0
3IFA,B,132,0
3IFA,C,298,0
3IFA,A,135,0
3IFA,B,285,0
3IFA,C,257,0
3IFA,C,224,0
3IFA,D,312,0
3IFA,A,301,0
3IFA,D,232,0
3IFA,D,163,0
3IFA,D,143,0
3IFA,D,121,0
3IFA,A,205,0
3IFA,C,328,0
3IFA,C,75,0
3IFA,B,234,0
3IFA,C,191,0
3IFA,D,29,0
3IFA,C,133,0
3IFA,A,197,0
3IFA,C,292,0
3IFA,C,243,0
2JJK,C,113,1
2JJK,A,31,1
2JJK,C,27,1
2JJK,C,18,1
2JJK,A,32,1
2JJK,A,113,1
2JJK,C,21,1
2JJK,A,27,1
2JJK,A,18,1
2JJK,A,21,1
2JJK,C,175,1
2JJK,C,20,1
2JJK,A,175,1
2JJK,A,20,1
2JJK,C,177,1
2JJK,C,25,1
2JJK,C,30,1
2JJK,A,177,1
2JJK,A,25,1
2JJK,C,28,1
2JJK,C,24,1
2JJK,C,112,1
2JJK,A,30,1
2JJK,C,19,1
2JJK,A,28,1
2JJK,A,24,1
2JJK,C,17,1
2JJK,A,140,1
2JJK,A,19,1
2JJK,C,29,1
2JJK,C,22,1
2JJK,A,17,1
2JJK,C,26,1
2JJK,A,16,1
2JJK,A,22,1
2JJK,C,34,1
2JJK,A,29,1
2JJK,A,26,1
2JJK,A,34,1
2JJK,C,31,1
2JJK,C,32,1
2JJK,B,47,0
2JJK,A,70,0
2JJK,B,25,0
2JJK,A,277,0
2JJK,C,150,0
2JJK,B,259,0
2JJK,B,326,0
2JJK,B,89,0
2JJK,D,40,0
2JJK,B,331,0
2JJK,C,265,0
2JJK,C,120,0
2JJK,C,52,0
2JJK,D,54,0
2JJK,D,332,0
2JJK,B,183,0
2JJK,B,91,0
2JJK,A,120,0
2JJK,A,271,0
2JJK,D,23,0
2JJK,B,84,0
2JJK,D,31,0
2JJK,A,234,0
2JJK,C,186,0
2JJK,D,27,0
2JJK,B,226,0
2JJK,D,142,0
2JJK,D,143,0
2JJK,A,327,0
2JJK,D,279,0
2JJK,D,252,0
2JJK,A,122,0
2JJK,D,106,0
2JJK,B,299,0
2JJK,C,233,0
2JJK,B,191,0
2JJK,B,275,0
2JJK,D,310,0
2JJK,D,259,0
2JJK,D,34,0
2JJK,B,115,0
2JJK,D,9,0
2JJK,B,261,0
2JJK,A,236,0
2JJK,D,293,0
2JJK,C,42,0
2JJK,C,216,0
2JJK,C,50,0
2JJK,D,122,0
2JJK,C,314,0
2JJK,C,130,0
2JJK,B,90,0
2JJK,A,102,0
2JJK,B,78,0
2JJK,B,57,0
2JJK,B,294,0
2JJK,D,217,0
2JJK,D,244,0
2JJK,D,245,0
2JJK,A,334,0
2JJK,B,282,0
2JJK,A,148,0
2JJK,A,292,0
2JJK,D,309,0
2JJK,B,258,0
2JJK,C,308,0
2JJK,D,303,0
2JJK,A,134,0
2JJK,B,54,0
2JJK,B,229,0
2JJK,B,59,0
2JJK,D,312,0
2JJK,A,166,0
2JJK,B,231,0
2JJK,B,108,0
2JJK,D,141,0
2JJK,D,172,0
2JJK,C,231,0
2JJK,D,286,0
2JJK,C,148,0
2JJK,B,144,0
2JJK,A,42,0
2JJK,B,205,0
2JJK,A,153,0
2JJK,B,118,0
2JJK,B,109,0
2JJK,C,249,0
2JJK,B,102,0
2JJK,B,221,0
2JJK,B,235,0
2JJK,B,246,0
2JJK,D,298,0
2JJK,D,305,0
2JJK,A,310,0
2JJK,C,310,0
2JJK,D,59,0
2JJK,D,76,0
2JJK,B,20,0
2JJK,C,210,0
2JJK,A,83,0
2JJK,A,312,0
2JJK,B,165,0
2JJK,D,250,0
2JJK,A,131,0
2JJK,A,249,0
2JJK,A,119,0
2JJK,C,72,0
2JJK,B,111,0
2JJK,C,41,0
2JJK,C,78,0
2JJK,B,13,0
2JJK,D,226,0
2JJK,B,270,0
2JJK,B,43,0
2JJK,B,295,0
2JJK,A,98,0
2JJK,C,156,0
2JJK,D,61,0
2JJK,D,328,0
2JJK,C,44,0
2JJK,A,77,0
2JJK,A,276,0
2JJK,D,121,0
3F9N,A,229,1
3F9N,A,99,1
3F9N,A,207,1
3F9N,A,209,1
3F9N,A,206,1
3F9N,A,96,1
3F9N,A,217,1
3F9N,A,200,1
3F9N,A,170,1
3F9N,A,205,1
3F9N,A,233,1
3F9N,A,208,1
3F9N,A,173,1
3F9N,A,93,1
3F9N,A,134,1
3F9N,A,133,1
3F9N,A,230,1
3F9N,A,203,1
3F9N,A,172,1
3F9N,A,98,1
3F9N,A,204,1
3F9N,A,177,0
3F9N,A,179,0
3F9N,A,158,0
3F9N,A,111,0
3F9N,A,182,0
3F9N,A,157,0
3F9N,A,58,0
3F9N,A,55,0
3F9N,A,15,0
3F9N,A,25,0
3F9N,A,114,0
3F9N,A,110,0
3F9N,A,83,0
3F9N,A,249,0
3F9N,A,117,0
3F9N,A,152,0
3F9N,A,262,0
3F9N,A,75,0
3F9N,A,252,0
3F9N,A,105,0
3F9N,A,71,0
3F9N,A,12,0
3F9N,A,153,0
3F9N,A,30,0
3F9N,A,240,0
3F9N,A,186,0
3F9N,A,122,0
3F9N,A,62,0
3F9N,A,53,0
3F9N,A,60,0
3F9N,A,156,0
3F9N,A,150,0
3F9N,A,81,0
3F9N,A,11,0
3F9N,A,144,0
3F9N,A,21,0
3F9N,A,38,0
3F9N,A,14,0
3F9N,A,78,0
3F9N,A,165,0
3F9N,A,63,0
3F9N,A,59,0
3F9N,A,149,0
3F9N,A,141,0
3F9N,A,125,0
3F9N,A,16,0
3F9N,A,52,0
3F9N,A,89,0
3F9N,A,88,0
3F9N,A,33,0
3F9N,A,7,0
3F9N,A,180,0
3F9N,A,9,0
3F9N,A,254,0
3F9N,A,140,0
3F9N,A,250,0
3F9N,A,128,0
3F9N,A,74,0
3F9N,A,61,0
3F9N,A,108,0
3F9N,A,115,0
3F9N,A,267,0
3F9N,A,244,0
4G8O,D,177,1
4G8O,D,178,1
4G8O,D,231,1
4G8O,D,208,1
4G8O,D,273,1
4G8O,D,234,1
4G8O,D,225,1
4G8O,D,204,1
4G8O,D,226,1
4G8O,D,207,1
4G8O,D,209,1
4G8O,D,365,1
4G8O,D,179,1
4G8O,D,175,1
4G8O,D,268,1
4G8O,D,206,1
4G8O,D,176,1
4G8O,D,227,1
4G8O,D,228,1
4G8O,D,109,0
4G8O,A,72,0
4G8O,C,347,0
4G8O,C,15,0
4G8O,B,370,0
4G8O,D,26,0
4G8O,D,102,0
4G8O,C,165,0
4G8O,B,92,0
4G8O,C,349,0
4G8O,C,180,0
4G8O,D,8,0
4G8O,B,264,0
4G8O,C,188,0
4G8O,B,351,0
4G8O,B,59,0
4G8O,D,169,0
4G8O,D,241,0
4G8O,C,269,0
4G8O,C,160,0
4G8O,C,378,0
4G8O,A,40,0
4G8O,C,360,0
4G8O,A,240,0
4G8O,A,124,0
4G8O,B,84,0
4G8O,A,289,0
4G8O,C,230,0
4G8O,D,280,0
4G8O,B,108,0
4G8O,C,134,0
4G8O,A,93,0
4G8O,C,163,0
4G8O,A,101,0
4G8O,A,75,0
4G8O,A,361,0
4G8O,B,312,0
4G8O,B,219,0
4G8O,B,298,0
4G8O,B,321,0
4G8O,C,253,0
4G8O,A,14,0
4G8O,C,274,0
4G8O,A,141,0
4G8O,A,67,0
4G8O,D,138,0
4G8O,A,355,0
4G8O,D,297,0
4G8O,B,353,0
4G8O,A,356,0
4G8O,B,197,0
4G8O,B,243,0
4G8O,D,189,0
4G8O,C,221,0
4G8O,A,13,0
4G8O,B,259,0
4G8O,C,200,0
4HSG,A,422,1
4HSG,A,389,1
4HSG,A,466,1
4HSG,A,428,1
4HSG,A,392,1
4HSG,A,393,1
4HSG,A,420,1
4HSG,A,424,1
4HSG,A,467,1
4HSG,A,387,1
4HSG,A,501,1
4HSG,A,503,1
4HSG,A,396,1
4HSG,A,292,0
4HSG,A,448,0
4HSG,A,270,0
4HSG,A,259,0
4HSG,A,473,0
4HSG,A,358,0
4HSG,A,495,0
4HSG,A,335,0
4HSG,A,449,0
4HSG,A,518,0
4HSG,A,320,0
4HSG,A,481,0
4HSG,A,286,0
4HSG,A,403,0
4HSG,A,437,0
4HSG,A,267,0
4HSG,A,284,0
4HSG,A,339,0
4HSG,A,304,0
4HSG,A,311,0
4HSG,A,348,0
4HSG,A,333,0
4HSG,A,303,0
4HSG,A,531,0
4HSG,A,308,0
4HSG,A,374,0
4HSG,A,457,0
4HSG,A,535,0
4HSG,A,453,0
4HSG,A,373,0
4HSG,A,520,0
4HSG,A,378,0
4HSG,A,383,0
4HSG,A,349,0
4HSG,A,456,0
4HSG,A,460,0
4HSG,A,542,0
4HSG,A,534,0
4HSG,A,296,0
1T49,A,193,1
1T49,A,276,1
1T49,A,196,1
1T49,A,197,1
1T49,A,188,1
1T49,A,282,1
1T49,A,192,1
1T49,A,200,1
1T49,A,279,1
1T49,A,277,1
1T49,A,278,1
1T49,A,232,1
1T49,A,281,1
1T49,A,189,1
1T49,A,195,1
1T49,A,280,1
1T49,A,187,1
1T49,A,58,0
1T49,A,140,0
1T49,A,75,0
1T49,A,132,0
1T49,A,12,0
1T49,A,239,0
1T49,A,110,0
1T49,A,20,0
1T49,A,32,0
1T49,A,124,0
1T49,A,22,0
1T49,A,39,0
1T49,A,159,0
1T49,A,35,0
1T49,A,135,0
1T49,A,114,0
1T49,A,256,0
1T49,A,250,0
1T49,A,238,0
1T49,A,96,0
1T49,A,150,0
1T49,A,55,0
1T49,A,8,0
1T49,A,122,0
1T49,A,48,0
1T49,A,129,0
1T49,A,9,0
1T49,A,259,0
1T49,A,210,0
1T49,A,64,0
1T49,A,178,0
1T49,A,102,0
1T49,A,70,0
1T49,A,81,0
1T49,A,33,0
1T49,A,49,0
1T49,A,260,0
1T49,A,263,0
1T49,A,47,0
1T49,A,10,0
1T49,A,2,0
1T49,A,138,0
1T49,A,6,0
1T49,A,172,0
1T49,A,126,0
1T49,A,128,0
1T49,A,91,0
1T49,A,51,0
1T49,A,59,0
1T49,A,151,0
1T49,A,262,0
2BXA,A,290,1
2BXA,A,199,1
2BXA,A,260,1
2BXA,A,292,1
2BXA,A,287,1
2BXA,A,219,1
2BXA,A,214,1
2BXA,A,264,1
2BXA,A,242,1
2BXA,A,222,1
2BXA,A,238,1
2BXA,A,257,1
2BXA,A,261,1
2BXA,A,291,1
2BXA,A,150,1
2BXA,A,241,1
2BXA,A,293,1
2BXA,A,218,1
2BXA,A,234,1
2BXA,A,195,1
2BXA,A,223,1
2BXA,A,271,1
2BXA,A,436,0
2BXA,A,321,0
2BXA,A,460,0
2BXA,A,31,0
2BXA,A,174,0
2BXA,A,569,0
2BXA,A,167,0
2BXA,A,577,0
2BXA,A,441,0
2BXA,A,396,0
2BXA,A,576,0
2BXA,A,400,0
2BXA,A,375,0
2BXA,A,319,0
2BXA,A,443,0
2BXA,A,95,0
2BXA,A,372,0
2BXA,A,107,0
2BXA,A,481,0
2BXA,A,445,0
2BXA,A,471,0
2BXA,A,78,0
2BXA,A,484,0
2BXA,A,520,0
2BXA,A,111,0
2BXA,A,77,0
2BXA,A,521,0
2BXA,A,165,0
2BXA,A,541,0
2BXA,A,301,0
2BXA,A,487,0
2BXA,A,508,0
2BXA,A,338,0
2BXA,A,59,0
2BXA,A,457,0
2BXA,A,422,0
2BXA,A,370,0
2BXA,A,69,0
2BXA,A,518,0
2BXA,A,379,0
2BXA,A,575,0
2BXA,A,54,0
2BXA,A,505,0
2BXA,A,330,0
2BXA,A,306,0
2BXA,A,181,0
2BXA,A,514,0
2BXA,A,414,0
2BXA,A,303,0
2BXA,A,27,0
2BXA,A,485,0
2BXA,A,129,0
2BXA,A,472,0
2BXA,A,359,0
2BXA,A,411,0
2BXA,A,572,0
2BXA,A,161,0
2BXA,A,405,0
2BXA,A,328,0
2BXA,A,528,0
2BXA,A,317,0
2BXA,A,64,0
2BXA,A,425,0
2BXA,A,391,0
2BXA,A,499,0
2BXA,A,447,0
3LU6,A,328,1
3LU6,A,348,1
3LU6,A,331,1
3LU6,A,216,1
3LU6,A,209,1
3LU6,A,235,1
3LU6,A,206,1
3LU6,A,212,1
3LU6,A,347,1
3LU6,A,228,1
3LU6,A,351,1
3LU6,A,346,1
3LU6,A,213,1
3LU6,A,350,1
3LU6,A,231,1
3LU6,A,232,1
3LU6,A,324,1
3LU6,A,210,1
3LU6,A,482,1
3LU6,A,327,1
3LU6,A,354,1
3LU6,A,325,1
3LU6,A,323,1
3LU6,A,175,0
3LU6,A,174,0
3LU6,A,580,0
3LU6,A,418,0
3LU6,A,510,0
3LU6,A,258,0
3LU6,A,312,0
3LU6,A,265,0
3LU6,A,47,0
3LU6,A,498,0
3LU6,A,52,0
3LU6,A,130,0
3LU6,A,415,0
3LU6,A,93,0
3LU6,A,102,0
3LU6,A,92,0
3LU6,A,569,0
3LU6,A,193,0
3LU6,A,48,0
3LU6,A,413,0
3LU6,A,443,0
3LU6,A,389,0
3LU6,A,43,0
3LU6,A,424,0
3LU6,A,430,0
3LU6,A,114,0
3LU6,A,111,0
3LU6,A,458,0
3LU6,A,144,0
3LU6,A,296,0
3LU6,A,138,0
3LU6,A,259,0
3LU6,A,276,0
3LU6,A,372,0
3LU6,A,132,0
3LU6,A,541,0
3LU6,A,369,0
3LU6,A,173,0
3LU6,A,278,0
3LU6,A,279,0
3LU6,A,27,0
3LU6,A,244,0
3LU6,A,74,0
3LU6,A,293,0
3LU6,A,491,0
3LU6,A,128,0
3LU6,A,360,0
3LU6,A,558,0
3LU6,A,287,0
3LU6,A,269,0
3LU6,A,275,0
3LU6,A,493,0
3LU6,A,163,0
3LU6,A,535,0
3LU6,A,438,0
3LU6,A,425,0
3LU6,A,141,0
3LU6,A,182,0
3LU6,A,497,0
3LU6,A,290,0
3LU6,A,376,0
3LU6,A,186,0
3LU6,A,50,0
3LU6,A,157,0
3LU6,A,165,0
3LU6,A,77,0
3LU6,A,54,0
3LU6,A,564,0
3LU6,A,571,0
1NSG,A,56,1
1NSG,B,2102,1
1NSG,B,2040,1
1NSG,B,2032,1
1NSG,A,54,1
1NSG,A,42,1
1NSG,A,99,1
1NSG,B,2098,1
1NSG,B,2104,1
1NSG,B,2036,1
1NSG,A,36,1
1NSG,B,2101,1
1NSG,A,91,1
1NSG,A,47,1
1NSG,B,2105,1
1NSG,B,2028,1
1NSG,A,48,1
1NSG,A,37,1
1NSG,B,2033,1
1NSG,A,57,1
1NSG,A,59,1
1NSG,B,2099,1
1NSG,B,2041,1
1NSG,B,2031,1
1NSG,A,28,1
1NSG,A,24,1
1NSG,A,82,1
1NSG,B,2108,1
1NSG,B,2035,1
1NSG,A,53,1
1NSG,A,97,1
1NSG,A,87,1
1NSG,A,46,1
1NSG,A,26,1
1NSG,A,55,1
1NSG,B,2039,1
1NSG,A,90,1
1NSG,A,14,0
1NSG,B,2048,0
1NSG,B,2021,0
1NSG,B,2067,0
1NSG,A,13,0
1NSG,B,2052,0
1NSG,B,2090,0
1NSG,B,2065,0
1NSG,B,2070,0
1NSG,B,2089,0
1NSG,B,2049,0
1NSG,B,2045,0
1NSG,B,2066,0
1NSG,B,2063,0
1NSG,A,67,0
1NSG,A,12,0
1NSG,B,2072,0
1NSG,B,2079,0
1NSG,A,6,0
1NSG,A,10,0
1NSG,A,17,0
1NSG,B,2059,0
1NSG,B,2064,0
1NSG,A,15,0
1NSG,B,2053,0
1NSG,A,8,0
1NSG,A,18,0
1NSG,B,2062,0
1NSG,A,3,0
1NSG,B,2086,0
1NSG,B,2057,0
1NSG,B,2073,0
1NSG,B,2087,0
1NSG,B,2068,0
1NSG,B,2075,0
1NSG,B,2061,0
1NSG,B,2019,0
1NSG,B,2069,0
1NSG,B,2076,0
1NSG,A,66,0
1NSG,A,5,0
1NSG,B,2091,0
1NSG,B,2092,0
1NSG,B,2060,0
1NSG,B,2020,0
1NSG,B,2071,0
1NSG,A,7,0
1NSG,B,2056,0
1NSG,A,16,0
1NSG,B,2055,0
1NSG,B,2058,0
1NSG,A,11,0
1NSG,A,65,0
1NSG,A,9,0
4DLR,A,68,1
4DLR,A,95,1
4DLR,A,96,1
4DLR,A,88,1
4DLR,A,99,1
4DLR,A,92,1
4DLR,A,93,1
4DLR,A,102,1
4DLR,A,72,1
4DLR,A,98,1
4DLR,A,11,1
4DLR,A,50,0
4DLR,A,155,0
4DLR,A,143,0
4DLR,A,121,0
4DLR,A,114,0
4DLR,A,135,0
4DLR,A,163,0
4DLR,A,17,0
4DLR,A,1,0
4DLR,A,128,0
4DLR,A,27,0
4DLR,A,131,0
4DLR,A,39,0
4DLR,A,24,0
4DLR,A,25,0
4DLR,A,52,0
4DLR,A,122,0
4DLR,A,118,0
4DLR,A,159,0
4DLR,A,63,0
4DLR,A,3,0
4DLR,A,28,0
4DLR,A,108,0
4DLR,A,42,0
4DLR,A,20,0
4DLR,A,151,0
4DLR,A,153,0
4DLR,A,132,0
4DLR,A,139,0
4DLR,A,157,0
4DLR,A,4,0
4DLR,A,120,0
4DLR,A,54,0
4EBW,A,544,1
4EBW,A,483,1
4EBW,A,542,1
4EBW,A,552,1
4EBW,A,537,1
4EBW,A,530,1
4EBW,A,608,1
4EBW,A,611,1
4EBW,A,475,1
4EBW,A,484,1
4EBW,A,562,1
4EBW,A,563,1
4EBW,A,551,1
4EBW,A,478,1
4EBW,A,564,1
4EBW,A,474,1
4EBW,A,607,1
4EBW,A,669,1
4EBW,A,605,1
4EBW,A,549,1
4EBW,A,550,1
4EBW,A,534,1
4EBW,A,604,1
4EBW,A,682,0
4EBW,A,459,0
4EBW,A,492,0
4EBW,A,513,0
4EBW,A,627,0
4EBW,A,419,0
4EBW,A,592,0
4EBW,A,648,0
4EBW,A,630,0
4EBW,A,515,0
4EBW,A,677,0
4EBW,A,416,0
4EBW,A,646,0
4EBW,A,463,0
4EBW,A,656,0
4EBW,A,651,0
4EBW,A,661,0
4EBW,A,452,0
4EBW,A,583,0
4EBW,A,645,0
4EBW,A,637,0
4EBW,A,654,0
4EBW,A,497,0
4EBW,A,455,0
4EBW,A,454,0
4EBW,A,586,0
4EBW,A,633,0
4EBW,A,465,0
4EBW,A,420,0
4EBW,A,450,0
4EBW,A,422,0
4EBW,A,464,0
4EBW,A,649,0
4EBW,A,620,0
4EBW,A,522,0
4EBW,A,640,0
4EBW,A,520,0
4EBW,A,679,0
4EBW,A,461,0
4EBW,A,495,0
4EBW,A,490,0
4EBW,A,516,0
4EBW,A,415,0
4EBW,A,631,0
4EBW,A,647,0
4EBW,A,643,0
4EBW,A,466,0
4EBW,A,628,0
4EBW,A,441,0
4EBW,A,488,0
4EBW,A,595,0
4EBW,A,676,0
4EBW,A,625,0
4EBW,A,664,0
4EBW,A,460,0
4EBW,A,509,0
4EBW,A,524,0
4EBW,A,684,0
4EBW,A,556,0
4EBW,A,634,0
4EBW,A,425,0
4EBW,A,521,0
4EBW,A,418,0
4EBW,A,493,0
4EBW,A,448,0
4EBW,A,458,0
4EBW,A,451,0
4EBW,A,653,0
4EBW,A,598,0
3N1V,F,10,1
3N1V,F,59,1
3N1V,F,239,1
3N1V,F,57,1
3N1V,F,206,1
3N1V,F,344,1
3N1V,F,348,1
3N1V,F,96,1
3N1V,F,63,1
3N1V,F,347,1
3N1V,F,60,1
3N1V,F,205,1
3N1V,F,209,1
3N1V,F,275,0
3N1V,F,247,0
3N1V,F,323,0
3N1V,F,102,0
3N1V,F,137,0
3N1V,F,291,0
3N1V,F,140,0
3N1V,F,42,0
3N1V,F,83,0
3N1V,F,309,0
3N1V,F,194,0
3N1V,F,87,0
3N1V,F,188,0
3N1V,F,192,0
3N1V,F,161,0
3N1V,F,334,0
3N1V,F,18,0
3N1V,F,276,0
3N1V,F,166,0
3N1V,F,41,0
3N1V,F,35,0
3N1V,F,38,0
3N1V,F,327,0
3N1V,F,79,0
3N1V,F,189,0
3N1V,F,130,0
3N1V,F,258,0
3N1V,F,263,0
3N1V,F,147,0
3N1V,F,193,0
3N1V,F,127,0
3N1V,F,224,0
3N1V,F,280,0
3N1V,F,126,0
3N1V,F,22,0
3N1V,F,71,0
3N1V,F,158,0
3N1V,F,47,0
3N1V,F,284,0
3H1V,X,159,1
3H1V,X,452,1
3H1V,X,456,1
3H1V,X,220,1
3H1V,X,210,1
3H1V,X,97,1
3H1V,X,218,1
3H1V,X,98,1
3H1V,X,211,1
3H1V,X,66,1
3H1V,X,62,1
3H1V,X,455,1
3H1V,X,64,1
3H1V,X,201,1
3H1V,X,459,1
3H1V,X,215,1
3H1V,X,214,1
3H1V,X,235,1
3H1V,X,96,1
3H1V,X,451,1
3H1V,X,252,1
3H1V,X,212,1
3H1V,X,63,1
3H1V,X,69,1
3H1V,X,61,1
3H1V,X,250,1
3H1V,X,65,1
3H1V,X,221,1
3H1V,X,174,0
3H1V,X,336,0
3H1V,X,373,0
3H1V,X,362,0
3H1V,X,110,0
3H1V,X,320,0
3H1V,X,383,0
3H1V,X,297,0
3H1V,X,179,0
3H1V,X,128,0
3H1V,X,371,0
3H1V,X,170,0
3H1V,X,348,0
3H1V,X,85,0
3H1V,X,329,0
3H1V,X,181,0
3H1V,X,21,0
3H1V,X,267,0
3H1V,X,346,0
3H1V,X,304,0
3H1V,X,172,0
3H1V,X,298,0
3H1V,X,288,0
3H1V,X,268,0
3H1V,X,197,0
3H1V,X,286,0
3H1V,X,22,0
3H1V,X,400,0
3H1V,X,341,0
3H1V,X,204,0
3H1V,X,133,0
3H1V,X,431,0
3H1V,X,166,0
3H1V,X,272,0
3H1V,X,365,0
3H1V,X,39,0
3H1V,X,287,0
3H1V,X,151,0
3H1V,X,322,0
3H1V,X,139,0
3H1V,X,188,0
3H1V,X,108,0
3H1V,X,410,0
3H1V,X,280,0
3H1V,X,164,0
3H1V,X,126,0
3H1V,X,434,0
3H1V,X,351,0
3H1V,X,177,0
3H1V,X,391,0
3H1V,X,112,0
3H1V,X,150,0
3H1V,X,290,0
3H1V,X,42,0
3H1V,X,101,0
3H1V,X,105,0
3H1V,X,243,0
3H1V,X,109,0
3H1V,X,399,0
3H1V,X,15,0
3H1V,X,387,0
3H1V,X,345,0
3H1V,X,31,0
3H1V,X,381,0
3H1V,X,364,0
3H1V,X,283,0
3H1V,X,20,0
3H1V,X,344,0
3H1V,X,19,0
3H1V,X,134,0
3H1V,X,118,0
3H1V,X,154,0
3H1V,X,425,0
3H1V,X,306,0
3H1V,X,195,0
3H1V,X,340,0
3H1V,X,226,0
3H1V,X,49,0
3H1V,X,122,0
3H1V,X,189,0
3H1V,X,72,0
3H1V,X,370,0
3H1V,X,377,0
3H1V,X,378,0
2D5Z,C,103,1
2D5Z,C,127,1
2D5Z,C,99,1
2D5Z,C,36,1
2D5Z,C,96,1
2D5Z,A,141,1
2D5Z,D,101,1
2D5Z,A,96,1
2D5Z,D,108,1
2D5Z,C,130,1
2D5Z,A,95,1
2D5Z,C,126,1
2D5Z,C,100,1
2D5Z,A,138,1
2D5Z,D,35,1
2D5Z,A,140,1
2D5Z,D,36,1
2D5Z,A,94,1
2D5Z,D,131,1
2D5Z,D,105,1
2D5Z,A,137,1
2D5Z,D,37,1
2D5Z,D,51,0
2D5Z,C,89,0
2D5Z,D,13,0
2D5Z,A,123,0
2D5Z,D,56,0
2D5Z,B,119,0
2D5Z,C,73,0
2D5Z,B,5,0
2D5Z,D,119,0
2D5Z,A,80,0
2D5Z,A,67,0
2D5Z,D,97,0
2D5Z,D,62,0
2D5Z,C,47,0
2D5Z,A,124,0
2D5Z,A,130,0
2D5Z,B,11,0
2D5Z,C,22,0
2D5Z,D,70,0
2D5Z,D,11,0
2D5Z,A,107,0
2D5Z,D,73,0
2D5Z,B,85,0
2D5Z,C,70,0
2D5Z,D,58,0
2D5Z,B,121,0
2D5Z,B,45,0
2D5Z,C,9,0
2D5Z,B,117,0
2D5Z,B,91,0
2D5Z,C,43,0
2D5Z,B,55,0
2D5Z,D,88,0
2D5Z,B,104,0
2D5Z,D,61,0
2D5Z,A,54,0
2D5Z,C,52,0
2D5Z,A,8,0
2D5Z,B,87,0
2D5Z,D,10,0
2D5Z,D,3,0
2D5Z,C,20,0
2D5Z,C,69,0
2D5Z,C,139,0
2D5Z,B,19,0
2D5Z,A,53,0
2D5Z,B,116,0
2D5Z,B,93,0
2D5Z,A,125,0
2D5Z,C,45,0
2D5Z,A,115,0
2D5Z,B,16,0
2D5Z,B,90,0
2D5Z,B,127,0
2D5Z,B,25,0
2D5Z,C,26,0
2D5Z,B,89,0
2D5Z,B,59,0
2D5Z,B,72,0
2D5Z,C,58,0
2D5Z,D,15,0
2D5Z,C,18,0
2D5Z,B,70,0
2D5Z,C,16,0
2D5Z,C,60,0
2D5Z,B,124,0
2O8B,A,676,1
2O8B,A,653,1
2O8B,A,642,1
2O8B,A,649,1
2O8B,A,645,1
2O8B,A,672,1
2O8B,A,815,1
2O8B,A,675,1
2O8B,A,652,1
2O8B,A,813,1
2O8B,A,677,1
2O8B,A,651,1
2O8B,A,678,1
2O8B,A,681,1
2O8B,A,673,1
2O8B,A,648,1
2O8B,A,671,1
2O8B,A,670,1
2O8B,A,674,1
2O8B,A,650,1
2O8B,A,316,0
2O8B,A,1,0
2O8B,B,616,0
2O8B,A,469,0
2O8B,A,228,0
2O8B,A,118,0
2O8B,B,1068,0
2O8B,B,1087,0
2O8B,B,648,0
2O8B,B,1326,0
2O8B,A,664,0
2O8B,B,1116,0
2O8B,A,796,0
2O8B,A,34,0
2O8B,B,904,0
2O8B,B,684,0
2O8B,B,690,0
2O8B,B,553,0
2O8B,A,808,0
2O8B,B,925,0
2O8B,A,64,0
2O8B,B,622,0
2O8B,B,1078,0
2O8B,A,264,0
2O8B,B,660,0
2O8B,B,594,0
2O8B,B,1212,0
2O8B,B,397,0
2O8B,B,913,0
2O8B,A,303,0
2O8B,B,483,0
2O8B,A,431,0
2O8B,B,471,0
2O8B,A,350,0
2O8B,A,359,0
2O8B,A,455,0
2O8B,A,835,0
2O8B,A,191,0
2O8B,A,603,0
2O8B,A,285,0
2O8B,B,436,0
2O8B,B,845,0
2O8B,B,1003,0
2O8B,B,835,0
2O8B,B,373,0
2O8B,A,512,0
2O8B,B,1147,0
2O8B,B,1108,0
2O8B,B,1071,0
2O8B,A,479,0
2O8B,A,75,0
2O8B,A,450,0
2O8B,B,588,0
2O8B,A,514,0
2O8B,B,1155,0
2O8B,B,583,0
2O8B,A,568,0
2O8B,A,31,0
2O8B,B,1250,0
2O8B,B,1008,0
1HKB,A,86,1
1HKB,A,153,1
1HKB,A,209,1
1HKB,A,155,1
1HKB,A,418,1
1HKB,A,91,1
1HKB,A,89,1
1HKB,A,450,1
1HKB,A,414,1
1HKB,A,448,1
1HKB,A,233,1
1HKB,A,449,1
1HKB,A,413,1
1HKB,A,213,1
1HKB,A,415,1
1HKB,A,84,1
1HKB,A,231,1
1HKB,A,173,1
1HKB,A,232,1
1HKB,A,230,1
1HKB,A,416,1
1HKB,A,87,1
1HKB,A,88,1
1HKB,A,229,1
1HKB,B,645,0
1HKB,B,278,0
1HKB,A,544,0
1HKB,A,520,0
1HKB,A,219,0
1HKB,A,659,0
1HKB,B,623,0
1HKB,B,40,0
1HKB,B,756,0
1HKB,A,555,0
1HKB,A,273,0
1HKB,A,902,0
1HKB,B,292,0
1HKB,A,272,0
1HKB,B,653,0
1HKB,B,636,0
1HKB,A,148,0
1HKB,B,420,0
1HKB,B,522,0
1HKB,B,569,0
1HKB,A,759,0
1HKB,A,30,0
1HKB,B,450,0
1HKB,A,401,0
1HKB,A,883,0
1HKB,A,749,0
1HKB,B,453,0
1HKB,A,625,0
1HKB,A,812,0
1HKB,B,745,0
1HKB,A,132,0
1HKB,A,648,0
1HKB,A,339,0
1HKB,B,772,0
1HKB,B,559,0
1HKB,B,269,0
1HKB,A,126,0
1HKB,B,39,0
1HKB,A,480,0
1HKB,B,445,0
1HKB,B,890,0
1HKB,B,681,0
1HKB,B,666,0
1HKB,A,315,0
1HKB,B,754,0
1HKB,B,22,0
1HKB,A,509,0
1HKB,B,418,0
1HKB,B,34,0
1HKB,A,885,0
1HKB,B,570,0
1HKB,A,255,0
1HKB,B,744,0
1HKB,A,816,0
1HKB,B,59,0
1HKB,B,527,0
1HKB,B,241,0
1HKB,A,647,0
1HKB,A,249,0
1HKB,A,146,0
1HKB,B,428,0
1HKB,A,244,0
1HKB,B,774,0
1HKB,B,778,0
1HKB,A,178,0
1HKB,A,824,0
1HKB,A,806,0
1HKB,A,18,0
1HKB,B,617,0
1HKB,A,223,0
1HKB,A,840,0
1HKB,B,490,0
4E6C,A,259,1
4E6C,A,191,1
4E6C,A,196,1
4E6C,A,198,1
4E6C,A,251,1
4E6C,A,252,1
4E6C,A,192,1
4E6C,A,255,1
4E6C,A,242,1
4E6C,A,291,1
4E6C,A,232,1
4E6C,A,246,1
4E6C,A,195,1
4E6C,A,250,1
4E6C,A,197,1
4E6C,A,236,1
4E6C,A,133,0
4E6C,A,320,0
4E6C,A,71,0
4E6C,A,311,0
4E6C,A,12,0
4E6C,A,137,0
4E6C,A,62,0
4E6C,A,324,0
4E6C,A,333,0
4E6C,A,92,0
4E6C,A,285,0
4E6C,A,10,0
4E6C,A,118,0
4E6C,A,144,0
4E6C,A,18,0
4E6C,A,153,0
4E6C,A,14,0
4E6C,A,45,0
4E6C,A,297,0
4E6C,A,21,0
4E6C,A,121,0
4E6C,A,93,0
4E6C,A,116,0
4E6C,A,346,0
4E6C,A,106,0
4E6C,A,97,0
4E6C,A,126,0
4E6C,A,110,0
4E6C,A,316,0
4E6C,A,275,0
4E6C,A,95,0
4E6C,A,99,0
4E6C,A,78,0
4E6C,A,214,0
4E6C,A,272,0
4E6C,A,149,0
4E6C,A,53,0
4E6C,A,44,0
4E6C,A,318,0
4E6C,A,89,0
4E6C,A,309,0
4E6C,A,270,0
4E6C,A,206,0
4E6C,A,325,0
4E6C,A,299,0
4E6C,A,341,0
4E6C,A,130,0
4E6C,A,108,0
3HNC,B,287,1
3HNC,A,226,1
3HNC,A,269,1
3HNC,B,243,1
3HNC,A,262,1
3HNC,A,270,1
3HNC,B,285,1
3HNC,A,264,1
3HNC,A,228,1
3HNC,A,227,1
3HNC,A,256,1
3HNC,B,288,1
3HNC,A,231,1
3HNC,A,275,1
3HNC,A,255,1
3HNC,A,265,1
3HNC,A,261,1
3HNC,B,286,1
3HNC,A,263,1
3HNC,B,290,1
3HNC,A,354,1
3HNC,A,229,1
3HNC,B,289,1
3HNC,A,271,1
3HNC,B,470,0
3HNC,A,578,0
3HNC,B,271,0
3HNC,A,476,0
3HNC,B,679,0
3HNC,A,513,0
3HNC,A,487,0
3HNC,B,492,0
3HNC,A,650,0
3HNC,A,603,0
3HNC,A,309,0
3HNC,A,117,0
3HNC,A,330,0
3HNC,A,91,0
3HNC,A,168,0
3HNC,B,449,0
3HNC,B,574,0
3HNC,B,426,0
3HNC,B,359,0
3HNC,B,235,0
3HNC,B,493,0
3HNC,A,582,0
3HNC,A,23,0
3HNC,B,651,0
3HNC,B,219,0
3HNC,B,145,0
3HNC,A,221,0
3HNC,B,458,0
3HNC,A,561,0
3HNC,A,205,0
3HNC,A,200,0
3HNC,B,70,0
3HNC,B,32,0
3HNC,B,376,0
3HNC,B,709,0
3HNC,B,622,0
3HNC,A,734,0
3HNC,B,421,0
3HNC,A,503,0
3HNC,B,723,0
3HNC,B,148,0
3HNC,B,535,0
3HNC,A,127,0
3HNC,B,297,0
3HNC,A,288,0
3HNC,B,30,0
3HNC,A,668,0
3HNC,B,562,0
3HNC,B,270,0
3HNC,A,475,0
3HNC,B,162,0
3HNC,A,204,0
3HNC,B,216,0
3HNC,A,623,0
3HNC,B,509,0
3HNC,B,367,0
3HNC,A,129,0
3HNC,A,15,0
3HNC,A,634,0
3HNC,A,698,0
3HNC,B,302,0
3HNC,B,139,0
3HNC,A,525,0
3HNC,A,581,0
3HNC,A,203,0
3HNC,A,180,0
3HNC,A,94,0
3HNC,B,37,0
3HNC,B,596,0
3HNC,B,12,0
3HNC,A,410,0
3HNC,A,59,0
2I7P,A,211,1
2I7P,C,248,1
2I7P,C,269,1
2I7P,C,299,1
2I7P,A,207,1
2I7P,C,270,1
2I7P,C,253,1
2I7P,A,209,1
2I7P,C,268,1
2I7P,A,192,1
2I7P,A,212,1
2I7P,C,250,1
2I7P,C,258,1
2I7P,C,341,1
2I7P,A,193,1
2I7P,C,340,1
2I7P,C,295,1
2I7P,A,322,1
2I7P,A,194,1
2I7P,A,138,1
2I7P,C,267,1
2I7P,A,189,1
2I7P,A,210,1
2I7P,C,337,1
2I7P,C,263,1
2I7P,A,191,1
2I7P,C,254,1
2I7P,A,190,1
2I7P,C,266,1
2I7P,A,139,1
2I7P,C,336,1
2I7P,A,195,1
2I7P,B,170,0
2I7P,B,252,0
2I7P,D,303,0
2I7P,C,23,0
2I7P,D,260,0
2I7P,B,92,0
2I7P,C,236,0
2I7P,A,9,0
2I7P,A,336,0
2I7P,C,122,0
2I7P,A,165,0
2I7P,B,292,0
2I7P,D,155,0
2I7P,D,148,0
2I7P,B,263,0
2I7P,A,289,0
2I7P,B,106,0
2I7P,B,203,0
2I7P,C,318,0
2I7P,C,199,0
2I7P,C,154,0
2I7P,A,313,0
2I7P,A,356,0
2I7P,D,337,0
2I7P,B,332,0
2I7P,A,237,0
2I7P,B,119,0
2I7P,C,96,0
2I7P,A,346,0
2I7P,A,79,0
2I7P,A,263,0
2I7P,D,47,0
2I7P,D,268,0
2I7P,A,267,0
2I7P,C,107,0
2I7P,D,120,0
2I7P,C,365,0
2I7P,A,171,0
2I7P,B,266,0
2I7P,B,54,0
2I7P,D,183,0
2I7P,B,96,0
2I7P,B,52,0
2I7P,A,236,0
2I7P,D,266,0
2I7P,C,139,0
2I7P,A,90,0
2I7P,C,156,0
2I7P,B,174,0
2I7P,B,157,0
2I7P,B,124,0
2I7P,C,237,0
2I7P,A,241,0
2I7P,A,296,0
2I7P,B,215,0
2I7P,D,208,0
2I7P,C,214,0
2I7P,D,108,0
2I7P,D,317,0
2I7P,A,124,0
2I7P,B,193,0
2I7P,C,181,0
2I7P,B,9,0
2I7P,C,13,0
2I7P,A,260,0
2I7P,C,210,0
2I7P,B,288,0
2I7P,D,212,0
2I7P,D,207,0
2I7P,D,255,0
2I7P,D,171,0
2I7P,B,198,0
2I7P,B,136,0
2I7P,B,102,0
2I7P,B,73,0
2I7P,B,127,0
2I7P,B,212,0
2I7P,C,280,0
2I7P,C,209,0
2I7P,B,191,0
2I7P,C,75,0
2I7P,B,180,0
2I7P,D,231,0
2I7P,B,356,0
2I7P,D,94,0
2I7P,D,187,0
2I7P,D,173,0
2I7P,D,248,0
2I7P,B,275,0
2I7P,D,194,0
2I7P,B,299,0
2I7P,C,34,0
2I7P,A,182,0
2I7P,C,173,0
2I7P,D,349,0
2I7P,D,46,0
2BU6,A,45,1
2BU6,A,164,1
2BU6,A,31,1
2BU6,A,41,1
2BU6,A,44,1
2BU6,A,163,1
2BU6,A,40,1
2BU6,A,23,1
2BU6,A,21,1
2BU6,A,160,1
2BU6,A,22,1
2BU6,A,27,1
2BU6,A,28,1
2BU6,A,167,1
2BU6,A,161,1
2BU6,A,168,1
2BU6,A,260,0
2BU6,A,267,0
2BU6,A,219,0
2BU6,A,248,0
2BU6,A,148,0
2BU6,A,284,0
2BU6,A,264,0
2BU6,A,145,0
2BU6,A,198,0
2BU6,A,191,0
2BU6,A,210,0
2BU6,A,63,0
2BU6,A,273,0
2BU6,A,338,0
2BU6,A,352,0
2BU6,A,365,0
2BU6,A,65,0
2BU6,A,269,0
2BU6,A,132,0
2BU6,A,339,0
2BU6,A,61,0
2BU6,A,154,0
2BU6,A,381,0
2BU6,A,79,0
2BU6,A,230,0
2BU6,A,341,0
2BU6,A,54,0
2BU6,A,333,0
2BU6,A,85,0
2BU6,A,94,0
2BU6,A,91,0
2BU6,A,233,0
2BU6,A,185,0
2BU6,A,83,0
2BU6,A,86,0
2BU6,A,334,0
2BU6,A,342,0
2BU6,A,221,0
2BU6,A,143,0
2BU6,A,297,0
2BU6,A,220,0
2BU6,A,286,0
2BU6,A,136,0
2BU6,A,227,0
2BU6,A,366,0
2BU6,A,55,0
2BU6,A,343,0
2BU6,A,73,0
2BU7,A,66,1
2BU7,A,376,1
2BU7,A,64,1
2BU7,A,146,1
2BU7,A,63,1
2BU7,A,143,1
2BU7,A,65,1
2BU7,A,147,1
2BU7,A,138,1
2BU7,A,122,1
2BU7,A,70,1
2BU7,A,129,1
2BU7,A,126,1
2BU7,A,72,1
2BU7,A,142,1
2BU7,A,73,1
2BU7,A,374,1
2BU7,A,375,1
2BU7,A,139,1
2BU7,A,125,1
2BU7,A,67,1
2BU7,A,123,1
2BU7,A,51,0
2BU7,A,278,0
2BU7,A,252,0
2BU7,A,159,0
2BU7,A,95,0
2BU7,A,39,0
2BU7,A,167,0
2BU7,A,8,0
2BU7,A,226,0
2BU7,A,81,0
2BU7,A,188,0
2BU7,A,191,0
2BU7,A,193,0
2BU7,A,198,0
2BU7,A,282,0
2BU7,A,10,0
2BU7,A,31,0
2BU7,A,166,0
2BU7,A,290,0
2BU7,A,112,0
2BU7,A,240,0
2BU7,A,276,0
2BU7,A,17,0
2BU7,A,154,0
2BU7,A,169,0
2BU7,A,57,0
2BU7,A,203,0
2BU7,A,209,0
2BU7,A,43,0
2BU7,A,336,0
2BU7,A,275,0
2BU7,A,32,0
2BU7,A,211,0
2BU7,A,288,0
2BU7,A,243,0
2BU7,A,199,0
2BU7,A,41,0
2BU7,A,98,0
2BU7,A,294,0
2BU7,A,381,0
2BU7,A,19,0
2BU7,A,363,0
2BU7,A,200,0
2BU7,A,230,0
2BU7,A,349,0
2BU7,A,362,0
2BU7,A,156,0
2BU7,A,325,0
2BU7,A,36,0
2BU7,A,97,0
2BU7,A,348,0
2BU7,A,354,0
2BU7,A,340,0
2BU7,A,45,0
2BU7,A,47,0
2BU7,A,218,0
2BU7,A,270,0
2BU7,A,247,0
2BU7,A,210,0
2BU7,A,20,0
2BU7,A,351,0
2BU7,A,178,0
2BU7,A,109,0
2BU7,A,163,0
2BU7,A,261,0
2BU7,A,15,0
2BU8,A,83,1
2BU8,A,114,1
2BU8,A,111,1
2BU8,A,115,1
2BU8,A,158,1
2BU8,A,118,1
2BU8,A,80,1
2BU8,A,154,1
2BU8,A,161,1
2BU8,A,112,1
2BU8,A,157,1
2BU8,A,53,1
2BU8,A,30,0
2BU8,A,193,0
2BU8,A,168,0
2BU8,A,195,0
2BU8,A,236,0
2BU8,A,272,0
2BU8,A,129,0
2BU8,A,348,0
2BU8,A,372,0
2BU8,A,135,0
2BU8,A,354,0
2BU8,A,324,0
2BU8,A,341,0
2BU8,A,147,0
2BU8,A,364,0
2BU8,A,8,0
2BU8,A,246,0
2BU8,A,368,0
2BU8,A,206,0
2BU8,A,131,0
2BU8,A,90,0
2BU8,A,350,0
2BU8,A,301,0
2BU8,A,180,0
2BU8,A,340,0
2BU8,A,134,0
2BU8,A,260,0
2BU8,A,184,0
2BU8,A,43,0
2BU8,A,40,0
2BU8,A,248,0
2BU8,A,213,0
2BU8,A,183,0
2BU8,A,98,0
2BU8,A,300,0
2BU8,A,334,0
4C7B,A,199,1
4C7B,A,248,1
4C7B,A,145,1
4C7B,A,158,1
4C7B,A,180,1
4C7B,A,146,1
4C7B,A,155,1
4C7B,A,179,1
4C7B,A,228,1
4C7B,A,176,1
4C7B,A,154,1
4C7B,A,156,1
4C7B,A,149,1
4C7B,A,177,1
4C7B,A,231,1
4C7B,A,173,1
4C7B,A,157,1
4C7B,A,230,1
4C7B,A,171,1
4C7B,A,229,1
4C7B,A,195,1
4C7B,A,264,0
4C7B,A,353,0
4C7B,A,343,0
4C7B,A,126,0
4C7B,A,305,0
4C7B,A,310,0
4C7B,A,140,0
4C7B,A,392,0
4C7B,A,254,0
4C7B,A,129,0
4C7B,A,349,0
4C7B,A,283,0
4C7B,A,288,0
4C7B,A,341,0
4C7B,A,261,0
4C7B,A,383,0
4C7B,A,131,0
4C7B,A,215,0
4C7B,A,374,0
4C7B,A,363,0
4C7B,A,238,0
4C7B,A,315,0
4C7B,A,326,0
4C7B,A,287,0
4C7B,A,387,0
4C7B,A,335,0
4C7B,A,304,0
4C7B,A,333,0
4C7B,A,358,0
4C7B,A,132,0
4C7B,A,237,0
4C7B,A,345,0
4C7B,A,258,0
4C7B,A,214,0
4C7B,A,259,0
4C7B,A,286,0
4C7B,A,344,0
4C7B,A,332,0
4C7B,A,263,0
4C7B,A,221,0
4C7B,A,279,0
4C7B,A,137,0
4C7B,A,313,0
4C7B,A,309,0
4C7B,A,384,0
4C7B,A,243,0
4C7B,A,334,0
4C7B,A,133,0
4C7B,A,269,0
4C7B,A,300,0
4C7B,A,262,0
4C7B,A,312,0
4C7B,A,281,0
4C7B,A,208,0
4C7B,A,280,0
4C7B,A,389,0
4C7B,A,339,0
4C7B,A,139,0
4C7B,A,270,0
4C7B,A,138,0
4C7B,A,385,0
4C7B,A,242,0
4C7B,A,211,0
2ZMF,A,290,1
2ZMF,A,331,1
2ZMF,A,364,1
2ZMF,A,352,1
2ZMF,A,287,1
2ZMF,A,306,1
2ZMF,A,351,1
2ZMF,A,330,1
2ZMF,A,360,1
2ZMF,A,356,1
2ZMF,A,362,1
2ZMF,A,307,1
2ZMF,A,367,1
2ZMF,A,322,1
2ZMF,A,304,1
2ZMF,A,357,1
2ZMF,A,353,1
2ZMF,A,324,1
2ZMF,A,288,1
2ZMF,A,329,1
2ZMF,A,332,1
2ZMF,A,383,1
2ZMF,A,385,1
2ZMF,A,305,1
2ZMF,A,286,1
2ZMF,A,354,1
2ZMF,A,389,0
2ZMF,B,397,0
2ZMF,A,420,0
2ZMF,B,288,0
2ZMF,B,414,0
2ZMF,B,331,0
2ZMF,B,390,0
2ZMF,A,273,0
2ZMF,B,413,0
2ZMF,A,422,0
2ZMF,B,330,0
2ZMF,B,251,0
2ZMF,B,249,0
2ZMF,B,352,0
2ZMF,B,295,0
2ZMF,A,416,0
2ZMF,A,281,0
2ZMF,A,410,0
2ZMF,B,362,0
2ZMF,A,421,0
2ZMF,B,278,0
2ZMF,B,312,0
2ZMF,A,378,0
2ZMF,B,250,0
2ZMF,A,254,0
2ZMF,B,253,0
2ZMF,B,259,0
2ZMF,A,339,0
2ZMF,B,385,0
2ZMF,B,349,0
2ZMF,A,398,0
2ZMF,B,373,0
2ZMF,B,298,0
2ZMF,B,374,0
2ZMF,B,268,0
2ZMF,B,281,0
2ZMF,A,400,0
2ZMF,B,419,0
2ZMF,A,261,0
2ZMF,A,411,0
2ZMF,B,282,0
2ZMF,B,264,0
2ZMF,B,285,0
2ZMF,A,256,0
2ZMF,A,263,0
2ZMF,A,394,0
2ZMF,A,257,0
2ZMF,A,402,0
2ZMF,B,394,0
2ZMF,B,418,0
2ZMF,A,412,0
2ZMF,B,292,0
2ZMF,B,314,0
2ZMF,B,372,0
2ZMF,B,404,0
2ZMF,B,328,0
2ZMF,A,247,0
2ZMF,B,393,0
2ZMF,B,260,0
2ZMF,B,410,0
2ZMF,B,297,0
2ZMF,A,413,0
2ZMF,B,319,0
2ZMF,B,313,0
2ZMF,A,271,0
2ZMF,B,309,0
2ZMF,B,388,0
2ZMF,A,415,0
2ZMF,B,269,0
2ZMF,B,291,0
2ZMF,B,395,0
2ZMF,A,270,0
2ZMF,B,405,0
2ZMF,B,367,0
2ZMF,B,371,0
2ZMF,B,335,0
2ZMF,B,283,0
2ZMF,B,415,0
1Z8D,A,81,1
1Z8D,A,240,1
1Z8D,A,155,1
1Z8D,A,316,1
1Z8D,A,319,1
1Z8D,A,313,1
1Z8D,A,242,1
1Z8D,A,306,1
1Z8D,A,227,1
1Z8D,A,71,1
1Z8D,A,193,1
1Z8D,A,310,1
1Z8D,A,309,1
1Z8D,A,72,1
1Z8D,A,157,1
1Z8D,A,317,1
1Z8D,A,75,1
1Z8D,A,68,1
1Z8D,A,318,1
1Z8D,A,315,1
1Z8D,A,67,1
1Z8D,A,821,0
1Z8D,A,598,0
1Z8D,A,669,0
1Z8D,A,716,0
1Z8D,A,690,0
1Z8D,A,764,0
1Z8D,A,524,0
1Z8D,A,105,0
1Z8D,A,584,0
1Z8D,A,814,0
1Z8D,A,462,0
1Z8D,A,29,0
1Z8D,A,4,0
1Z8D,A,700,0
1Z8D,A,721,0
1Z8D,A,551,0
1Z8D,A,469,0
1Z8D,A,42,0
1Z8D,A,246,0
1Z8D,A,31,0
1Z8D,A,422,0
1Z8D,A,453,0
1Z8D,A,479,0
1Z8D,A,599,0
1Z8D,A,748,0
1Z8D,A,678,0
1Z8D,A,517,0
1Z8D,A,455,0
1Z8D,A,345,0
1Z8D,A,557,0
1Z8D,A,723,0
1Z8D,A,186,0
1Z8D,A,328,0
1Z8D,A,563,0
1Z8D,A,391,0
1Z8D,A,489,0
1Z8D,A,499,0
1Z8D,A,207,0
1Z8D,A,735,0
1Z8D,A,776,0
1Z8D,A,437,0
1Z8D,A,619,0
1Z8D,A,687,0
1Z8D,A,130,0
1Z8D,A,213,0
1Z8D,A,791,0
1Z8D,A,750,0
1Z8D,A,701,0
1Z8D,A,439,0
1Z8D,A,217,0
1Z8D,A,807,0
1Z8D,A,173,0
1Z8D,A,711,0
1Z8D,A,53,0
1Z8D,A,792,0
1Z8D,A,27,0
1Z8D,A,645,0
1Z8D,A,183,0
1Z8D,A,443,0
1Z8D,A,627,0
1Z8D,A,434,0
1Z8D,A,671,0
1Z8D,A,654,0
4CFE,A,31,1
4CFE,B,111,1
4CFE,A,27,1
4CFE,B,115,1
4CFE,A,18,1
4CFE,B,107,1
4CFE,A,47,1
4CFE,B,106,1
4CFE,A,48,1
4CFE,A,11,1
4CFE,B,112,1
4CFE,B,83,1
4CFE,A,28,1
4CFE,A,24,1
4CFE,A,19,1
4CFE,A,88,1
4CFE,A,46,1
4CFE,A,29,1
4CFE,B,113,1
4CFE,B,81,1
4CFE,A,90,1
4CFE,E,153,0
4CFE,B,191B,0
4CFE,A,179,0
4CFE,A,466,0
4CFE,E,181,0
4CFE,E,299,0
4CFE,B,130,0
4CFE,B,233,0
4CFE,A,63,0
4CFE,E,261,0
4CFE,A,123,0
4CFE,E,290,0
4CFE,E,240,0
4CFE,B,166,0
4CFE,E,36,0
4CFE,B,143,0
4CFE,B,170,0
4CFE,E,236,0
4CFE,E,139,0
4CFE,A,77,0
4CFE,E,196,0
4CFE,A,256,0
4CFE,E,63,0
4CFE,B,262,0
4CFE,B,151,0
4CFE,B,255,0
4CFE,E,233,0
4CFE,A,38,0
4CFE,A,542,0
4CFE,A,102,0
4CFE,A,541,0
4CFE,A,64,0
4CFE,A,275,0
4CFE,B,240,0
4CFE,E,207,0
4CFE,E,29,0
4CFE,B,269,0
4CFE,A,405,0
4CFE,E,163,0
4CFE,A,210,0
4CFE,A,400,0
4CFE,E,313,0
4CFE,A,65,0
4CFE,A,246,0
4CFE,B,207,0
4CFE,A,136,0
4CFE,E,159,0
4CFE,A,39,0
4CFE,E,115,0
4CFE,A,346,0
4CFE,A,245,0
4CFE,E,217,0
4CFE,E,206,0
4CFE,E,99,0
4CFE,E,28,0
4CFE,A,221,0
4CFE,A,215,0
4CFE,A,72,0
4CFE,A,284,0
4CFE,A,176,0
4CFE,E,309,0
4CFE,E,180,0
4CFE,A,191,0
3H30,A,69,1
3H30,A,110,1
3H30,A,41,1
3H30,A,39,1
3H30,A,37,1
3H30,A,104,1
3H30,A,103,1
3H30,A,40,1
3H30,A,67,1
3H30,A,105,1
3H30,A,102,1
3H30,A,112,1
3H30,A,36,1
3H30,A,101,1
3H30,B,81,0
3H30,B,283,0
3H30,B,22,0
3H30,A,278,0
3H30,A,180,0
3H30,A,84,0
3H30,A,2,0
3H30,B,42,0
3H30,A,179,0
3H30,B,96,0
3H30,A,318,0
3H30,A,281,0
3H30,A,294,0
3H30,A,319,0
3H30,B,65,0
3H30,B,117,0
3H30,B,303,0
3H30,A,139,0
3H30,A,117,0
3H30,A,290,0
3H30,B,195,0
3H30,A,152,0
3H30,B,314,0
3H30,A,173,0
3H30,A,17,0
3H30,B,23,0
3H30,A,291,0
3H30,A,242,0
3H30,B,234,0
3H30,A,81,0
3H30,B,25,0
3H30,B,232,0
3H30,B,288,0
3H30,B,164,0
3H30,A,311,0
3H30,A,137,0
3H30,B,99,0
3H30,B,269,0
3H30,B,201,0
3H30,B,123,0
3H30,A,191,0
3H30,B,119,0
3FUD,A,25,1
3FUD,A,37,1
3FUD,A,188,1
3FUD,A,159,1
3FUD,A,160,1
3FUD,A,180,1
3FUD,A,181,1
3FUD,A,35,1
3FUD,A,26,1
3FUD,A,24,1
3FUD,A,183,1
3FUD,A,182,1
3FUD,A,36,1
3FUD,A,186,1
3FUD,A,161,1
3FUD,A,55,0
3FUD,A,69,0
3FUD,A,114,0
3FUD,A,111,0
3FUD,A,549,0
3FUD,A,223,0
3FUD,A,568,0
3FUD,A,399,0
3FUD,A,45,0
3FUD,A,78,0
3FUD,A,88,0
3FUD,A,248,0
3FUD,A,311,0
3FUD,A,251,0
3FUD,A,99,0
3FUD,A,194,0
3FUD,A,134,0
3FUD,A,554,0
3FUD,A,576,0
3FUD,A,424,0
3FUD,A,263,0
3FUD,A,272,0
3FUD,A,314,0
3FUD,A,70,0
3FUD,A,237,0
3FUD,A,228,0
3FUD,A,250,0
3FUD,A,310,0
3FUD,A,531,0
3FUD,A,296,0
3FUD,A,122,0
3FUD,A,195,0
3FUD,A,257,0
3FUD,A,588,0
3FUD,A,359,0
3FUD,A,219,0
3FUD,A,444,0
3FUD,A,71,0
3FUD,A,327,0
3FUD,A,118,0
3FUD,A,406,0
3FUD,A,213,0
3FUD,A,571,0
3FUD,A,470,0
3FUD,A,48,0
4I1R,A,712,1
4I1R,A,395,1
4I1R,A,344,1
4I1R,A,398,1
4I1R,A,576,1
4I1R,A,394,1
4I1R,A,580,1
4I1R,A,583,1
4I1R,A,400,1
4I1R,A,345,1
4I1R,A,579,1
4I1R,A,346,1
4I1R,A,577,1
4I1R,A,381,1
4I1R,A,379,1
4I1R,A,393,1
4I1R,A,401,1
4I1R,A,715,1
4I1R,A,383,1
4I1R,A,380,1
4I1R,A,397,1
4I1R,A,717,1
4I1R,A,532,0
4I1R,A,539,0
4I1R,A,601,0
4I1R,A,643,0
4I1R,A,443,0
4I1R,A,527,0
4I1R,A,488,0
4I1R,A,655,0
4I1R,A,447,0
4I1R,A,687,0
4I1R,A,542,0
4I1R,A,453,0
4I1R,A,667,0
4I1R,A,597,0
4I1R,A,600,0
4I1R,A,699,0
4I1R,A,670,0
4I1R,A,637,0
4I1R,A,688,0
4I1R,A,669,0
4I1R,A,559,0
4I1R,A,628,0
4I1R,A,426,0
4I1R,A,365,0
4I1R,A,432,0
4I1R,A,638,0
4I1R,A,489,0
4I1R,A,356,0
4I1R,A,531,0
4I1R,A,513,0
4I1R,A,650,0
4I1R,A,419,0
4I1R,A,352,0
4I1R,A,555,0
4I1R,A,540,0
4I1R,A,648,0
4I1R,A,642,0
4I1R,A,535,0
4I1R,A,554,0
4I1R,A,602,0
4I1R,A,449,0
4I1R,A,626,0
4I1R,A,599,0
4I1R,A,360,0
4I1R,A,605,0
4I1R,A,633,0
4I1R,A,639,0
4I1R,A,685,0
4I1R,A,405,0
4I1R,A,375,0
4I1R,A,511,0
4I1R,A,521,0
4I1R,A,547,0
4I1R,A,415,0
4I1R,A,420,0
4I1R,A,368,0
4I1R,A,414,0
4I1R,A,495,0
4I1R,A,604,0
4I1R,A,702,0
4I1R,A,684,0
4I1R,A,700,0
4I1R,A,680,0
4I1R,A,516,0
4I1R,A,526,0
4I1R,A,695,0
1W0F,A,213,1
1W0F,A,211,1
1W0F,A,239,1
1W0F,A,214,1
1W0F,A,482,1
1W0F,A,238,1
1W0F,A,212,1
1W0F,A,240,1
1W0F,A,220,1
1W0F,A,242,1
1W0F,A,233,1
1W0F,A,219,1
1W0F,A,241,1
1W0F,A,217,1
1W0F,A,124,0
1W0F,A,67,0
1W0F,A,400,0
1W0F,A,452,0
1W0F,A,330,0
1W0F,A,316,0
1W0F,A,193,0
1W0F,A,82,0
1W0F,A,443,0
1W0F,A,291,0
1W0F,A,397,0
1W0F,A,42,0
1W0F,A,367,0
1W0F,A,26,0
1W0F,A,334,0
1W0F,A,417,0
1W0F,A,202,0
1W0F,A,99,0
1W0F,A,338,0
1W0F,A,166,0
1W0F,A,198,0
1W0F,A,256,0
1W0F,A,462,0
1W0F,A,290,0
1W0F,A,280,0
1W0F,A,390,0
1W0F,A,177,0
1W0F,A,170,0
1W0F,A,35,0
1W0F,A,358,0
1W0F,A,428,0
1W0F,A,199,0
1W0F,A,348,0
1W0F,A,379,0
1W0F,A,450,0
1W0F,A,469,0
1W0F,A,386,0
1W0F,A,342,0
1W0F,A,139,0
1W0F,A,105,0
1W0F,A,422,0
1W0F,A,63,0
1B86,B,282,1
1B86,D,625,1
1B86,D,545,1
1B86,D,686,1
1B86,D,544,1
1B86,B,145,1
1B86,B,144,1
1B86,B,225,1
1B86,B,286,1
1B86,D,611,0
1B86,B,273,0
1B86,D,598,0
1B86,C,532,0
1B86,A,47,0
1B86,A,6,0
1B86,D,568,0
1B86,A,130,0
1B86,A,8,0
1B86,B,212,0
1B86,C,527,0
1B86,C,478,0
1B86,B,239,0
1B86,D,597,0
1B86,C,428,0
1B86,A,105,0
1B86,D,572,0
1B86,C,473,0
1B86,A,4,0
1B86,D,662,0
1B86,D,563,0
1B86,B,187,0
1B86,B,176,0
1B86,C,451,0
1B86,B,193,0
1B86,C,457,0
1B86,B,197,0
2D60,B,35,1
2D60,A,127,1
2D60,A,103,1
2D60,A,99,1
2D60,C,141,1
2D60,C,96,1
2D60,B,131,1
2D60,A,36,1
2D60,B,105,1
2D60,A,96,1
2D60,B,37,1
2D60,C,95,1
2D60,C,138,1
2D60,A,130,1
2D60,B,101,1
2D60,C,140,1
2D60,A,126,1
2D60,C,94,1
2D60,B,108,1
2D60,A,100,1
2D60,C,137,1
2D60,B,17,0
2D60,B,46,0
2D60,C,124,0
2D60,B,22,0
2D60,A,86,0
2D60,C,10,0
2D60,D,114,0
2D60,C,68,0
2D60,C,104,0
2D60,B,79,0
2D60,C,23,0
2D60,A,11,0
2D60,A,118,0
2D60,B,146,0
2D60,A,16,0
2D60,D,48,0
2D60,C,113,0
2D60,D,13,0
2D60,D,120,0
2D60,D,79,0
2D60,B,116,0
2D60,D,52,0
2D60,A,119,0
2D60,B,57,0
2D60,B,97,0
2D60,C,35,0
2D60,B,83,0
2D60,B,5,0
2D60,A,60,0
2D60,B,114,0
2D60,C,36,0
2D60,D,2,0
2D60,D,45,0
2D60,A,80,0
2D60,D,46,0
2D60,C,78,0
2D60,D,58,0
2D60,B,59,0
2D60,B,16,0
2D60,A,46,0
2D60,D,106,0
2D60,B,124,0
2D60,D,133,0
2D60,A,9,0
2D60,C,40,0
2D60,B,61,0
2D60,D,92,0
2D60,D,15,0
2D60,C,20,0
2D60,A,47,0
2D60,D,87,0
2D60,C,75,0
2D60,A,25,0
2D60,C,3,0
2D60,B,53,0
2D60,D,69,0
2D60,D,135,0
2D60,D,84,0
2D60,D,139,0
2D60,A,13,0
2D60,B,77,0
2D60,D,134,0
2D60,B,119,0
3LW0,A,1152,1
3LW0,A,1054,1
3LW0,A,1140,1
3LW0,A,1134,1
3LW0,A,1079,1
3LW0,A,1189,1
3LW0,A,1126,1
3LW0,A,1063,1
3LW0,A,1046,1
3LW0,A,1047,1
3LW0,A,1172,1
3LW0,A,1131,1
3LW0,A,1133,1
3LW0,A,1153,1
3LW0,A,1135,1
3LW0,A,1151,1
3LW0,A,1174,1
3LW0,A,1065,1
3LW0,A,1064,1
3LW0,A,1053,1
3LW0,A,1050,1
3LW0,A,1033,1
3LW0,A,1173,1
3LW0,A,1132,1
3LW0,A,1051,1
3LW0,A,1066,1
3LW0,A,1077,1
3LW0,A,1062,1
3LW0,D,1012,0
3LW0,B,1068,0
3LW0,B,1164,0
3LW0,A,1146,0
3LW0,D,983,0
3LW0,C,1009,0
3LW0,C,1269,0
3LW0,B,1259,0
3LW0,B,1039,0
3LW0,B,994,0
3LW0,C,1068,0
3LW0,B,1065,0
3LW0,B,1231,0
3LW0,B,1064,0
3LW0,C,1238,0
3LW0,D,1205,0
3LW0,C,1022,0
3LW0,B,995,0
3LW0,D,1279,0
3LW0,D,1240,0
3LW0,D,1030,0
3LW0,D,1093,0
3LW0,C,1237,0
3LW0,B,1268,0
3LW0,D,1071,0
3LW0,B,1135,0
3LW0,D,1021,0
3LW0,B,1018,0
3LW0,B,1124,0
3LW0,D,1004,0
3LW0,B,1014,0
3LW0,B,1114,0
3LW0,A,1148,0
3LW0,A,1111,0
3LW0,C,993,0
3LW0,D,1059,0
3LW0,D,1234,0
3LW0,A,1096,0
3LW0,B,1191,0
3LW0,B,1281,0
3LW0,C,1058,0
3LW0,C,1057,0
3LW0,D,1123,0
3LW0,A,999,0
3LW0,C,1242,0
3LW0,B,1094,0
3LW0,A,1016,0
3LW0,B,1201,0
3LW0,C,1181,0
3LW0,B,1142,0
3LW0,A,1241,0
3LW0,B,997,0
3LW0,B,1110,0
3LW0,C,1283,0
3LW0,A,1286,0
3LW0,A,1106,0
3LW0,B,1240,0
3LW0,D,1043,0
3LW0,A,1071,0
3LW0,C,1219,0
3LW0,A,1073,0
3LW0,D,1006,0
3LW0,A,1000,0
3LW0,A,1108,0
3LW0,B,1280,0
3LW0,C,1186,0
3LW0,D,1272,0
3LW0,B,1027,0
3LW0,C,983,0
3LW0,C,1150,0
3LW0,B,1054,0
3LW0,A,1285,0
3LW0,D,1011,0
3LW0,C,1010,0
3LW0,D,1055,0
3LW0,D,1151,0
3LW0,B,1189,0
3LW0,D,993,0
3LW0,D,1255,0
3LW0,B,988,0
3LW0,D,1286,0
3LW0,B,1273,0
3LW0,C,1167,0
3LW0,B,989,0
1NE7,B,159,1
1NE7,A,2,1
1NE7,B,184,1
1NE7,B,151,1
1NE7,B,152,1
1NE7,A,1,1
1NE7,B,155,1
1NE7,B,161,1
1NE7,A,255,1
1NE7,A,261,1
1NE7,A,262,1
1NE7,B,147,1
1NE7,A,233,1
1NE7,B,158,1
1NE7,B,160,1
1NE7,B,150,1
1NE7,A,258,1
1NE7,F,14,0
1NE7,D,245,0
1NE7,D,147,0
1NE7,A,170,0
1NE7,A,114,0
1NE7,D,68,0
1NE7,C,92,0
1NE7,E,37,0
1NE7,B,198,0
1NE7,B,27,0
1NE7,C,22,0
1NE7,F,165,0
1NE7,A,143,0
1NE7,C,228,0
1NE7,B,269,0
1NE7,F,274,0
1NE7,D,27,0
1NE7,A,156,0
1NE7,A,100,0
1NE7,F,191,0
1NE7,F,254,0
1NE7,A,206,0
1NE7,C,103,0
1NE7,A,136,0
1NE7,E,119,0
1NE7,E,56,0
1NE7,F,185,0
1NE7,A,242,0
1NE7,E,105,0
1NE7,D,102,0
1NE7,E,208,0
1NE7,C,172,0
1NE7,B,176,0
1NE7,F,235,0
1NE7,B,69,0
1NE7,A,91,0
1NE7,C,86,0
1NE7,B,22,0
1NE7,D,128,0
1NE7,F,30,0
1NE7,F,187,0
1NE7,F,223,0
1NE7,B,101,0
1NE7,C,187,0
1NE7,D,241,0
1NE7,B,30,0
1NE7,D,170,0
1NE7,A,168,0
1NE7,F,87,0
1NE7,D,269,0
1NE7,B,165,0
3O2M,A,199,1
3O2M,A,260,1
3O2M,A,180,1
3O2M,B,185,1
3O2M,B,256,1
3O2M,A,253,1
3O2M,B,184,1
3O2M,A,198,1
3O2M,A,179,1
3O2M,A,200,1
3O2M,A,256,1
3O2M,B,231,1
3O2M,A,184,1
3O2M,B,255,1
3O2M,A,197,1
3O2M,A,178,1
3O2M,A,196,1
3O2M,A,231,1
3O2M,B,259,1
3O2M,A,255,1
3O2M,B,181,1
3O2M,A,259,1
3O2M,B,183,1
3O2M,A,230,1
3O2M,B,182,1
3O2M,A,234,1
3O2M,B,180,1
3O2M,A,296,0
3O2M,A,130,0
3O2M,A,105,0
3O2M,A,337,0
3O2M,B,157,0
3O2M,B,61,0
3O2M,A,354,0
3O2M,A,9,0
3O2M,A,76,0
3O2M,A,82,0
3O2M,B,202,0
3O2M,A,72,0
3O2M,A,25,0
3O2M,B,336,0
3O2M,A,115,0
3O2M,B,287,0
3O2M,B,160,0
3O2M,B,112,0
3O2M,B,291,0
3O2M,B,29,0
3O2M,A,98,0
3O2M,A,346,0
3O2M,B,174,0
3O2M,B,353,0
3O2M,A,68,0
3O2M,B,97,0
3O2M,A,204,0
3O2M,B,81,0
3O2M,B,246,0
3O2M,A,223,0
3O2M,A,333,0
3O2M,B,71,0
3O2M,A,86,0
3O2M,B,50,0
3O2M,B,280,0
3O2M,B,95,0
3O2M,B,102,0
3O2M,B,22,0
3O2M,B,297,0
3O2M,B,354,0
3O2M,B,284,0
3O2M,A,124,0
3O2M,B,129,0
3O2M,B,40,0
3O2M,B,247,0
3O2M,B,225,0
3O2M,A,280,0
3O2M,A,245,0
3O2M,B,28,0
3O2M,B,223,0
3O2M,A,113,0
3O2M,B,317,0
3O2M,A,122,0
3O2M,A,221,0
3O2M,B,286,0
3O2M,A,205,0
3O2M,B,15,0
3O2M,B,146,0
3O2M,A,41,0
3O2M,A,359,0
3O2M,A,284,0
3O2M,B,105,0
3O2M,B,131,0
3O2M,A,17,0
3O2M,B,218,0
3O2M,A,278,0
3O2M,A,311,0
3O2M,B,56,0
3O2M,B,35,0
3O2M,B,149,0
3O2M,B,21,0
3O2M,G,561,0
3O2M,A,214,0
3O2M,B,267,0
3O2M,B,226,0
3O2M,B,76,0
3O2M,A,39,0
3O2M,B,135,0
3O2M,B,300,0
3O2M,B,62,0
3O2M,B,208,0
2I7N,A,420,1
2I7N,A,432,1
2I7N,B,473,1
2I7N,B,565,1
2I7N,B,475,1
2I7N,B,491,1
2I7N,B,562,1
2I7N,A,418,1
2I7N,B,492,1
2I7N,B,479,1
2I7N,A,414,1
2I7N,B,494,1
2I7N,B,488,1
2I7N,B,478,1
2I7N,B,561,1
2I7N,B,493,1
2I7N,B,495,1
2I7N,A,417,1
2I7N,A,415,1
2I7N,A,419,1
2I7N,A,547,1
2I7N,A,437,1
2I7N,B,486,1
2I7N,B,524,1
2I7N,A,416,1
2I7N,B,520,1
2I7N,A,436,1
2I7N,B,566,1
2I7N,B,483,1
2I7N,A,435,1
2I7N,A,562,0
2I7N,A,590,0
2I7N,B,291,0
2I7N,A,477,0
2I7N,B,541,0
2I7N,A,407,0
2I7N,B,508,0
2I7N,A,376,0
2I7N,A,471,0
2I7N,A,249,0
2I7N,A,565,0
2I7N,A,394,0
2I7N,B,271,0
2I7N,A,521,0
2I7N,A,569,0
2I7N,A,557,0
2I7N,B,344,0
2I7N,B,407,0
2I7N,B,242,0
2I7N,B,379,0
2I7N,B,535,0
2I7N,A,403,0
2I7N,A,469,0
2I7N,A,398,0
2I7N,B,539,0
2I7N,B,574,0
2I7N,B,427,0
2I7N,B,423,0
2I7N,A,517,0
2I7N,A,383,0
2I7N,B,545,0
2I7N,A,520,0
2I7N,B,437,0
2I7N,A,359,0
2I7N,A,555,0
2I7N,B,462,0
2I7N,A,318,0
2I7N,A,292,0
2I7N,B,278,0
2I7N,A,369,0
2I7N,B,256,0
2I7N,A,365,0
2I7N,A,516,0
2I7N,B,537,0
2I7N,A,552,0
2I7N,B,410,0
2I7N,B,321,0
2I7N,B,346,0
2I7N,B,294,0
2I7N,B,505,0
2I7N,B,246,0
2I7N,B,345,0
2I7N,B,549,0
2I7N,B,413,0
2I7N,B,501,0
2I7N,B,547,0
2I7N,B,279,0
2I7N,A,572,0
2I7N,B,416,0
2I7N,B,357,0
2I7N,A,374,0
2I7N,B,275,0
2I7N,A,406,0
2I7N,A,468,0
2I7N,B,551,0
2I7N,A,252,0
2I7N,B,592,0
2I7N,A,311,0
2I7N,A,408,0
2I7N,A,410,0
2I7N,B,363,0
2I7N,A,371,0
2I7N,A,280,0
2I7N,A,288,0
2I7N,A,393,0
2I7N,B,429,0
2I7N,B,276,0
2I7N,A,381,0
2I7N,A,559,0
2I7N,B,440,0
2I7N,B,431,0
2I7N,A,511,0
2I7N,B,435,0
2I7N,A,362,0
2I7N,B,281,0
2I7N,B,342,0
2I7N,A,480,0
2I7N,B,465,0
2I7N,A,496,0
2I7N,B,408,0
4IO8,A,269,1
4IO8,A,364,1
4IO8,A,35,1
4IO8,A,342,1
4IO8,A,14,1
4IO8,A,268,1
4IO8,A,15,1
4IO8,A,200,1
4IO8,A,202,1
4IO8,A,37,1
4IO8,A,276,1
4IO8,A,340,1
4IO8,A,201,1
4IO8,A,231,1
4IO8,A,275,1
4IO8,A,339,1
4IO8,A,366,1
4IO8,A,273,1
4IO8,A,272,1
4IO8,A,230,1
4IO8,A,234,1
4IO8,A,343,1
4IO8,A,302,1
4IO8,A,203,1
4IO8,A,229,1
4IO8,A,271,1
4IO8,A,25,0
4IO8,A,251,0
4IO8,A,173,0
4IO8,A,111,0
4IO8,A,171,0
4IO8,A,92,0
4IO8,A,144,0
4IO8,A,353,0
4IO8,A,76,0
4IO8,A,260,0
4IO8,A,350,0
4IO8,A,245,0
4IO8,A,314,0
4IO8,A,45,0
4IO8,A,332,0
4IO8,A,189,0
4IO8,A,254,0
4IO8,A,308,0
4IO8,A,328,0
4IO8,A,146,0
4IO8,A,360,0
4IO8,A,192,0
4IO8,A,108,0
4IO8,A,208,0
4IO8,A,116,0
4IO8,A,210,0
4IO8,A,126,0
4IO8,A,283,0
4IO8,A,252,0
4IO8,A,141,0
4IO8,A,317,0
4IO8,A,82,0
4IO8,A,194,0
4IO8,A,166,0
4IO8,A,135,0
4IO8,A,373,0
4IO8,A,8,0
4IO8,A,20,0
4IO8,A,99,0
4IO8,A,115,0
4IO8,A,137,0
4IO8,A,286,0
4IO8,A,180,0
4IO8,A,187,0
4IO8,A,212,0
4IO8,A,88,0
4IO8,A,113,0
4IO8,A,109,0
4IO8,A,378,0
4IO8,A,191,0
4IO8,A,21,0
4IO8,A,91,0
4IO8,A,287,0
4IO8,A,355,0
4IO8,A,22,0
4IO8,A,54,0
4IO8,A,57,0
4IO8,A,112,0
4IO8,A,213,0
4IO8,A,66,0
4IO8,A,296,0
4IO8,A,107,0
4IO8,A,377,0
4IO8,A,324,0
4IO8,A,325,0
4IO8,A,151,0
4IO8,A,4,0
4IO8,A,248,0
4IO8,A,321,0
4IO8,A,244,0
4IO8,A,136,0
4IO8,A,176,0
4IO8,A,114,0
4IO8,A,193,0
4IO8,A,110,0
4IO8,A,295,0
4IO8,A,259,0
4IO8,A,177,0
4JA8,A,290,1
4JA8,A,164,1
4JA8,B,298,1
4JA8,B,312,1
4JA8,A,297,1
4JA8,B,319,1
4JA8,B,316,1
4JA8,B,170,1
4JA8,A,298,1
4JA8,B,306,1
4JA8,A,312,1
4JA8,A,316,1
4JA8,A,319,1
4JA8,B,168,1
4JA8,A,306,1
4JA8,B,304,1
4JA8,A,168,1
4JA8,B,324,1
4JA8,B,311,1
4JA8,B,161,1
4JA8,B,317,1
4JA8,B,293,1
4JA8,B,315,1
4JA8,A,311,1
4JA8,B,160,1
4JA8,B,294,1
4JA8,B,320,1
4JA8,B,323,1
4JA8,A,315,1
4JA8,B,164,1
4JA8,A,160,1
4JA8,B,290,1
4JA8,A,294,1
4JA8,A,320,1
4JA8,B,297,1
4JA8,B,428,0
4JA8,A,363,0
4JA8,B,78,0
4JA8,B,220,0
4JA8,A,372,0
4JA8,B,205,0
4JA8,B,43,0
4JA8,A,212,0
4JA8,A,360,0
4JA8,B,47,0
4JA8,B,234,0
4JA8,B,232,0
4JA8,A,88,0
4JA8,A,428,0
4JA8,B,390,0
4JA8,B,361,0
4JA8,A,412,0
4JA8,B,373,0
4JA8,A,196,0
4JA8,B,122,0
4JA8,B,270,0
4JA8,A,125,0
4JA8,A,134,0
4JA8,B,99,0
4JA8,A,110,0
4JA8,A,422,0
4JA8,A,67,0
4JA8,B,349,0
4JA8,B,430,0
4JA8,A,350,0
4JA8,B,188,0
4JA8,A,237,0
4JA8,A,442,0
4JA8,A,74,0
4JA8,A,55,0
4JA8,B,97,0
4JA8,A,331,0
4JA8,B,395,0
4JA8,B,335,0
4JA8,A,255,0
4JA8,B,432,0
4JA8,A,120,0
4JA8,A,394,0
4JA8,A,195,0
4JA8,B,137,0
4JA8,A,353,0
4JA8,A,137,0
4JA8,B,387,0
4JA8,A,399,0
4JA8,B,195,0
4JA8,A,85,0
4JA8,B,334,0
4JA8,A,121,0
4JA8,B,113,0
4JA8,B,427,0
4JA8,A,391,0
4JA8,B,278,0
4JA8,B,429,0
4JA8,A,122,0
4JA8,A,143,0
4JA8,A,415,0
4JA8,A,87,0
4JA8,B,260,0
4JA8,A,140,0
4JA8,B,364,0
4JA8,A,282,0
4JA8,A,431,0
4JA8,B,402,0
4JA8,B,268,0
4JA8,A,436,0
4JA8,B,218,0
4JA8,A,64,0
4JA8,A,43,0
4JA8,A,427,0
4JA8,A,131,0
4JA8,A,46,0
4JA8,A,112,0
4JA8,A,76,0
4JA8,A,223,0
4JA8,B,352,0
4JA8,B,48,0
4JA8,B,100,0
4JA8,A,275,0
4JA8,B,141,0
4JA8,A,83,0
4JA8,A,66,0
4JA8,A,156,0
4JA8,A,261,0
4JA8,B,214,0
4JA8,A,128,0
4JA8,B,403,0
4JA8,A,229,0
4JA8,A,97,0
4JA8,B,415,0
4JA8,B,409,0
4JA8,A,449,0
4JA8,A,345,0
4JA8,B,372,0
4JA8,A,435,0
4JA8,B,262,0
4JA8,A,57,0
4JA8,A,258,0
4JA8,B,279,0
4JA8,B,439,0
4JA8,B,420,0
2QPY,A,837,1
2QPY,A,840,1
2QPY,A,672,1
2QPY,A,834,1
2QPY,A,727,1
2QPY,A,724,1
2QPY,A,830,1
2QPY,A,829,1
2QPY,A,723,1
2QPY,A,673,1
2QPY,A,826,1
2QPY,A,833,1
2QPY,A,671,1
2QPY,A,881,0
2QPY,A,782,0
2QPY,A,714,0
2QPY,A,800,0
2QPY,A,816,0
2QPY,A,700,0
2QPY,A,864,0
2QPY,A,737,0
2QPY,A,883,0
2QPY,A,853,0
2QPY,A,750,0
2QPY,A,765,0
2QPY,A,758,0
2QPY,A,897,0
2QPY,A,736,0
2QPY,A,887,0
2QPY,A,895,0
2QPY,A,738,0
2QPY,A,893,0
2QPY,A,757,0
2QPY,A,694,0
2QPY,A,909,0
2QPY,A,900,0
2QPY,A,774,0
2QPY,A,683,0
2QPY,A,696,0
2QPY,A,896,0
2QPY,A,898,0
2QPY,A,779,0
2QPY,A,793,0
2QPY,A,868,0
2QPY,A,703,0
2QPY,A,805,0
2QPY,A,862,0
2QPY,A,709,0
2QPY,A,866,0
2QPY,A,908,0
2QPY,A,907,0
2QPY,A,682,0
3LSW,A,109,1
3LSW,A,218,1
3LSW,A,108,1
3LSW,A,107,1
3LSW,A,220,1
3LSW,A,242,1
3LSW,A,92,1
3LSW,A,247,1
3LSW,A,105,1
3LSW,A,219,1
3LSW,A,106,1
3LSW,A,217,1
3LSW,A,72,0
3LSW,A,190,0
3LSW,A,69,0
3LSW,A,50,0
3LSW,A,149,0
3LSW,A,122,0
3LSW,A,155,0
3LSW,A,19,0
3LSW,A,73,0
3LSW,A,144,0
3LSW,A,174,0
3LSW,A,81,0
3LSW,A,116,0
3LSW,A,71,0
3LSW,A,126,0
3LSW,A,186,0
3LSW,A,7,0
3LSW,A,166,0
3LSW,A,43,0
3LSW,A,199,0
3LSW,A,120,0
3LSW,A,30,0
3LSW,A,5,0
3LSW,A,178,0
3LSW,A,188,0
3LSW,A,98,0
3LSW,A,147,0
3LSW,A,12,0
3LSW,A,150,0
3LSW,A,128,0
3LSW,A,187,0
3LSW,A,154,0
3LSW,A,117,0
3LSW,A,232,0
3LSW,A,24,0
3LSW,A,164,0
3LSX,A,252,1
3LSX,A,248,1
3LSX,A,249,1
3LSX,A,165,0
3LSX,A,236,0
3LSX,A,172,0
3LSX,A,175,0
3LSX,A,139,0
3LSX,A,20,0
3LSX,A,216,0
3LSX,A,98,0
3LSX,A,151,0
2K31,A,249,1
2K31,A,211,1
2K31,A,244,1
2K31,A,240,1
2K31,A,246,1
2K31,A,219,1
2K31,A,174,1
2K31,A,175,1
2K31,A,253,1
2K31,A,235,1
2K31,A,192,1
2K31,A,176,1
2K31,A,256,1
2K31,A,242,1
2K31,A,197,1
2K31,A,213,1
2K31,A,245,1
2K31,A,178,1
2K31,A,196,1
2K31,A,221,1
2K31,A,275,1
2K31,A,220,1
2K31,A,241,1
2K31,A,236,1
2K31,A,273,1
2K31,A,218,1
2K31,A,251,1
2K31,A,195,1
2K31,A,282,0
2K31,A,291,0
2K31,A,266,0
2K31,A,165,0
2K31,A,159,0
2K31,A,280,0
2K31,A,281,0
2K31,A,267,0
2K31,A,156,0
2K31,A,287,0
2K31,A,262,0
2K31,A,182,0
2K31,A,295,0
2K31,A,301,0
2K31,A,155,0
2K31,A,265,0
2K31,A,292,0
2K31,A,290,0
2K31,A,279,0
2K31,A,300,0
2K31,A,286,0
2K31,A,187,0
2K31,A,264,0
2K31,A,158,0
2K31,A,184,0
2K31,A,162,0
2K31,A,185,0
2K31,A,229,0
2K31,A,288,0
2K31,A,154,0
2K31,A,170,0
2K31,A,302,0
2K31,A,294,0
2K31,A,297,0
2K31,A,168,0
2K31,A,186,0
2K31,A,298,0
2K31,A,263,0
2K31,A,161,0
2K31,A,183,0
2K31,A,169,0
2K31,A,157,0
2K31,A,283,0
2K31,A,268,0
2K31,A,228,0
2K31,A,296,0
2K31,A,204,0
2K31,A,299,0
2K31,A,289,0
3K5V,A,483,1
3K5V,A,525,1
3K5V,A,359,1
3K5V,A,529,1
3K5V,A,512,1
3K5V,A,451,1
3K5V,A,448,1
3K5V,A,484,1
3K5V,A,491,1
3K5V,A,351,1
3K5V,A,454,1
3K5V,A,360,1
3K5V,A,356,1
3K5V,A,452,1
3K5V,A,521,1
3K5V,A,357,1
3K5V,A,516,1
3K5V,A,363,1
3K5V,A,355,1
3K5V,A,482,1
3K5V,A,481,1
3K5V,A,480,1
3K5V,A,354,1
3K5V,A,487,1
3K5V,A,305,0
3K5V,B,346,0
3K5V,A,504,0
3K5V,B,529,0
3K5V,A,377,0
3K5V,A,414,0
3K5V,A,503,0
3K5V,B,370,0
3K5V,B,398,0
3K5V,A,273,0
3K5V,A,333,0
3K5V,A,274,0
3K5V,B,361,0
3K5V,A,460,0
3K5V,A,332,0
3K5V,B,251,0
3K5V,A,281,0
3K5V,A,338,0
3K5V,B,474,0
3K5V,B,392,0
3K5V,B,391,0
3K5V,A,374,0
3K5V,B,299,0
3K5V,B,411,0
3K5V,B,362,0
3K5V,B,306,0
3K5V,A,421,0
3K5V,B,268,0
3K5V,B,427,0
3K5V,A,336,0
3K5V,A,416,0
3K5V,B,312,0
3K5V,A,320,0
3K5V,B,300,0
3K5V,A,378,0
3K5V,A,329,0
3K5V,B,485,0
3K5V,B,266,0
3K5V,B,430,0
3K5V,A,403,0
3K5V,B,480,0
3K5V,A,373,0
3K5V,B,468,0
3K5V,B,382,0
3K5V,A,318,0
3K5V,A,321,0
3K5V,A,250,0
3K5V,B,279,0
3K5V,B,263,0
3K5V,B,416,0
3K5V,B,487,0
3K5V,B,298,0
3K5V,B,297,0
3K5V,B,408,0
3K5V,A,312,0
3K5V,A,289,0
3K5V,B,288,0
3K5V,B,397,0
3K5V,A,435,0
3K5V,A,473,0
3K5V,B,274,0
3K5V,A,322,0
3K5V,A,261,0
3K5V,B,356,0
3K5V,B,359,0
3K5V,A,292,0
3K5V,B,351,0
3K5V,B,290,0
3K5V,A,395,0
3K5V,B,345,0
3K5V,B,527,0
3K5V,A,257,0
3QH0,A,528,1
3QH0,A,522,1
3QH0,A,523,1
3QH0,A,348,1
3QH0,A,113,1
3QH0,A,525,1
3QH0,A,359,1
3QH0,A,344,1
3QH0,A,529,1
3QH0,A,349,1
3QH0,A,352,1
3QH0,A,530,1
3QH0,A,209,1
3QH0,A,518,1
3QH0,A,527,1
3QH0,A,531,1
3QH0,A,206,1
3QH0,A,205,1
3QH0,A,387,1
3QH0,A,381,1
3QH0,A,353,1
3QH0,A,120,1
3QH0,A,384,1
3QH0,A,93,1
3QH0,A,355,1
3QH0,A,385,1
3QH0,A,534,1
3QH0,A,526,1
3QH0,A,116,1
3QH0,B,75,0
3QH0,B,188,0
3QH0,B,169,0
3QH0,B,240,0
3QH0,B,398,0
3QH0,B,576,0
3QH0,A,47,0
3QH0,A,450,0
3QH0,A,82,0
3QH0,A,455,0
3QH0,B,431,0
3QH0,A,499,0
3QH0,A,303,0
3QH0,B,48,0
3QH0,B,487,0
3QH0,A,272,0
3QH0,B,568,0
3QH0,A,58,0
3QH0,B,319,0
3QH0,B,339,0
3QH0,A,99,0
3QH0,B,278,0
3QH0,A,183,0
3QH0,A,404,0
3QH0,A,452,0
3QH0,B,456,0
3QH0,A,477,0
3QH0,A,74,0
3QH0,B,511,0
3QH0,B,570,0
3QH0,A,235,0
3QH0,B,308,0
3QH0,A,314,0
3QH0,B,60,0
3QH0,B,181,0
3QH0,B,473,0
3QH0,B,364,0
3QH0,A,168,0
3QH0,B,467,0
3QH0,B,378,0
3QH0,A,102,0
3QH0,B,270,0
3QH0,B,571,0
3QH0,A,171,0
3QH0,A,178,0
3QH0,B,429,0
3QH0,B,441,0
3QH0,B,488,0
3QH0,B,128,0
3QH0,B,139,0
3QH0,A,393,0
3QH0,B,219,0
3QH0,B,247,0
3QH0,B,457,0
3QH0,B,402,0
3QH0,A,62,0
3QH0,A,304,0
3QH0,A,70,0
3QH0,A,265,0
3QH0,A,418,0
3QH0,A,398,0
3QH0,B,462,0
3QH0,B,210,0
3QH0,A,422,0
3QH0,B,453,0
3QH0,A,75,0
3QH0,A,423,0
3QH0,A,61,0
3QH0,B,137,0
3QH0,B,118,0
3QH0,A,126,0
3QH0,B,221,0
3QH0,A,187,0
3QH0,A,417,0
3QH0,B,508,0
3QH0,B,40,0
3QH0,A,125,0
3QH0,A,548,0
3QH0,B,173,0
3QH0,A,550,0
3QH0,A,300,0
3QH0,A,558,0
3QH0,B,569,0
3QH0,B,381,0
3QH0,B,225,0
3QH0,B,552,0
3QH0,B,517,0
4JKT,A,328,1
4JKT,D,330,1
4JKT,A,399,1
4JKT,D,322,1
4JKT,A,331,1
4JKT,A,335,1
4JKT,A,326,1
4JKT,D,329,1
4JKT,D,327,1
4JKT,D,332,1
4JKT,D,325,1
4JKT,B,322,1
4JKT,A,330,1
4JKT,D,323,1
4JKT,C,322,1
4JKT,D,328,1
4JKT,A,322,1
4JKT,D,399,1
4JKT,A,329,1
4JKT,A,327,1
4JKT,A,332,1
4JKT,D,335,1
4JKT,D,326,1
4JKT,A,325,1
4JKT,A,323,1
4JKT,A,522,0
4JKT,A,355,0
4JKT,A,234,0
4JKT,C,251,0
4JKT,B,417,0
4JKT,D,406,0
4JKT,D,464,0
4JKT,C,526,0
4JKT,C,467,0
4JKT,C,549,0
4JKT,C,376,0
4JKT,C,269,0
4JKT,C,263,0
4JKT,B,422,0
4JKT,C,457,0
4JKT,B,350,0
4JKT,D,166,0
4JKT,A,453,0
4JKT,D,547,0
4JKT,B,438,0
4JKT,A,236,0
4JKT,D,415,0
4JKT,A,473,0
4JKT,D,360,0
4JKT,C,403,0
4JKT,D,156,0
4JKT,C,487,0
4JKT,B,477,0
4JKT,B,380,0
4JKT,A,305,0
4JKT,B,470,0
4JKT,D,432,0
4JKT,D,511,0
4JKT,D,500,0
4JKT,D,353,0
4JKT,C,448,0
4JKT,C,287,0
4JKT,C,332,0
4JKT,A,436,0
4JKT,D,385,0
4JKT,C,508,0
4JKT,C,157,0
4JKT,D,371,0
4JKT,A,505,0
4JKT,B,441,0
4JKT,B,279,0
4JKT,A,437,0
4JKT,C,456,0
4JKT,C,468,0
4JKT,C,437,0
4JKT,A,406,0
4JKT,C,247,0
4JKT,B,343,0
4JKT,A,222,0
4JKT,C,361,0
4JKT,A,302,0
4JKT,A,190,0
4JKT,B,500,0
4JKT,D,381,0
4JKT,C,214,0
4JKT,B,341,0
4JKT,D,378,0
4JKT,C,479,0
4JKT,D,278,0
4JKT,B,469,0
4JKT,B,266,0
4JKT,B,536,0
4JKT,D,298,0
4JKT,C,273,0
4JKT,C,540,0
4JKT,A,469,0
4JKT,C,331,0
4JKT,B,468,0
4JKT,C,541,0
4JKT,C,430,0
3QOP,A,62,1
3QOP,A,64,1
3QOP,A,127,1
3QOP,A,86,1
3QOP,A,81,1
3QOP,A,85,1
3QOP,A,99,1
3QOP,A,36,1
3QOP,A,69,1
3QOP,A,71,1
3QOP,A,61,1
3QOP,B,124,1
3QOP,A,84,1
3QOP,A,30,1
3QOP,A,49,1
3QOP,B,128,1
3QOP,A,70,1
3QOP,A,82,1
3QOP,A,72,1
3QOP,B,125,1
3QOP,A,83,1
3QOP,A,73,1
3QOP,A,74,1
3QOP,A,123,1
3QOP,B,76,0
3QOP,B,171,0
3QOP,A,109,0
3QOP,B,75,0
3QOP,B,56,0
3QOP,A,14,0
3QOP,B,179,0
3QOP,A,16,0
3QOP,A,21,0
3QOP,B,95,0
3QOP,B,12,0
3QOP,B,170,0
3QOP,B,89,0
3QOP,B,182,0
3QOP,A,193,0
3QOP,B,36,0
3QOP,B,23,0
3QOP,B,57,0
3QOP,B,29,0
3QOP,B,112,0
3QOP,B,199,0
3QOP,B,172,0
3QOP,B,161,0
3QOP,A,167,0
3QOP,B,24,0
3QOP,A,206,0
3QOP,A,180,0
3QOP,B,82,0
3QOP,B,203,0
3QOP,B,26,0
3QOP,B,19,0
3QOP,A,53,0
3QOP,B,92,0
3QOP,A,205,0
3QOP,A,189,0
3QOP,A,192,0
3QOP,B,188,0
3QOP,A,198,0
3QOP,A,15,0
3QOP,B,147,0
3QOP,A,154,0
3QOP,B,140,0
3QOP,A,184,0
3QOP,A,157,0
3QOP,B,28,0
3QOP,B,159,0
3QOP,B,21,0
3QOP,B,32,0
3QOP,B,139,0
3QOP,A,148,0
3QOP,A,188,0
3QOP,A,24,0
3QOP,A,9,0
3QOP,A,23,0
3QOP,B,144,0
3QOP,A,11,0
3QOP,B,39,0
3QOP,B,142,0
3QOP,B,38,0
3QOP,A,138,0
3QOP,A,185,0
3QOP,A,136,0
3QOP,B,193,0
3QOP,B,8,0
3QOP,B,71,0
3QOP,A,91,0
3QOP,A,8,0
3QOP,B,25,0
3QOP,B,94,0
3QOP,B,146,0
3QOP,B,30,0
3QOP,B,44,0
1FIY,A,825,1
1FIY,A,616,1
1FIY,A,587,1
1FIY,A,819,1
1FIY,A,828,1
1FIY,A,879,1
1FIY,A,880,1
1FIY,A,769,1
1FIY,A,832,1
1FIY,A,829,1
1FIY,A,766,1
1FIY,A,588,1
1FIY,A,773,1
1FIY,A,591,1
1FIY,A,822,1
1FIY,A,881,1
1FIY,A,340,0
1FIY,A,638,0
1FIY,A,409,0
1FIY,A,555,0
1FIY,A,297,0
1FIY,A,73,0
1FIY,A,502,0
1FIY,A,643,0
1FIY,A,412,0
1FIY,A,485,0
1FIY,A,689,0
1FIY,A,258,0
1FIY,A,133,0
1FIY,A,780,0
1FIY,A,693,0
1FIY,A,573,0
1FIY,A,16,0
1FIY,A,276,0
1FIY,A,378,0
1FIY,A,11,0
1FIY,A,180,0
1FIY,A,440,0
1FIY,A,741,0
1FIY,A,205,0
1FIY,A,511,0
1FIY,A,526,0
1FIY,A,562,0
1FIY,A,198,0
1FIY,A,672,0
1FIY,A,493,0
1FIY,A,49,0
1FIY,A,171,0
1FIY,A,809,0
1FIY,A,507,0
1FIY,A,265,0
1FIY,A,99,0
1FIY,A,231,0
1FIY,A,326,0
1FIY,A,267,0
1FIY,A,806,0
1FIY,A,790,0
1FIY,A,208,0
1FIY,A,599,0
1FIY,A,105,0
1FIY,A,149,0
1FIY,A,532,0
1FIY,A,387,0
1FIY,A,666,0
2HIM,C,240,1
2HIM,A,273,1
2HIM,A,272,1
2HIM,A,175,1
2HIM,A,162,1
2HIM,A,270,1
2HIM,A,274,1
2HIM,A,163,1
2HIM,A,275,1
2HIM,A,240,1
2HIM,A,302,1
2HIM,A,303,1
2HIM,C,272,1
2HIM,A,301,1
2HIM,A,271,1
2HIM,A,161,1
2HIM,B,213,0
2HIM,B,207,0
2HIM,C,236,0
2HIM,B,194,0
2HIM,D,171,0
2HIM,D,51,0
2HIM,B,31,0
2HIM,B,253,0
2HIM,B,322,0
2HIM,B,158,0
2HIM,C,265,0
2HIM,B,279,0
2HIM,D,41,0
2HIM,B,135,0
2HIM,D,79,0
2HIM,A,225,0
2HIM,D,301,0
2HIM,A,227,0
2HIM,D,17,0
2HIM,C,189,0
2HIM,D,313,0
2HIM,C,45,0
2HIM,D,268,0
2HIM,B,61,0
2HIM,C,190,0
2HIM,A,110,0
2HIM,C,299,0
2HIM,C,86,0
2HIM,D,189,0
2HIM,C,135,0
2HIM,C,112,0
2HIM,A,329,0
2HIM,B,92,0
2HIM,B,7,0
2HIM,D,249,0
2HIM,B,250,0
2HIM,D,243,0
2HIM,C,305,0
2HIM,B,287,0
2HIM,D,0,0
2HIM,C,106,0
2HIM,C,296,0
2HIM,D,230,0
2HIM,A,220,0
2HIM,A,42,0
2HIM,B,-4,0
2HIM,A,112,0
2HIM,B,60,0
1XMV,A,239,1
1XMV,A,103,1
1XMV,A,240,1
1XMV,A,262,1
1XMV,A,266,1
1XMV,A,192,1
1XMV,A,264,1
1XMV,A,227,1
1XMV,A,69,1
1XMV,A,71,1
1XMV,A,238,1
1XMV,A,265,1
1XMV,A,194,1
1XMV,A,70,1
1XMV,A,72,1
1XMV,A,100,1
1XMV,A,267,1
1XMV,A,68,1
1XMV,A,75,1
1XMV,A,73,1
1XMV,A,263,1
1XMV,A,67,1
1XMV,A,74,1
1XMV,A,102,1
1XMV,A,93,0
1XMV,A,328,0
1XMV,A,48,0
1XMV,A,187,0
1XMV,A,276,0
1XMV,A,115,0
1XMV,A,137,0
1XMV,A,33,0
1XMV,A,20,0
1XMV,A,298,0
1XMV,A,58,0
1XMV,A,34,0
1XMV,A,251,0
1XMV,A,248,0
1XMV,A,308,0
1XMV,A,313,0
1XMV,A,31,0
1XMV,A,303,0
1XMV,A,12,0
1XMV,A,24,0
1XMV,A,82,0
1XMV,A,274,0
1XMV,A,135,0
1XMV,A,35,0
1XMV,A,60,0
1XMV,A,92,0
1XMV,A,309,0
1XMV,A,54,0
1XMV,A,307,0
1XMV,A,182,0
1XMV,A,122,0
1XMV,A,286,0
1XMV,A,121,0
1XMV,A,10,0
1XMV,A,296,0
1XMV,A,284,0
1XMV,A,273,0
1XMV,A,59,0
1XMV,A,90,0
1XMV,A,214,0
1XMV,A,37,0
1XMV,A,184,0
1XMV,A,56,0
1XMV,A,325,0
1XMV,A,23,0
1XMV,A,278,0
1XMV,A,215,0
1XMV,A,281,0
1XMV,A,94,0
1XMV,A,300,0
1XMV,A,302,0
1XMV,A,275,0
1XMV,A,179,0
1XMV,A,321,0
1XMV,A,245,0
1XMV,A,314,0
1XMV,A,91,0
1XMV,A,39,0
1XMV,A,297,0
1XMV,A,57,0
1XMV,A,19,0
1XMV,A,173,0
1XMV,A,304,0
1XMV,A,32,0
1XMV,A,249,0
1XMV,A,117,0
1XMV,A,219,0
1XMV,A,218,0
1XMV,A,46,0
1XMV,A,132,0
1XMV,A,17,0
1XMV,A,11,0
3CMW,A,103,1
3CMW,A,240,1
3CMW,A,262,1
3CMW,A,1253,1
3CMW,A,1251,1
3CMW,A,192,1
3CMW,A,264,1
3CMW,A,1250,1
3CMW,A,1254,1
3CMW,A,227,1
3CMW,A,1330,1
3CMW,A,69,1
3CMW,A,71,1
3CMW,A,1255,1
3CMW,A,265,1
3CMW,A,1248,1
3CMW,A,1249,1
3CMW,A,70,1
3CMW,A,1217,1
3CMW,A,72,1
3CMW,A,100,1
3CMW,A,75,1
3CMW,A,68,1
3CMW,A,73,1
3CMW,A,1252,1
3CMW,A,67,1
3CMW,A,74,1
3CMW,A,102,1
3CMW,A,1004,0
3CMW,C,2122,0
3CMW,A,3196,0
3CMW,C,1043,0
3CMW,A,1205,0
3CMW,C,285,0
3CMW,C,98,0
3CMW,C,1151,0
3CMW,A,1024,0
3CMW,C,4028,0
3CMW,A,3059,0
3CMW,A,3041,0
3CMW,A,158,0
3CMW,A,3045,0
3CMW,A,1318,0
3CMW,A,3332,0
3CMW,C,4030,0
3CMW,A,3217,0
3CMW,C,3176,0
3CMW,C,3062,0
3CMW,A,3044,0
3CMW,A,4017,0
3CMW,C,305,0
3CMW,A,4186,0
3CMW,A,1201,0
3CMW,C,4228,0
3CMW,C,2115,0
3CMW,C,2055,0
3CMW,C,233,0
3CMW,A,4192,0
3CMW,A,3143,0
3CMW,C,4040,0
3CMW,A,3309,0
3CMW,C,288,0
3CMW,C,3060,0
3CMW,C,1010,0
3CMW,C,2210,0
3CMW,A,327,0
3CMW,A,3061,0
3CMW,C,293,0
3CMW,A,2059,0
3CMW,C,4133,0
3CMW,C,306,0
3CMW,C,116,0
3CMW,C,85,0
3CMW,C,1114,0
3CMW,C,4237,0
3CMW,C,4274,0
3CMW,A,4098,0
3CMW,C,1271,0
3CMW,A,4278,0
3CMW,A,1309,0
3CMW,A,3299,0
3CMW,A,4122,0
3CMW,C,155,0
3CMW,C,1018,0
3CMW,A,4086,0
3CMW,A,4091,0
3CMW,C,2015,0
3CMW,A,1092,0
3CMW,A,2091,0
3CMW,A,4139,0
3CMW,C,177,0
3CMW,C,2012,0
3CMW,A,1227,0
3CMW,A,2057,0
3CMW,C,141,0
3CMW,A,4231,0
3CMW,C,1300,0
3CMW,A,4180,0
3CMW,C,4179,0
3CMW,C,1113,0
3CMW,A,1158,0
3CMW,C,2053,0
3CMW,C,297,0
3CMW,A,4314,0
3CMW,C,4118,0
3CMW,A,4054,0
3CMW,C,2231,0
3CMW,C,328,0
3CMW,A,38,0
3CMW,C,4012,0
3CMW,C,2285,0
3CMW,C,48,0
1XXA,C,127,1
1XXA,A,113,1
1XXA,C,99,1
1XXA,A,109,1
1XXA,C,105,1
1XXA,D,128,1
1XXA,A,131,1
1XXA,A,107,1
1XXA,C,130,1
1XXA,D,102,1
1XXA,A,106,1
1XXA,C,126,1
1XXA,D,103,1
1XXA,C,129,1
1XXA,A,124,1
1XXA,A,126,1
1XXA,C,128,1
1XXA,A,110,1
1XXA,C,102,1
1XXA,A,125,1
1XXA,A,151,0
1XXA,B,97,0
1XXA,E,114,0
1XXA,D,90,0
1XXA,F,102,0
1XXA,C,149,0
1XXA,D,119,0
1XXA,D,87,0
1XXA,D,136,0
1XXA,C,140,0
1XXA,C,153,0
1XXA,D,98,0
1XXA,E,149,0
1XXA,D,97,0
1XXA,F,90,0
1XXA,B,111,0
1XXA,E,151,0
1XXA,B,116,0
1XXA,F,93,0
1XXA,D,139,0
1XXA,E,144,0
1XXA,C,81,0
1XXA,F,149,0
1XXA,F,84,0
1XXA,D,116,0
1XXA,B,138,0
1XXA,C,146,0
1XXA,C,112,0
1XXA,D,91,0
1XXA,D,118,0
1XXA,A,90,0
1XXA,D,134,0
1XXA,F,92,0
1XXA,F,88,0
1XXA,D,110,0
1XXA,B,101,0
1XXA,F,132,0
1XXA,C,141,0
1XXA,B,114,0
1XXA,C,142,0
1XXA,F,96,0
1XXA,A,139,0
1XXA,E,95,0
1XXA,D,109,0
1XXA,F,115,0
1XXA,B,102,0
1XXA,E,101,0
1XXA,F,101,0
1XXA,A,86,0
1XXA,E,94,0
1XXA,D,141,0
1XXA,D,147,0
1XXA,C,148,0
1XXA,E,118,0
1XXA,D,93,0
1XXA,E,132,0
1XXA,F,94,0
1XXA,A,87,0
1XXA,B,146,0
1XXA,C,150,0
1CE8,A,792,1
1CE8,A,893,1
1CE8,A,935,1
1CE8,A,1040,1
1CE8,A,783,1
1CE8,A,1043,1
1CE8,A,892,1
1CE8,A,1046,1
1CE8,A,895,1
1CE8,A,793,1
1CE8,A,906,1
1CE8,A,1042,1
1CE8,A,1039,1
1CE8,A,905,1
1CE8,A,907,1
1CE8,A,787,1
1CE8,A,791,1
1CE8,A,913,1
1CE8,A,1041,1
1CE8,A,958,0
1CE8,A,801,0
1CE8,A,144,0
1CE8,A,618,0
1CE8,A,859,0
1CE8,B,118,0
1CE8,A,656,0
1CE8,A,256,0
1CE8,A,331,0
1CE8,A,298,0
1CE8,B,73,0
1CE8,A,561,0
1CE8,B,161,0
1CE8,A,641,0
1CE8,A,162,0
1CE8,B,58,0
1CE8,A,653,0
1CE8,A,277,0
1CE8,B,69,0
1CE8,A,133,0
1CE8,B,37,0
1CE8,A,585,0
1CE8,B,314,0
1CE8,B,300,0
1CE8,A,216,0
1CE8,A,200,0
1CE8,A,328,0
1CE8,A,1020,0
1CE8,A,490,0
1CE8,A,377,0
1CE8,A,411,0
1CE8,A,999,0
1CE8,A,286,0
1CE8,A,582,0
1CE8,A,82,0
1CE8,B,129,0
1CE8,B,205,0
1CE8,A,173,0
1CE8,A,75,0
1CE8,B,179,0
1CE8,B,150,0
1CE8,B,271,0
1CE8,A,213,0
1CE8,B,349,0
1CE8,A,598,0
1CE8,A,757,0
1CE8,B,293,0
1CE8,A,829,0
1CE8,B,187,0
1CE8,B,80,0
1CE8,B,340,0
1CE8,B,342,0
1CE8,B,172,0
1CE8,A,141,0
1CE8,B,167,0
1CE8,A,530,0
1CE8,A,1003,0
2Q8M,A,218,1
2Q8M,A,221,1
2Q8M,A,225,1
2Q8M,A,207,1
2Q8M,A,203,1
2Q8M,A,222,1
2Q8M,A,210,1
2Q8M,B,179,0
2Q8M,A,134,0
2Q8M,B,189,0
2Q8M,B,314,0
2Q8M,B,153,0
2Q8M,A,69,0
2Q8M,B,9,0
2Q8M,A,196,0
2Q8M,A,9,0
2Q8M,B,40,0
2Q8M,B,93,0
2Q8M,B,224,0
2Q8M,A,71,0
2Q8M,A,170,0
2Q8M,A,12,0
2Q8M,A,83,0
2Q8M,B,70,0
2Q8M,B,167,0
2Q8M,B,116,0
2Q8M,A,77,0
2Q8M,B,147,0
4JAF,A,162,1
4JAF,A,113,1
4JAF,A,145,1
4JAF,A,158,1
4JAF,A,117,1
4JAF,A,166,1
4JAF,A,155,1
4JAF,A,111,1
4JAF,A,109,1
4JAF,A,115,1
4JAF,A,106,1
4JAF,A,187,1
4JAF,A,114,1
4JAF,A,147,1
4JAF,A,163,1
4JAF,A,159,1
4JAF,A,148,1
4JAF,A,189,1
4JAF,A,112,1
4JAF,A,110,1
4JAF,A,108,1
4JAF,A,167,1
4JAF,B,1203,0
4JAF,B,1359,0
4JAF,A,222,0
4JAF,A,230,0
4JAF,A,36,0
4JAF,A,361,0
4JAF,B,1005,0
4JAF,A,362,0
4JAF,A,83,0
4JAF,A,265,0
4JAF,B,1018,0
4JAF,B,1402,0
4JAF,A,347,0
4JAF,A,295,0
4JAF,B,1223,0
4JAF,B,1075,0
4JAF,A,178,0
4JAF,A,268,0
4JAF,B,1035,0
4JAF,B,1322,0
4JAF,A,319,0
4JAF,B,1207,0
4JAF,B,1003,0
4JAF,B,1293,0
4JAF,B,1233,0
4JAF,A,330,0
4JAF,A,279,0
4JAF,A,393,0
4JAF,B,1081,0
4JAF,A,223,0
4JAF,B,1423,0
4JAF,B,1231,0
4JAF,A,354,0
4JAF,A,40,0
4JAF,A,125,0
4JAF,A,242,0
4JAF,A,358,0
4JAF,B,1372,0
4JAF,A,34,0
4JAF,A,235,0
4JAF,B,1343,0
4JAF,B,1301,0
4JAF,A,240,0
4JAF,B,1392,0
4JAF,B,1195,0
4JAF,B,1382,0
4JAF,B,1407,0
4JAF,A,325,0
4JAF,A,414,0
4JAF,B,1121,0
4JAF,A,357,0
4JAF,A,372,0
4JAF,B,1182,0
4JAF,A,55,0
4JAF,A,401,0
4JAF,B,1067,0
4JAF,B,1274,0
4JAF,B,1294,0
4JAF,A,284,0
4JAF,A,237,0
4JAF,A,233,0
4JAF,B,1131,0
4JAF,B,1227,0
4JAF,B,1012,0
4JAF,A,71,0
4JAF,B,1209,0
1EFA,A,248,1
1EFA,A,127,1
1EFA,A,246,1
1EFA,A,76,1
1EFA,A,296,1
1EFA,A,79,1
1EFA,A,274,1
1EFA,A,247,1
1EFA,A,69,1
1EFA,A,193,1
1EFA,A,197,1
1EFA,A,149,1
1EFA,A,245,1
1EFA,A,220,1
1EFA,A,291,1
1EFA,A,150,1
1EFA,A,148,1
1EFA,A,161,1
1EFA,A,191,1
1EFA,A,293,1
1EFA,A,75,1
1EFA,A,273,1
1EFA,A,73,1
1EFA,A,160,1
1EFA,A,125,1
1EFA,A,74,1
1EFA,B,64,0
1EFA,A,315,0
1EFA,C,220,0
1EFA,B,118,0
1EFA,C,99,0
1EFA,C,265,0
1EFA,B,261,0
1EFA,B,86,0
1EFA,C,253,0
1EFA,B,60,0
1EFA,A,264,0
1EFA,B,210,0
1EFA,B,88,0
1EFA,B,84,0
1EFA,C,78,0
1EFA,B,250,0
1EFA,A,56,0
1EFA,B,255,0
1EFA,C,97,0
1EFA,A,12,0
1EFA,A,210,0
1EFA,A,55,0
1EFA,B,290,0
1EFA,A,214,0
1EFA,A,141,0
1EFA,C,291,0
1EFA,A,227,0
1EFA,C,277,0
1EFA,C,142,0
1EFA,C,272,0
1EFA,C,66,0
1EFA,C,141,0
1EFA,C,67,0
1EFA,A,206,0
1EFA,B,323,0
1EFA,A,145,0
1EFA,A,40,0
1EFA,B,116,0
1EFA,A,24,0
1EFA,C,297,0
1EFA,C,153,0
1EFA,C,234,0
1EFA,C,246,0
1EFA,C,115,0
1EFA,A,94,0
1EFA,A,183,0
1EFA,B,189,0
1EFA,B,185,0
1EFA,B,80,0
1EFA,C,264,0
1EFA,B,145,0
1EFA,C,295,0
1EFA,C,147,0
1EFA,B,228,0
1EFA,B,53,0
1EFA,C,318,0
1EFA,B,226,0
1EFA,B,191,0
1EFA,C,293,0
1EFA,B,207,0
1EFA,C,287,0
1EFA,C,148,0
1EFA,A,241,0
1EFA,C,165,0
1EFA,C,216,0
1EFA,B,44,0
1EFA,B,192,0
1EFA,C,137,0
1EFA,C,171,0
1EFA,B,161,0
1EFA,B,14,0
1EFA,B,252,0
1EFA,B,284,0
1EFA,B,200,0
1EFA,C,330,0
1EFA,C,289,0
1EFA,C,136,0
1EFA,C,144,0
2PA3,A,350,1
2PA3,A,377,1
2PA3,A,348,1
2PA3,A,372,1
2PA3,A,370,1
2PA3,A,344,1
2PA3,A,347,1
2PA3,A,349,1
2PA3,A,345,1
2PA3,A,352,1
2PA3,A,351,1
2PA3,A,346,1
2PA3,A,193,0
2PA3,A,201,0
2PA3,A,234,0
2PA3,A,207,0
2PA3,A,40,0
2PA3,A,317,0
2PA3,A,38,0
2PA3,A,32,0
2PA3,A,410,0
2PA3,A,112,0
2PA3,A,382,0
2PA3,A,284,0
2PA3,A,104,0
2PA3,A,101,0
2PA3,A,51,0
2PA3,A,49,0
2PA3,A,197,0
2PA3,A,320,0
2PA3,A,149,0
2PA3,A,148,0
2PA3,A,106,0
2PA3,A,6,0
2PA3,A,168,0
2PA3,A,121,0
2PA3,A,110,0
2PA3,A,226,0
2PA3,A,33,0
2PA3,A,187,0
2PA3,A,150,0
2PA3,A,172,0
2PA3,A,196,0
2PA3,A,54,0
2PA3,A,396,0
2PA3,A,46,0
2PA3,A,241,0
2PA3,A,165,0
2R1R,B,246,1
2R1R,A,269,1
2R1R,A,277,1
2R1R,A,262,1
2R1R,A,237,1
2R1R,A,270,1
2R1R,A,235,1
2R1R,A,274,1
2R1R,A,268,1
2R1R,A,281,1
2R1R,A,233,1
2R1R,A,276,1
2R1R,A,275,1
2R1R,A,261,1
2R1R,A,232,1
2R1R,A,267,1
2R1R,A,273,1
2R1R,B,249,1
2R1R,A,234,1
2R1R,B,292,1
2R1R,B,546,0
2R1R,A,402,0
2R1R,A,705,0
2R1R,C,46,0
2R1R,B,483,0
2R1R,B,69,0
2R1R,A,463,0
2R1R,B,592,0
2R1R,C,362,0
2R1R,A,12,0
2R1R,C,691,0
2R1R,C,121,0
2R1R,C,17,0
2R1R,A,63,0
2R1R,A,65,0
2R1R,A,736,0
2R1R,C,143,0
2R1R,A,212,0
2R1R,A,588,0
2R1R,A,76,0
2R1R,A,473,0
2R1R,B,530,0
2R1R,C,325,0
2R1R,A,599,0
2R1R,A,661,0
2R1R,B,505,0
2R1R,B,283,0
2R1R,A,590,0
2R1R,A,627,0
2R1R,A,403,0
2R1R,A,302,0
2R1R,B,74,0
2R1R,C,62,0
2R1R,B,584,0
2R1R,A,338,0
2R1R,B,720,0
2R1R,B,117,0
2R1R,C,428,0
2R1R,A,191,0
2R1R,A,683,0
2R1R,B,695,0
2R1R,A,401,0
2R1R,B,47,0
2R1R,A,538,0
2R1R,A,501,0
2R1R,C,604,0
2R1R,A,425,0
2R1R,B,196,0
2R1R,A,208,0
2R1R,C,308,0
2R1R,C,206,0
2R1R,B,689,0
2R1R,C,87,0
2R1R,B,606,0
2R1R,A,479,0
2R1R,B,268,0
2R1R,C,636,0
2R1R,C,470,0
2R1R,B,175,0
2R1R,A,196,0
3R1R,A,62,1
3R1R,A,18,1
3R1R,A,21,1
3R1R,A,58,1
3R1R,A,91,1
3R1R,A,10,1
3R1R,A,15,1
3R1R,A,25,1
3R1R,A,84,1
3R1R,A,59,1
3R1R,A,9,1
3R1R,A,19,1
3R1R,A,17,1
3R1R,A,16,1
3R1R,A,87,1
3R1R,A,7,1
3R1R,A,88,1
3R1R,A,22,1
3R1R,A,55,1
3R1R,B,152,0
3R1R,C,675,0
3R1R,B,274,0
3R1R,C,122,0
3R1R,A,590,0
3R1R,C,161,0
3R1R,D,366,0
3R1R,B,721,0
3R1R,C,275,0
3R1R,B,728,0
3R1R,C,494,0
3R1R,C,137,0
3R1R,A,115,0
3R1R,C,70,0
3R1R,E,373,0
3R1R,C,153,0
3R1R,A,689,0
3R1R,A,532,0
3R1R,A,570,0
3R1R,A,234,0
3R1R,C,661,0
3R1R,A,210,0
3R1R,B,212,0
3R1R,C,646,0
3R1R,B,459,0
3R1R,B,693,0
3R1R,B,71,0
3R1R,B,472,0
3R1R,B,418,0
3R1R,C,550,0
3R1R,B,198,0
3R1R,C,662,0
3R1R,D,373,0
3R1R,C,97,0
3R1R,B,447,0
3R1R,F,367,0
3R1R,C,524,0
3R1R,A,317,0
3R1R,B,729,0
3R1R,A,448,0
3R1R,B,45,0
3R1R,B,55,0
3R1R,A,700,0
3R1R,C,703,0
3R1R,B,415,0
3R1R,F,365,0
3R1R,B,399,0
3R1R,A,190,0
3R1R,B,178,0
3R1R,B,27,0
3R1R,A,206,0
3R1R,C,78,0
3R1R,A,585,0
3R1R,C,506,0
3R1R,C,413,0
3R1R,A,573,0
3R1R,F,375,0
2WU1,A,259,1
2WU1,A,2,1
2WU1,A,235,1
2WU1,A,1,1
2WU1,A,234,1
2WU1,A,255,1
2WU1,A,233,1
2WU1,A,258,1
2WU1,B,349,0
2WU1,B,516,0
2WU1,A,130,0
2WU1,B,404,0
2WU1,B,540,0
2WU1,B,559,0
2WU1,A,20,0
2WU1,A,219,0
2WU1,B,367,0
2WU1,A,266,0
2WU1,B,338,0
2WU1,B,452,0
2WU1,B,511,0
2WU1,B,513,0
2WU1,B,323,0
2WU1,B,444,0
2WU1,B,415,0
2WU1,A,109,0
2WU1,B,531,0
2WU1,A,156,0
2WU1,B,455,0
2WU1,B,541,0
2WU1,A,57,0
2WU1,B,322,0
2ATS,B,82,1
2ATS,A,268,1
2ATS,A,269,1
2ATS,B,83,1
2ATS,B,84,1
2ATS,B,121,1
2ATS,B,87,1
2ATS,B,86,1
2ATS,A,286,0
2ATS,A,171,0
2ATS,A,259,0
2ATS,A,143,0
2ATS,B,139,0
2ATS,B,219,0
2ATS,A,262,0
2ATS,A,175,0
2ATS,A,173,0
2ATS,B,246,0
2ATS,A,104,0
2ATS,A,73,0
2ATS,A,283,0
2ATS,A,193,0
2ATS,B,282,0
2ATS,B,67,0
2ATS,A,45,0
2ATS,A,108,0
2ATS,B,33,0
2ATS,A,282,0
2ATS,A,53,0
2ATS,B,245,0
2ATS,A,29,0
2ATS,B,191,0
1H5S,D,222,1
1H5S,A,260,1
1H5S,A,117,1
1H5S,D,221,1
1H5S,D,220,1
1H5S,A,253,1
1H5S,A,252,1
1H5S,A,115,1
1H5S,A,256,1
1H5S,A,250,1
1H5S,A,114,1
1H5S,A,257,1
1H5S,A,261,1
1H5S,A,120,1
1H5S,D,219,1
1H5S,A,251,1
1H5S,A,46,1
1H5S,A,118,1
1H5S,A,116,1
1H5S,A,119,1
1H5S,B,251,0
1H5S,D,57,0
1H5S,B,87,0
1H5S,D,212,0
1H5S,B,285,0
1H5S,B,30,0
1H5S,A,272,0
1H5S,B,130,0
1H5S,D,271,0
1H5S,D,177,0
1H5S,B,185,0
1H5S,A,283,0
1H5S,D,49,0
1H5S,D,283,0
1H5S,C,91,0
1H5S,D,289,0
1H5S,C,169,0
1H5S,D,260,0
1H5S,B,163,0
1H5S,D,93,0
1H5S,A,96,0
1H5S,B,143,0
1H5S,D,27,0
1H5S,D,146,0
1H5S,A,231,0
1H5S,D,58,0
1H5S,D,65,0
1H5S,D,7,0
1H5S,B,165,0
1H5S,B,227,0
1H5S,D,47,0
1H5S,D,196,0
1H5S,B,107,0
1H5S,C,117,0
1H5S,A,146,0
1H5S,C,66,0
1H5S,D,239,0
1H5S,C,71,0
1H5S,A,271,0
1H5S,D,111,0
1H5S,D,204,0
1H5S,D,6,0
1H5S,D,240,0
1H5S,D,44,0
1H5S,A,138,0
1H5S,D,170,0
1H5S,C,228,0
1H5S,C,153,0
1H5S,B,250,0
1H5S,C,144,0
1H5S,A,52,0
1H5S,B,3,0
1H5S,C,12,0
1H5S,C,258,0
1H5S,D,86,0
1H5S,D,147,0
1H5S,D,89,0
1H5S,B,242,0
1H5S,B,23,0
1H5S,A,187,0
4JNE,A,199,1
4JNE,A,12,1
4JNE,A,368,1
4JNE,A,8,1
4JNE,A,342,1
4JNE,A,270,1
4JNE,A,10,1
4JNE,A,198,1
4JNE,A,274,1
4JNE,A,143,1
4JNE,A,228,1
4JNE,A,345,1
4JNE,A,233,1
4JNE,A,13,1
4JNE,A,197,1
4JNE,A,11,1
4JNE,A,346,1
4JNE,A,341,1
4JNE,A,196,1
4JNE,A,340,1
4JNE,A,9,1
4JNE,A,367,1
4JNE,A,194,1
4JNE,A,70,1
4JNE,A,267,1
4JNE,A,230,1
4JNE,A,343,1
4JNE,B,31,1
4JNE,A,38,1
4JNE,B,32,1
4JNE,A,171,1
4JNE,A,229,1
4JNE,A,195,1
4JNE,A,271,1
4JNE,B,515,0
4JNE,A,538,0
4JNE,A,468,0
4JNE,B,112,0
4JNE,B,129,0
4JNE,A,128,0
4JNE,B,7,0
4JNE,B,138,0
4JNE,A,516,0
4JNE,A,179,0
4JNE,A,415,0
4JNE,B,58,0
4JNE,B,446,0
4JNE,A,550,0
4JNE,B,447,0
4JNE,A,427,0
4JNE,A,167,0
4JNE,B,400,0
4JNE,A,354,0
4JNE,A,102,0
4JNE,A,544,0
4JNE,B,241,0
4JNE,A,63,0
4JNE,B,502,0
4JNE,B,206,0
4JNE,A,320,0
4JNE,B,354,0
4JNE,B,307,0
4JNE,A,18,0
4JNE,B,409,0
4JNE,B,281,0
4JNE,A,22,0
4JNE,B,284,0
4JNE,B,527,0
4JNE,B,223,0
4JNE,B,321,0
4JNE,B,49,0
4JNE,B,38,0
4JNE,B,236,0
4JNE,B,334,0
4JNE,B,102,0
4JNE,A,592,0
4JNE,A,295,0
4JNE,B,568,0
4JNE,A,517,0
4JNE,A,571,0
4JNE,B,160,0
4JNE,B,438,0
4JNE,B,359,0
4JNE,A,152,0
4JNE,B,94,0
4JNE,B,244,0
4JNE,A,384,0
4JNE,A,135,0
4JNE,A,90,0
4JNE,B,283,0
4JNE,B,419,0
4JNE,B,481,0
4JNE,A,133,0
4JNE,A,584,0
4JNE,B,549,0
4JNE,B,305,0
4JNE,B,600,0
4JNE,B,161,0
4JNE,A,577,0
4JNE,A,428,0
4JNE,B,429,0
4JNE,A,403,0
4JNE,B,445,0
4JNE,B,150,0
4JNE,B,117,0
4JNE,B,275,0
4JNE,A,183,0
4JNE,B,116,0
4JNE,B,246,0
4JNE,B,565,0
4JNE,A,402,0
4JNE,A,378,0
4JNE,B,582,0
4JNE,A,587,0
4JNE,A,5,0
4JNE,B,141,0
4JNE,B,374,0
4JNE,A,514,0
4JNE,B,266,0
4JNE,B,532,0
4JNE,A,425,0
4JNE,B,316,0
4JNE,A,358,0
4JNE,B,416,0
4JNE,B,443,0
4JNE,A,59,0
4JNE,A,600,0
4JNE,A,250,0
4JNE,B,480,0
4JNE,A,499,0
4JNE,B,332,0
4JNE,B,88,0
4JNE,B,338,0
4JNE,B,13,0
4JNE,B,476,0
4JNE,B,221,0
2V4Y,F,72,1
2V4Y,F,75,1
2V4Y,A,103,1
2V4Y,A,92,1
2V4Y,A,89,1
2V4Y,A,96,1
2V4Y,E,120,1
2V4Y,E,124,1
2V4Y,A,130,1
2V4Y,E,157,1
2V4Y,A,93,1
2V4Y,F,71,1
2V4Y,A,100,1
2V4Y,A,101,1
2V4Y,A,94,1
2V4Y,F,70,1
2V4Y,A,97,1
2V4Y,E,123,1
2V4Y,E,119,1
2V4Y,A,125,1
2V4Y,E,121,1
2V4Y,E,127,1
2V4Y,A,102,1
2V4Y,B,194,0
2V4Y,E,106,0
2V4Y,C,11,0
2V4Y,D,63,0
2V4Y,D,48,0
2V4Y,F,192,0
2V4Y,B,149,0
2V4Y,D,212,0
2V4Y,A,175,0
2V4Y,B,145,0
2V4Y,B,25,0
2V4Y,F,114,0
2V4Y,A,144,0
2V4Y,D,92,0
2V4Y,D,74,0
2V4Y,C,191,0
2V4Y,E,144,0
2V4Y,E,162,0
2V4Y,D,159,0
2V4Y,C,109,0
2V4Y,C,237,0
2V4Y,C,65,0
2V4Y,E,84,0
2V4Y,B,152,0
2V4Y,F,227,0
2V4Y,B,46,0
2V4Y,B,112,0
2V4Y,F,166,0
2V4Y,A,207,0
2V4Y,F,86,0
2V4Y,F,152,0
2V4Y,B,213,0
2V4Y,D,209,0
2V4Y,C,131,0
2V4Y,D,191,0
2V4Y,A,195,0
2V4Y,C,42,0
2V4Y,C,230,0
2V4Y,C,160,0
2V4Y,E,35,0
2V4Y,E,21,0
2V4Y,C,215,0
2V4Y,F,195,0
2V4Y,A,137,0
2V4Y,D,239,0
2V4Y,A,138,0
2V4Y,B,88,0
2V4Y,D,187,0
2V4Y,A,222,0
2V4Y,D,194,0
2V4Y,B,216,0
2V4Y,B,53,0
2V4Y,C,238,0
2V4Y,A,186,0
2V4Y,A,148,0
2V4Y,E,231,0
2V4Y,E,204,0
2V4Y,E,102,0
2V4Y,E,196,0
2V4Y,A,48,0
2V4Y,C,132,0
2V4Y,D,8,0
2V4Y,E,221,0
2V4Y,F,24,0
2V4Y,A,192,0
2V4Y,C,15,0
2V4Y,C,110,0
2V4Y,F,111,0
2V4Y,F,25,0
1KFL,A,211,1
1KFL,A,40,1
1KFL,B,5,1
1KFL,A,180,1
1KFL,B,10,1
1KFL,A,209,1
1KFL,A,155,1
1KFL,A,175,1
1KFL,A,214,1
1KFL,A,179,1
1KFL,B,13,1
1KFL,A,212,1
1KFL,B,9,1
1KFL,A,154,1
1KFL,B,6,1
1KFL,A,213,1
1KFL,A,178,1
1KFL,A,221,1
1KFL,B,7,1
1KFL,A,150,1
1KFL,A,148,1
1KFL,A,151,1
1KFL,A,181,1
1KFL,B,8,1
1KFL,A,103,0
1KFL,B,72,0
1KFL,A,264,0
1KFL,A,17,0
1KFL,A,70,0
1KFL,B,57,0
1KFL,B,94,0
1KFL,A,86,0
1KFL,A,87,0
1KFL,B,329,0
1KFL,A,89,0
1KFL,A,29,0
1KFL,A,318,0
1KFL,A,347,0
1KFL,A,188,0
1KFL,A,90,0
1KFL,B,45,0
1KFL,B,328,0
1KFL,B,186,0
1KFL,B,242,0
1KFL,A,310,0
1KFL,A,334,0
1KFL,B,202,0
1KFL,A,343,0
1KFL,B,55,0
1KFL,B,289,0
1KFL,B,70,0
1KFL,B,130,0
1KFL,A,76,0
1KFL,A,327,0
1KFL,A,92,0
1KFL,A,253,0
1KFL,A,235,0
1KFL,B,297,0
1KFL,B,188,0
1KFL,A,278,0
1KFL,B,75,0
1KFL,B,82,0
1KFL,A,96,0
1KFL,A,114,0
1KFL,B,315,0
1KFL,A,312,0
1KFL,B,74,0
1KFL,B,155,0
1KFL,B,161,0
1KFL,A,329,0
1KFL,B,206,0
1KFL,B,321,0
1KFL,A,237,0
1KFL,B,237,0
1KFL,B,192,0
1KFL,A,309,0
1KFL,B,23,0
1KFL,B,267,0
1KFL,A,61,0
1KFL,B,273,0
1KFL,B,339,0
1KFL,A,246,0
1KFL,A,57,0
1KFL,A,316,0
1KFL,B,126,0
1KFL,B,129,0
1KFL,B,59,0
1KFL,B,346,0
1KFL,A,333,0
1KFL,B,25,0
1KFL,B,334,0
1KFL,B,205,0
1KFL,A,258,0
1KFL,B,67,0
1KFL,A,261,0
1KFL,B,225,0
2J0X,A,348,1
2J0X,B,342,1
2J0X,A,344,1
2J0X,A,349,1
2J0X,A,326,1
2J0X,A,319,1
2J0X,A,321,1
2J0X,B,341,1
2J0X,A,347,1
2J0X,B,338,1
2J0X,B,340,1
2J0X,A,345,1
2J0X,B,339,1
2J0X,A,346,1
2J0X,A,322,1
2J0X,B,329,1
2J0X,B,337,1
2J0X,A,324,1
2J0X,B,354,1
2J0X,A,318,1
2J0X,A,325,1
2J0X,A,320,1
2J0X,A,323,1
2J0X,A,242,0
2J0X,A,155,0
2J0X,B,316,0
2J0X,B,404,0
2J0X,B,297,0
2J0X,B,370,0
2J0X,B,129,0
2J0X,B,234,0
2J0X,A,400,0
2J0X,A,273,0
2J0X,A,189,0
2J0X,A,133,0
2J0X,B,46,0
2J0X,A,436,0
2J0X,B,68,0
2J0X,A,396,0
2J0X,A,384,0
2J0X,A,354,0
2J0X,A,91,0
2J0X,B,81,0
2J0X,B,66,0
2J0X,B,158,0
2J0X,A,121,0
2J0X,B,274,0
2J0X,A,40,0
2J0X,B,117,0
2J0X,B,42,0
2J0X,A,268,0
2J0X,B,372,0
2J0X,B,149,0
2J0X,A,444,0
2J0X,B,151,0
2J0X,B,273,0
2J0X,B,74,0
2J0X,A,222,0
2J0X,A,173,0
2J0X,B,287,0
2J0X,B,69,0
2J0X,B,434,0
2J0X,A,10,0
2J0X,A,23,0
2J0X,B,33,0
2J0X,A,264,0
2J0X,A,6,0
2J0X,B,259,0
2J0X,A,267,0
2J0X,A,132,0
2J0X,A,309,0
2J0X,B,400,0
2J0X,A,207,0
2J0X,A,49,0
2J0X,A,168,0
2J0X,A,338,0
2J0X,A,203,0
2J0X,B,398,0
2J0X,A,125,0
2J0X,B,153,0
2J0X,B,219,0
2J0X,B,384,0
2J0X,A,148,0
2J0X,B,386,0
2J0X,A,291,0
2J0X,B,132,0
2J0X,A,80,0
2J0X,B,65,0
2J0X,A,225,0
2J0X,A,204,0
2J0X,A,305,0
2J0X,A,54,0
2JFN,A,226,1
2JFN,A,113,1
2JFN,A,104,1
2JFN,A,117,1
2JFN,A,111,1
2JFN,A,115,1
2JFN,A,96,1
2JFN,A,143,1
2JFN,A,227,1
2JFN,A,233,1
2JFN,A,114,1
2JFN,A,147,1
2JFN,A,231,1
2JFN,A,120,1
2JFN,A,150,1
2JFN,A,112,1
2JFN,A,100,1
2JFN,A,230,1
2JFN,A,97,1
2JFN,A,234,1
2JFN,A,151,1
2JFN,A,118,1
2JFN,A,116,1
2JFN,A,119,1
2JFN,A,253,0
2JFN,A,76,0
2JFN,A,192,0
2JFN,A,280,0
2JFN,A,84,0
2JFN,A,34,0
2JFN,A,83,0
2JFN,A,275,0
2JFN,A,259,0
2JFN,A,206,0
2JFN,A,66,0
2JFN,A,82,0
2JFN,A,162,0
2JFN,A,186,0
2JFN,A,184,0
2JFN,A,244,0
2JFN,A,262,0
2JFN,A,57,0
2JFN,A,190,0
2JFN,A,176,0
2JFN,A,22,0
2JFN,A,58,0
2JFN,A,282,0
2JFN,A,169,0
2JFN,A,23,0
2JFN,A,74,0
2JFN,A,52,0
2JFN,A,191,0
2JFN,A,222,0
2JFN,A,245,0
2JFN,A,177,0
2JFN,A,256,0
2JFN,A,160,0
2JFN,A,196,0
2JFN,A,178,0
2JFN,A,214,0
2JFN,A,32,0
2JFN,A,188,0
2JFN,A,129,0
2JFN,A,255,0
2JFN,A,268,0
2JFN,A,166,0
2JFN,A,33,0
2JFN,A,260,0
2JFN,A,29,0
2JFN,A,136,0
2JFN,A,21,0
2JFN,A,67,0
2JFN,A,63,0
2JFN,A,270,0
2JFN,A,265,0
2JFN,A,46,0
2JFN,A,194,0
2JFN,A,220,0
2JFN,A,174,0
2JFN,A,171,0
2JFN,A,198,0
2JFN,A,156,0
2JFN,A,70,0
2JFN,A,263,0
2JFN,A,173,0
2JFN,A,246,0
2JFN,A,221,0
2JFN,A,164,0
2JFN,A,193,0
2JFN,A,165,0
2JFN,A,170,0
2JFN,A,277,0
2JFN,A,254,0
2JFN,A,51,0
2JFN,A,195,0
2JFN,A,168,0
1PFK,A,211,1
1PFK,B,21,1
1PFK,B,60,1
1PFK,B,58,1
1PFK,A,158,1
1PFK,A,216,1
1PFK,A,215,1
1PFK,A,214,1
1PFK,B,61,1
1PFK,A,319,1
1PFK,A,212,1
1PFK,A,185,1
1PFK,B,59,1
1PFK,B,25,1
1PFK,B,57,1
1PFK,A,154,1
1PFK,A,184,1
1PFK,A,187,1
1PFK,A,213,1
1PFK,B,55,1
1PFK,B,54,1
1PFK,A,239,0
1PFK,B,159,0
1PFK,B,219,0
1PFK,B,235,0
1PFK,B,87,0
1PFK,A,117,0
1PFK,A,303,0
1PFK,A,81,0
1PFK,B,95,0
1PFK,A,42,0
1PFK,A,304,0
1PFK,A,234,0
1PFK,A,279,0
1PFK,B,96,0
1PFK,A,202,0
1PFK,B,69,0
1PFK,A,2,0
1PFK,B,208,0
1PFK,A,128,0
1PFK,A,77,0
1PFK,A,135,0
1PFK,A,262,0
1PFK,A,221,0
1PFK,B,141,0
1PFK,B,254,0
1PFK,A,223,0
1PFK,B,133,0
1PFK,A,256,0
1PFK,A,301,0
1PFK,B,83,0
1PFK,B,33,0
1PFK,A,134,0
1PFK,A,228,0
1PFK,A,20,0
1PFK,B,86,0
1PFK,A,109,0
1PFK,A,241,0
1PFK,B,315,0
1PFK,A,312,0
1PFK,B,97,0
1PFK,B,99,0
1PFK,B,182,0
1PFK,B,74,0
1PFK,B,241,0
1PFK,B,9,0
1PFK,A,40,0
1PFK,B,228,0
1PFK,A,48,0
1PFK,B,135,0
1PFK,B,102,0
1PFK,B,314,0
1PFK,A,82,0
1PFK,A,127,0
1PFK,B,209,0
1PFK,B,128,0
1PFK,A,33,0
1PFK,B,236,0
1PFK,B,248,0
1PFK,A,236,0
1PFK,B,316,0
1PFK,B,150,0
1PFK,B,251,0
1PFK,A,59,0
3EPS,A,377,1
3EPS,A,113,1
3EPS,A,376,1
3EPS,A,104,1
3EPS,A,121,1
3EPS,A,54,1
3EPS,A,292,1
3EPS,A,58,1
3EPS,A,298,1
3EPS,A,378,1
3EPS,A,109,1
3EPS,A,105,1
3EPS,A,295,1
3EPS,A,122,1
3EPS,A,291,1
3EPS,A,379,1
3EPS,A,100,1
3EPS,A,101,1
3EPS,A,108,1
3EPS,A,375,1
3EPS,A,294,1
3EPS,A,55,1
3EPS,A,116,1
3EPS,A,123,1
3EPS,A,93,0
3EPS,A,533,0
3EPS,B,558,0
3EPS,B,366,0
3EPS,B,532,0
3EPS,A,251,0
3EPS,B,263,0
3EPS,A,67,0
3EPS,B,421,0
3EPS,A,12,0
3EPS,B,285,0
3EPS,A,394,0
3EPS,B,548,0
3EPS,B,8,0
3EPS,A,203,0
3EPS,B,37,0
3EPS,A,436,0
3EPS,B,49,0
3EPS,B,479,0
3EPS,A,259,0
3EPS,A,26,0
3EPS,A,129,0
3EPS,A,318,0
3EPS,A,555,0
3EPS,B,72,0
3EPS,A,354,0
3EPS,A,430,0
3EPS,B,218,0
3EPS,B,382,0
3EPS,B,364,0
3EPS,B,460,0
3EPS,A,566,0
3EPS,A,236,0
3EPS,B,384,0
3EPS,A,307,0
3EPS,A,483,0
3EPS,B,561,0
3EPS,A,473,0
3EPS,B,549,0
3EPS,B,115,0
3EPS,A,82,0
3EPS,A,505,0
3EPS,B,216,0
3EPS,B,88,0
3EPS,A,269,0
3EPS,A,333,0
3EPS,B,545,0
3EPS,A,403,0
3EPS,A,416,0
3EPS,B,76,0
3EPS,B,109,0
3EPS,A,151,0
3EPS,A,213,0
3EPS,B,283,0
3EPS,A,278,0
3EPS,B,524,0
3EPS,B,392,0
3EPS,B,41,0
3EPS,A,232,0
3EPS,A,358,0
3EPS,A,66,0
3EPS,A,37,0
3EPS,A,567,0
3EPS,B,114,0
3EPS,B,4,0
3EPS,B,62,0
3EPS,B,11,0
3EPS,B,427,0
3EPS,B,301,0
3EPS,A,323,0
3EPS,B,45,0
3EPS,A,314,0
3VQ8,B,170,1
3VQ8,B,171,1
3VQ8,A,133,1
3VQ8,B,169,1
3VQ8,B,174,1
3VQ8,A,95,1
3VQ8,B,168,1
3VQ8,A,128,1
3VQ8,B,178,1
3VQ8,A,125,1
3VQ8,A,99,1
3VQ8,A,132,1
3VQ8,A,129,1
3VQ8,A,102,1
3VQ8,A,98,1
3VQ8,A,116,0
3VQ8,B,81,0
3VQ8,B,100,0
3VQ8,A,175,0
3VQ8,A,77,0
3VQ8,B,71,0
3VQ8,A,157,0
3VQ8,A,78,0
3VQ8,B,129,0
3VQ8,A,159,0
3VQ8,A,174,0
3VQ8,B,132,0
3VQ8,A,179,0
3VQ8,B,198,0
3VQ8,B,207,0
3VQ8,A,70,0
3VQ8,A,208,0
3VQ8,B,96,0
3VQ8,B,122,0
3VQ8,B,126,0
3VQ8,B,156,0
3VQ8,B,131,0
3VQ8,A,164,0
3VQ8,B,117,0
3VQ8,A,64,0
3VQ8,A,156,0
3VQ8,A,176,0
3VQ8,B,197,0
3VQ8,B,109,0
3VQ8,B,185,0
3VQ8,B,160,0
3VQ8,B,136,0
3VQ8,B,93,0
3VQ8,A,115,0
3VQ8,A,172,0
3VQ8,B,137,0
3VQ8,B,201,0
3VQ8,B,157,0
3VQ8,A,206,0
3VQ8,B,124,0
3VQ8,A,76,0
3VQ8,B,121,0
3VQ8,B,59,0
3VQ8,B,205,0
3VQ8,A,187,0
3L3V,B,99,1
3L3V,A,89,1
3L3V,A,96,1
3L3V,B,90,1
3L3V,A,87,1
3L3V,B,100,1
3L3V,A,88,1
3L3V,A,103,1
3L3V,A,173,1
3L3V,B,89,1
3L3V,B,88,1
3L3V,B,96,1
3L3V,A,99,1
3L3V,B,87,1
3L3V,A,100,1
3L3V,B,103,1
3L3V,B,173,1
3L3V,A,90,1
3L3V,B,185,0
3L3V,B,138,0
3L3V,A,64,0
3L3V,B,128,0
3L3V,B,154,0
3L3V,A,142,0
3L3V,B,182,0
3L3V,A,115,0
3L3V,A,119,0
3L3V,A,82,0
3L3V,A,84,0
3L3V,B,209,0
3L3V,A,61,0
3L3V,A,156,0
3L3V,A,111,0
3L3V,A,109,0
3L3V,B,192,0
3L3V,A,192,0
3L3V,B,190,0
3L3V,A,121,0
3L3V,B,81,0
3L3V,A,158,0
3L3V,B,163,0
3L3V,A,112,0
3L3V,A,153,0
3L3V,B,199,0
3L3V,A,141,0
3L3V,B,201,0
3L3V,B,77,0
3L3V,B,194,0
3L3V,B,63,0
3L3V,B,160,0
3L3V,B,69,0
3L3V,A,137,0
3L3V,B,134,0
3L3V,B,184,0
3L3V,A,60,0
3L3V,B,84,0
3L3V,A,168,0
3L3V,B,152,0
3L3V,A,134,0
3L3V,B,188,0
3L3V,B,131,0
3L3V,B,117,0
3L3V,B,204,0
3L3V,A,182,0
3L3V,A,110,0
3L3V,B,82,0
3L3V,A,117,0
3L3V,A,203,0
3L3V,B,119,0
3L3V,B,116,0
3L3V,B,165,0
3L3V,A,202,0
3HQP,A,489,1
3HQP,A,403,1
3HQP,A,404,1
3HQP,A,399,1
3HQP,A,485,1
3HQP,A,398,1
3HQP,A,402,1
3HQP,A,423,1
3HQP,A,400,1
3HQP,A,451,1
3HQP,A,450,1
3HQP,A,490,1
3HQP,A,479,1
3HQP,A,488,1
3HQP,A,456,1
3HQP,A,453,1
3HQP,A,405,1
3HQP,A,401,1
3HQP,A,486,1
3HQP,A,481,1
3HQP,A,480,1
3HQP,A,406,1
3HQP,A,487,1
3HQP,D,17,0
3HQP,A,118,0
3HQP,C,333,0
3HQP,B,345,0
3HQP,B,161,0
3HQP,B,198,0
3HQP,C,219,0
3HQP,C,129,0
3HQP,B,210,0
3HQP,D,24,0
3HQP,C,484,0
3HQP,B,24,0
3HQP,C,443,0
3HQP,C,233,0
3HQP,D,374,0
3HQP,B,278,0
3HQP,C,480,0
3HQP,A,72,0
3HQP,C,273,0
3HQP,A,27,0
3HQP,D,428,0
3HQP,C,212,0
3HQP,D,158,0
3HQP,B,405,0
3HQP,A,54,0
3HQP,D,65,0
3HQP,B,272,0
3HQP,C,268,0
3HQP,B,331,0
3HQP,B,62,0
3HQP,B,196,0
3HQP,D,259,0
3HQP,A,18,0
3HQP,C,26,0
3HQP,D,168,0
3HQP,C,323,0
3HQP,D,55,0
3HQP,C,210,0
3HQP,B,310,0
3HQP,D,206,0
3HQP,B,411,0
3HQP,A,366,0
3HQP,B,412,0
3HQP,A,147,0
3HQP,C,191,0
3HQP,A,270,0
3HQP,B,497,0
3HQP,C,102,0
3HQP,C,394,0
3HQP,C,17,0
3HQP,B,385,0
3HQP,C,274,0
3HQP,A,116,0
3HQP,A,320,0
3HQP,C,121,0
3HQP,C,7,0
3HQP,A,303,0
3HQP,A,331,0
3HQP,A,393,0
3HQP,B,288,0
3HQP,B,332,0
3HQP,B,295,0
3HQP,B,201,0
3HQP,A,182,0
3HQP,D,84,0
3HQP,D,442,0
3HQP,C,185,0
3HQP,B,365,0
3HQP,C,284,0
1Q5O,A,632,1
1Q5O,A,636,1
1Q5O,A,592,1
1Q5O,A,594,1
1Q5O,A,629,1
1Q5O,A,580,1
1Q5O,A,581,1
1Q5O,A,583,1
1Q5O,A,585,1
1Q5O,A,631,1
1Q5O,A,579,1
1Q5O,A,574,1
1Q5O,A,551,1
1Q5O,A,582,1
1Q5O,A,635,1
1Q5O,A,564,1
1Q5O,A,584,1
1Q5O,A,595,1
1Q5O,A,591,1
1Q5O,A,545,1
1Q5O,A,593,1
1Q5O,A,570,1
1Q5O,A,633,1
1Q5O,A,590,1
1Q5O,A,501,0
1Q5O,A,488,0
1Q5O,A,614,0
1Q5O,A,469,0
1Q5O,A,471,0
1Q5O,A,540,0
1Q5O,A,467,0
1Q5O,A,493,0
1Q5O,A,444,0
1Q5O,A,528,0
1Q5O,A,458,0
1Q5O,A,599,0
1Q5O,A,451,0
1Q5O,A,530,0
1Q5O,A,445,0
1Q5O,A,468,0
1Q5O,A,525,0
1Q5O,A,498,0
1Q5O,A,539,0
1Q5O,A,491,0
1Q5O,A,615,0
1Q5O,A,484,0
1Q5O,A,443,0
1Q5O,A,532,0
1Q5O,A,509,0
1Q5O,A,461,0
1Q5O,A,502,0
1Q5O,A,479,0
1Q5O,A,535,0
1Q5O,A,520,0
1Q5O,A,464,0
1Q5O,A,459,0
1Q5O,A,450,0
1Q5O,A,486,0
1Q5O,A,642,0
1Q5O,A,481,0
1Q5O,A,500,0
1Q5O,A,537,0
1Q5O,A,616,0
1Q5O,A,602,0
1Q5O,A,454,0
1Q5O,A,455,0
1Q5O,A,533,0
1Q5O,A,473,0
1Q5O,A,531,0
1Q5O,A,538,0
1Q5O,A,523,0
1Q5O,A,448,0
1Q5O,A,516,0
1Q5O,A,512,0
1Q5O,A,494,0
1Q5O,A,497,0
1Q5O,A,526,0
1Q5O,A,508,0
1Q5O,A,463,0
1Q5O,A,496,0
1Q5O,A,618,0
1Q5O,A,446,0
1Q5O,A,465,0
1Q5O,A,524,0
1Q5O,A,492,0
1Q5O,A,617,0
1Q5O,A,453,0
1Q5O,A,483,0
1Q5O,A,507,0
1Q5O,A,506,0
1Q5O,A,482,0
1Q5O,A,518,0
1Q5O,A,622,0
1Q5O,A,504,0
1Q5O,A,475,0
1Q5O,A,480,0
4P3H,A,50,1
4P3H,A,76,1
4P3H,A,45,1
4P3H,A,109,1
4P3H,A,79,1
4P3H,A,192,1
4P3H,A,80,1
4P3H,A,105,1
4P3H,A,106,1
4P3H,A,193,1
4P3H,A,84,1
4P3H,A,44,1
4P3H,A,189,1
4P3H,A,83,1
4P3H,A,110,1
4P3H,A,139,1
4P3H,A,102,1
4P3H,A,52,1
4P3H,A,90,1
4P3H,B,36,0
4P3H,B,23,0
4P3H,A,146,0
4P3H,B,59,0
4P3H,B,104,0
4P3H,B,114,0
4P3H,B,62,0
4P3H,B,31,0
4P3H,B,129,0
4P3H,A,64,0
4P3H,B,132,0
4P3H,B,13,0
4P3H,B,190,0
4P3H,A,14,0
4P3H,B,68,0
4P3H,B,115,0
4P3H,A,173,0
4P3H,B,154,0
4P3H,A,26,0
4P3H,B,90,0
4P3H,A,127,0
4P3H,B,108,0
4P3H,A,171,0
4P3H,B,39,0
4P3H,B,86,0
4P3H,A,12,0
4P3H,B,33,0
4P3H,B,9,0
4P3H,B,60,0
4P3H,B,65,0
4P3H,A,67,0
4P3H,B,12,0
4P3H,B,73,0
4P3H,B,151,0
4P3H,B,67,0
4P3H,B,137,0
4P3H,B,155,0
4P3H,A,143,0
4P3H,B,166,0
4P3H,B,183,0
4P3H,A,152,0
4P3H,B,174,0
4P3H,A,176,0
4P3H,B,194,0
4P3H,B,164,0
4P3H,A,182,0
4P3H,A,174,0
4P3H,B,102,0
4P3H,A,31,0
4P3H,B,16,0
4P3H,B,143,0
4P3H,A,24,0
4P3H,A,4,0
4P3H,A,160,0
4P3H,B,169,0
4P3H,B,4,0
4P3H,A,132,0
2PUV,B,485,1
2PUV,B,388,1
2PUV,B,473,1
2PUV,B,475,1
2PUV,B,484,1
2PUV,B,491,1
2PUV,B,490,1
2PUV,B,492,1
2PUV,B,479,1
2PUV,B,494,1
2PUV,B,488,1
2PUV,B,476,1
2PUV,B,474,1
2PUV,B,384,1
2PUV,B,386,1
2PUV,B,383,1
2PUV,B,372,1
2PUV,B,385,1
2PUV,B,487,1
2PUV,B,489,1
2PUV,B,483,1
2PUV,B,663,0
2PUV,A,670,0
2PUV,A,513,0
2PUV,C,407,0
2PUV,C,441,0
2PUV,D,436,0
2PUV,D,648,0
2PUV,B,623,0
2PUV,C,608,0
2PUV,A,466,0
2PUV,A,679,0
2PUV,D,570,0
2PUV,C,358,0
2PUV,C,610,0
2PUV,B,498,0
2PUV,B,692,0
2PUV,C,633,0
2PUV,D,401,0
2PUV,D,591,0
2PUV,A,523,0
2PUV,C,619,0
2PUV,C,490,0
2PUV,A,458,0
2PUV,D,635,0
2PUV,C,380,0
2PUV,B,352,0
2PUV,B,665,0
2PUV,D,407,0
2PUV,B,360,0
2PUV,B,356,0
2PUV,C,683,0
2PUV,B,501,0
2PUV,C,542,0
2PUV,B,648,0
2PUV,D,377,0
2PUV,D,413,0
2PUV,C,640,0
2PUV,D,411,0
2PUV,B,405,0
2PUV,D,442,0
2PUV,D,367,0
2PUV,D,390,0
2PUV,C,697,0
2PUV,C,564,0
2PUV,A,512,0
2PUV,A,459,0
2PUV,C,647,0
2PUV,A,418,0
2PUV,A,461,0
2PUV,C,573,0
2PUV,B,611,0
2PUV,C,362,0
2PUV,C,672,0
2PUV,A,474,0
2PUV,B,612,0
2PUV,C,359,0
2PUV,B,596,0
2PUV,B,457,0
2PUV,C,691,0
2PUV,B,643,0
2PUV,C,562,0
2PUV,D,521,0
2PUV,B,595,0
3I54,A,77,1
3I54,A,81,1
3I54,A,92,1
3I54,B,131,1
3I54,A,91,1
3I54,A,89,1
3I54,A,79,1
3I54,A,131,1
3I54,A,80,1
3I54,A,78,1
3I54,A,69,1
3I54,B,135,1
3I54,B,132,1
3I54,A,57,1
3I54,A,130,1
3I54,A,44,1
3I54,A,70,1
3I54,A,93,1
3I54,A,134,1
3I54,A,72,1
3I54,A,82,1
3I54,A,83,1
3I54,A,88,1
3I54,A,38,1
3I54,A,137,1
3I54,A,90,1
3I54,C,198,0
3I54,A,208,0
3I54,D,10,0
3I54,D,104,0
3I54,C,18,0
3I54,C,113,0
3I54,B,163,0
3I54,D,33,0
3I54,D,186,0
3I54,C,200,0
3I54,B,221,0
3I54,A,97,0
3I54,C,80,0
3I54,A,223,0
3I54,C,208,0
3I54,D,91,0
3I54,B,164,0
3I54,D,61,0
3I54,B,37,0
3I54,B,175,0
3I54,C,20,0
3I54,A,-5,0
3I54,A,191,0
3I54,A,145,0
3I54,D,1,0
3I54,D,70,0
3I54,C,37,0
3I54,D,178,0
3I54,B,174,0
3I54,C,207,0
3I54,B,83,0
3I54,C,201,0
3I54,D,3,0
3I54,A,188,0
3I54,D,40,0
3I54,D,131,0
3I54,B,123,0
3I54,A,166,0
3I54,D,133,0
3I54,D,163,0
3I54,B,100,0
3I54,A,156,0
3I54,C,216,0
3I54,C,121,0
3I54,B,155,0
3I54,D,124,0
3I54,C,177,0
3I54,D,189,0
3I54,A,216,0
3I54,A,99,0
3I54,D,122,0
3I54,C,57,0
3I54,C,141,0
3I54,B,35,0
3I54,D,171,0
3I54,A,203,0
3I54,D,194,0
3I54,D,168,0
3I54,C,60,0
3I54,A,117,0
3I54,D,221,0
3I54,B,171,0
3I54,A,210,0
3I54,D,83,0
3I54,D,94,0
3I54,B,176,0
3I54,A,179,0
3I54,C,126,0
3I54,B,9,0
3I54,C,186,0
3I54,C,213,0
3I54,B,188,0
3I54,D,13,0
3I54,D,140,0
3I54,A,114,0
3I54,B,97,0
3I54,D,69,0
3I54,A,16,0
4AVC,A,54,1
4AVC,A,86,1
4AVC,A,81,1
4AVC,A,99,1
4AVC,A,92,1
4AVC,A,141,1
4AVC,A,91,1
4AVC,A,89,1
4AVC,A,79,1
4AVC,A,80,1
4AVC,A,48,1
4AVC,A,135,1
4AVC,A,138,1
4AVC,A,100,1
4AVC,A,142,1
4AVC,A,94,1
4AVC,A,101,1
4AVC,A,97,1
4AVC,A,87,1
4AVC,A,88,1
4AVC,A,139,1
4AVC,A,67,1
4AVC,A,102,1
4AVC,A,98,1
4AVC,A,90,1
4AVC,A,35,0
4AVC,A,206,0
4AVC,B,139,0
4AVC,A,285,0
4AVC,B,106,0
4AVC,A,38,0
4AVC,A,180,0
4AVC,A,30,0
4AVC,B,219,0
4AVC,A,17,0
4AVC,B,138,0
4AVC,A,200,0
4AVC,B,55,0
4AVC,A,128,0
4AVC,B,208,0
4AVC,B,29,0
4AVC,B,264,0
4AVC,A,39,0
4AVC,B,192,0
4AVC,A,183,0
4AVC,B,43,0
4AVC,B,130,0
4AVC,A,256,0
4AVC,B,220,0
4AVC,A,182,0
4AVC,B,314,0
4AVC,B,298,0
4AVC,A,296,0
4AVC,A,36,0
4AVC,B,81,0
4AVC,A,275,0
4AVC,A,298,0
4AVC,B,201,0
4AVC,A,270,0
4AVC,B,134,0
4AVC,B,110,0
4AVC,B,333,0
4AVC,B,23,0
4AVC,B,153,0
4AVC,A,14,0
4AVC,A,175,0
4AVC,B,276,0
4AVC,A,32,0
4AVC,A,222,0
4AVC,B,218,0
4AVC,B,150,0
4AVC,B,112,0
4AVC,B,91,0
4AVC,A,40,0
4AVC,B,41,0
4AVC,B,96,0
4AVC,B,131,0
4AVC,B,125,0
4AVC,A,303,0
4AVC,A,156,0
4AVC,B,171,0
4AVC,B,211,0
4AVC,B,299,0
4AVC,B,90,0
4AVC,A,308,0
4AVC,A,169,0
4AVC,A,249,0
4AVC,B,15,0
4AVC,B,126,0
4AVC,B,89,0
4AVC,A,122,0
4AVC,B,270,0
4AVC,B,12,0
4AVC,A,287,0
4AVC,A,117,0
4AVC,B,329,0
4AVC,B,148,0
4AVC,B,230,0
4AVC,B,36,0
4AVC,A,191,0
2ZFZ,C,145,1
2ZFZ,C,146,1
2ZFZ,C,144,1
2ZFZ,A,144,1
2ZFZ,F,121,1
2ZFZ,A,143,1
2ZFZ,F,146,1
2ZFZ,A,149,1
2ZFZ,C,147,1
2ZFZ,C,124,1
2ZFZ,C,148,1
2ZFZ,A,132,1
2ZFZ,A,124,1
2ZFZ,A,129,1
2ZFZ,A,126,1
2ZFZ,A,142,1
2ZFZ,A,133,1
2ZFZ,C,118,1
2ZFZ,A,128,1
2ZFZ,F,147,1
2ZFZ,A,125,1
2ZFZ,F,122,1
2ZFZ,C,121,1
2ZFZ,B,112,0
2ZFZ,B,130,0
2ZFZ,B,102,0
2ZFZ,D,120,0
2ZFZ,C,139,0
2ZFZ,D,102,0
2ZFZ,A,156,0
2ZFZ,C,113,0
2ZFZ,B,136,0
2ZFZ,E,162,0
2ZFZ,E,135,0
2ZFZ,E,134,0
2ZFZ,B,126,0
2ZFZ,C,140,0
2ZFZ,D,94,0
2ZFZ,B,120,0
2ZFZ,C,132,0
2ZFZ,E,123,0
2ZFZ,B,168,0
2ZFZ,C,153,0
2ZFZ,E,115,0
2ZFZ,E,108,0
2ZFZ,B,94,0
2ZFZ,B,110,0
2ZFZ,F,164,0
2ZFZ,D,99,0
2ZFZ,B,124,0
2ZFZ,F,132,0
2ZFZ,B,116,0
2ZFZ,B,156,0
2ZFZ,E,114,0
2ZFZ,F,128,0
2ZFZ,E,159,0
2ZFZ,E,157,0
2ZFZ,E,147,0
2ZFZ,A,98,0
2ZFZ,C,169,0
2ZFZ,B,103,0
2ZFZ,F,138,0
2ZFZ,D,166,0
2ZFZ,F,154,0
2ZFZ,D,147,0
2ZFZ,B,167,0
2ZFZ,C,130,0
2ZFZ,D,162,0
2ZFZ,C,167,0
2ZFZ,F,153,0
2ZFZ,C,133,0
2ZFZ,B,104,0
2ZFZ,E,101,0
2ZFZ,F,98,0
2ZFZ,B,100,0
2ZFZ,D,139,0
2ZFZ,F,137,0
2ZFZ,F,136,0
2ZFZ,F,103,0
2ZFZ,B,133,0
2ZFZ,C,101,0
2ZFZ,F,95,0
2ZFZ,F,166,0
2ZFZ,A,102,0
2ZFZ,D,115,0
2ZFZ,D,113,0
2ZFZ,F,109,0
2ZFZ,E,112,0
2ZFZ,E,161,0
2ZFZ,A,169,0
2ZFZ,C,135,0
2ZFZ,C,112,0
3KGF,B,3,1
3KGF,B,174,1
3KGF,B,51,1
3KGF,B,5,1
3KGF,A,92,1
3KGF,B,170,1
3KGF,A,174,1
3KGF,A,91,1
3KGF,A,175,1
3KGF,A,179,1
3KGF,B,177,1
3KGF,B,173,1
3KGF,B,6,1
3KGF,A,178,1
3KGF,A,95,1
3KGF,A,94,1
3KGF,B,55,1
3KGF,B,56,1
3KGF,A,171,1
3KGF,B,54,1
3KGF,A,360,0
3KGF,A,321,0
3KGF,B,111,0
3KGF,B,42,0
3KGF,A,62,0
3KGF,B,108,0
3KGF,B,227,0
3KGF,B,110,0
3KGF,A,228,0
3KGF,B,432,0
3KGF,B,196,0
3KGF,A,160,0
3KGF,A,257,0
3KGF,B,316,0
3KGF,A,315,0
3KGF,A,213,0
3KGF,A,340,0
3KGF,B,456,0
3KGF,B,286,0
3KGF,B,312,0
3KGF,B,391,0
3KGF,A,338,0
3KGF,B,67,0
3KGF,B,116,0
3KGF,A,134,0
3KGF,A,314,0
3KGF,A,405,0
3KGF,A,146,0
3KGF,B,262,0
3KGF,A,254,0
3KGF,A,26,0
3KGF,B,223,0
3KGF,A,198,0
3KGF,B,94,0
3KGF,A,141,0
3KGF,A,445,0
3KGF,B,165,0
3KGF,B,430,0
3KGF,A,47,0
3KGF,B,145,0
3KGF,A,276,0
3KGF,A,275,0
3KGF,A,139,0
3KGF,A,313,0
3KGF,B,35,0
3KGF,B,374,0
3KGF,B,243,0
3KGF,A,337,0
3KGF,A,123,0
3KGF,B,40,0
3KGF,A,214,0
3KGF,B,248,0
3KGF,A,425,0
3KGF,B,347,0
3KGF,B,313,0
3KGF,B,97,0
3KGF,B,299,0
3KGF,B,392,0
3KGF,A,191,0
3KGF,A,63,0
3KGF,A,193,1
3KGF,A,114,1
3KGF,A,239,1
3KGF,A,110,1
3KGF,A,111,1
3KGF,A,238,1
3KGF,A,197,1
3KGF,A,121,1
3KGF,A,192,1
3KGF,A,108,1
3KGF,A,240,1
3KGF,A,107,1
3KGF,A,194,1
3KGF,A,242,1
3KGF,A,237,1
3KGF,A,120,1
3KGF,A,241,1
3KGF,A,123,1
3KGF,B,134,0
3KGF,A,308,0
3KGF,B,244,0
3KGF,B,48,0
3KGF,B,420,0
3KGF,B,371,0
3KGF,A,173,0
3KGF,B,426,0
3KGF,B,390,0
3KGF,A,141,0
3KGF,B,74,0
3KGF,A,219,0
3KGF,A,210,0
3KGF,B,297,0
3KGF,B,92,0
3KGF,A,338,0
3KGF,A,351,0
3KGF,A,330,0
3KGF,A,321,0
3KGF,A,27,0
3KGF,B,313,0
3KGF,A,418,0
3KGF,A,222,0
3KGF,A,56,0
3KGF,A,362,0
3KGF,B,86,0
3KGF,A,64,0
3KGF,B,286,0
3KGF,B,268,0
3KGF,B,100,0
3KGF,B,364,0
3KGF,B,451,0
3KGF,A,275,0
3KGF,A,370,0
3KGF,B,278,0
3KGF,B,56,0
3KGF,B,131,0
3KGF,B,282,0
3KGF,B,391,0
3KGF,A,425,0
3KGF,A,5,0
3KGF,B,9,0
3KGF,A,132,0
3KGF,A,130,0
3KGF,B,397,0
3KGF,B,441,0
3KGF,B,132,0
3KGF,B,137,0
3KGF,A,77,0
3KGF,A,26,0
3KGF,B,280,0
3KGF,A,456,0
3KGF,A,227,0
3KGF,A,48,0
3NWY,A,145,1
3NWY,D,138,1
3NWY,A,136,1
3NWY,D,148,1
3NWY,A,141,1
3NWY,D,140,1
3NWY,A,131,1
3NWY,D,139,1
3NWY,A,130,1
3NWY,A,135,1
3NWY,A,132,1
3NWY,A,150,1
3NWY,A,148,1
3NWY,A,134,1
3NWY,A,112,1
3NWY,A,133,1
3NWY,D,141,1
3NWY,D,143,1
3NWY,D,144,1
3NWY,A,123,1
3NWY,B,203,0
3NWY,D,218,0
3NWY,D,63,0
3NWY,B,47,0
3NWY,F,215,0
3NWY,D,129,0
3NWY,F,54,0
3NWY,A,163,0
3NWY,E,108,0
3NWY,F,222,0
3NWY,A,42,0
3NWY,B,253,0
3NWY,A,77,0
3NWY,C,82,0
3NWY,C,38,0
3NWY,A,174,0
3NWY,F,167,0
3NWY,D,40,0
3NWY,F,33,0
3NWY,B,218,0
3NWY,E,167,0
3NWY,E,140,0
3NWY,B,235,0
3NWY,D,214,0
3NWY,D,232,0
3NWY,E,36,0
3NWY,A,157,0
3NWY,B,27,0
3NWY,A,91,0
3NWY,B,124,0
3NWY,B,36,0
3NWY,E,77,0
3NWY,D,60,0
3NWY,A,171,0
3NWY,B,251,0
3NWY,B,37,0
3NWY,D,74,0
3NWY,E,259,0
3NWY,C,33,0
3NWY,D,111,0
3NWY,A,173,0
3NWY,E,220,0
3NWY,E,245,0
3NWY,A,93,0
3NWY,C,247,0
3NWY,E,60,0
3NWY,B,216,0
3NWY,D,167,0
3NWY,E,148,0
3NWY,E,176,0
3NWY,F,173,0
3NWY,D,241,0
3NWY,C,232,0
3NWY,E,70,0
3NWY,D,80,0
3NWY,E,225,0
3NWY,F,111,0
3NWY,F,86,0
3NWY,A,51,0
3NWY,B,155,0
1NH8,A,249,1
1NH8,A,273,1
1NH8,A,272,1
1NH8,A,218,1
1NH8,A,274,1
1NH8,A,275,1
1NH8,A,242,1
1NH8,A,216,1
1NH8,A,250,1
1NH8,A,217,1
1NH8,A,120,0
1NH8,A,93,0
1NH8,A,197,0
1NH8,A,103,0
1NH8,A,35,0
1NH8,A,66,0
1NH8,A,112,0
1NH8,A,173,0
1NH8,A,90,0
1NH8,A,127,0
1NH8,A,1,0
1NH8,A,97,0
1NH8,A,160,0
1NH8,A,154,0
1NH8,A,233,0
1NH8,A,74,0
1NH8,A,33,0
1NH8,A,141,0
1NH8,A,75,0
1NH8,A,86,0
1NH8,A,146,0
1NH8,A,17,0
1NH8,A,131,0
1NH8,A,280,0
1NH8,A,34,0
1NH8,A,205,0
1NH8,A,104,0
1NH8,A,50,0
1NH8,A,222,0
1NH8,A,8,0
3DC2,A,496,1
3DC2,A,469,1
3DC2,A,468,1
3DC2,A,466,1
3DC2,A,465,1
3DC2,A,464,1
3DC2,A,463,1
3DC2,A,461,1
3DC2,A,462,1
3DC2,A,467,1
3DC2,A,487,1
3DC2,A,470,1
3DC2,B,467,0
3DC2,A,241,0
3DC2,A,426,0
3DC2,A,358,0
3DC2,B,526,0
3DC2,B,486,0
3DC2,B,469,0
3DC2,B,415,0
3DC2,B,283,0
3DC2,A,121,0
3DC2,A,510,0
3DC2,A,70,0
3DC2,B,290,0
3DC2,A,420,0
3DC2,B,463,0
3DC2,B,529,0
3DC2,B,412,0
3DC2,B,190,0
3DC2,B,423,0
3DC2,A,212,0
3DC2,A,260,0
3DC2,B,111,0
3DC2,B,200,0
3DC2,A,244,0
3DC2,B,352,0
3DC2,A,38,0
3DC2,A,284,0
3DC2,B,32,0
3DC2,B,49,0
3DC2,B,366,0
3DC2,A,14,0
3DC2,B,133,0
3DC2,B,177,0
3DC2,B,73,0
3DC2,B,323,0
3DC2,A,315,0
1QP0,A,193,1
1QP0,A,190,1
1QP0,A,196,1
1QP0,A,73,1
1QP0,A,221,1
1QP0,A,192,1
1QP0,A,275,1
1QP0,A,246,1
1QP0,A,124,1
1QP0,A,247,1
1QP0,A,74,1
1QP0,A,71,1
1QP0,A,187,1
1QP0,A,105,0
1QP0,A,239,0
1QP0,A,215,0
1QP0,A,25,0
1QP0,A,310,0
1QP0,A,96,0
1QP0,A,159,0
1QP0,A,130,0
1QP0,A,307,0
1QP0,A,61,0
1QP0,A,334,0
1QP0,A,312,0
1QP0,A,19,0
1QP0,A,210,0
1QP0,A,59,0
1QP0,A,8,0
1QP0,A,84,0
1QP0,A,23,0
1QP0,A,259,0
1QP0,A,170,0
1QP0,A,108,0
1QP0,A,20,0
1QP0,A,258,0
1QP0,A,303,0
1QP0,A,179,0
1QP0,A,95,0
1QP0,A,241,0
1QP0,A,81,0
1QP0,A,27,0
1QP0,A,175,0
1QP0,A,329,0
1QP0,A,265,0
1QP0,A,242,0
1QP0,A,229,0
1QP0,A,56,0
1QP0,A,309,0
1QP0,A,7,0
1QP0,A,320,0
1QP0,A,132,0
4A2U,A,77,1
4A2U,A,81,1
4A2U,A,92,1
4A2U,B,131,1
4A2U,A,91,1
4A2U,A,89,1
4A2U,A,79,1
4A2U,A,131,1
4A2U,A,80,1
4A2U,A,78,1
4A2U,A,69,1
4A2U,B,135,1
4A2U,B,132,1
4A2U,A,57,1
4A2U,A,130,1
4A2U,A,70,1
4A2U,A,93,1
4A2U,A,134,1
4A2U,A,72,1
4A2U,A,82,1
4A2U,A,133,1
4A2U,A,83,1
4A2U,A,88,1
4A2U,A,38,1
4A2U,A,90,1
4A2U,H,92,0
4A2U,F,57,0
4A2U,H,97,0
4A2U,C,48,0
4A2U,F,95,0
4A2U,B,7,0
4A2U,C,86,0
4A2U,F,129,0
4A2U,E,127,0
4A2U,B,8,0
4A2U,F,179,0
4A2U,G,77,0
4A2U,C,158,0
4A2U,G,71,0
4A2U,E,37,0
4A2U,B,209,0
4A2U,H,138,0
4A2U,C,114,0
4A2U,F,20,0
4A2U,B,176,0
4A2U,G,4,0
4A2U,E,5,0
4A2U,H,213,0
4A2U,A,217,0
4A2U,G,2,0
4A2U,G,212,0
4A2U,H,69,0
4A2U,E,197,0
4A2U,C,88,0
4A2U,E,146,0
4A2U,F,222,0
4A2U,C,181,0
4A2U,E,89,0
4A2U,C,29,0
4A2U,B,109,0
4A2U,C,44,0
4A2U,E,115,0
4A2U,F,67,0
4A2U,D,203,0
4A2U,E,61,0
4A2U,E,55,0
4A2U,D,217,0
4A2U,E,67,0
4A2U,D,139,0
4A2U,G,55,0
4A2U,E,135,0
4A2U,H,130,0
4A2U,B,149,0
4A2U,H,35,0
4A2U,B,52,0
4A2U,D,91,0
4A2U,G,129,0
4A2U,E,139,0
4A2U,B,200,0
4A2U,H,153,0
4A2U,D,87,0
4A2U,B,9,0
4A2U,D,47,0
4A2U,H,216,0
4A2U,E,24,0
4A2U,H,12,0
4A2U,H,160,0
4A2U,H,107,0
4A2U,A,22,0
4A2U,C,168,0
4A2U,C,81,0
4A2U,F,182,0
4A2U,F,104,0
4A2U,C,189,0
4A2U,G,36,0
4A2U,H,40,0
4A2U,F,110,0
4A2U,H,-2,0
4A2U,C,144,0
4A2U,A,121,0
4HYW,A,489,1
4HYW,A,403,1
4HYW,A,404,1
4HYW,A,399,1
4HYW,A,402,1
4HYW,A,457,1
4HYW,A,400,1
4HYW,A,451,1
4HYW,A,424,1
4HYW,A,491,1
4HYW,A,407,1
4HYW,A,490,1
4HYW,A,454,1
4HYW,A,488,1
4HYW,A,452,1
4HYW,A,405,1
4HYW,A,482,1
4HYW,A,401,1
4HYW,A,486,1
4HYW,A,481,1
4HYW,A,480,1
4HYW,A,406,1
4HYW,A,487,1
4HYW,B,229,0
4HYW,A,5,0
4HYW,B,154,0
4HYW,B,47,0
4HYW,A,433,0
4HYW,B,453,0
4HYW,A,2,0
4HYW,A,101,0
4HYW,B,172,0
4HYW,B,484,0
4HYW,B,253,0
4HYW,B,355,0
4HYW,B,334,0
4HYW,A,242,0
4HYW,A,299,0
4HYW,B,333,0
4HYW,A,52,0
4HYW,B,206,0
4HYW,A,283,0
4HYW,A,251,0
4HYW,B,65,0
4HYW,A,60,0
4HYW,B,250,0
4HYW,A,136,0
4HYW,B,93,0
4HYW,B,192,0
4HYW,B,94,0
4HYW,B,201,0
4HYW,A,166,0
4HYW,B,275,0
4HYW,B,299,0
4HYW,B,465,0
4HYW,A,171,0
4HYW,B,440,0
4HYW,B,482,0
4HYW,B,115,0
4HYW,A,320,0
4HYW,B,394,0
4HYW,A,260,0
4HYW,B,493,0
4HYW,B,309,0
4HYW,A,285,0
4HYW,B,342,0
4HYW,B,83,0
4HYW,B,274,0
4HYW,A,99,0
4HYW,B,498,0
4HYW,A,6,0
4HYW,B,436,0
4HYW,B,187,0
4HYW,B,240,0
4HYW,B,449,0
4HYW,A,189,0
4HYW,B,417,0
4HYW,B,214,0
4HYW,A,414,0
4HYW,A,225,0
4HYW,B,239,0
4HYW,A,35,0
4HYW,B,418,0
4HYW,B,311,0
4HYW,B,185,0
4HYW,A,183,0
4HYW,A,206,0
4HYW,B,443,0
4HYW,A,42,0
4HYW,B,310,0
4HYW,B,384,0
4HYW,A,122,0
1FX2,A,1106,1
1FX2,A,1015,1
1FX2,A,970,1
1FX2,A,1061,1
1FX2,A,1017,1
1FX2,A,1019,1
1FX2,A,969,1
1FX2,A,972,1
1FX2,A,1021,1
1FX2,A,968,1
1FX2,A,1109,1
1FX2,A,1022,1
1FX2,A,1018,1
1FX2,A,1020,1
1FX2,A,983,1
1FX2,A,1012,1
1FX2,A,977,1
1FX2,A,973,1
1FX2,A,1016,1
1FX2,A,1117,0
1FX2,A,1090,0
1FX2,A,929,0
1FX2,A,1115,0
1FX2,A,991,0
1FX2,A,999,0
1FX2,A,1037,0
1FX2,A,1078,0
1FX2,A,1025,0
1FX2,A,918,0
1FX2,A,1070,0
1FX2,A,1066,0
1FX2,A,1067,0
1FX2,A,1069,0
1FX2,A,1033,0
1FX2,A,1122,0
1FX2,A,1097,0
1FX2,A,1077,0
1FX2,A,916,0
1FX2,A,897,0
1FX2,A,926,0
1FX2,A,960,0
1FX2,A,922,0
1FX2,A,1116,0
1FX2,A,1071,0
1FX2,A,1043,0
1FX2,A,994,0
1FX2,A,1053,0
1FX2,A,1048,0
1FX2,A,919,0
1FX2,A,1101,0
1FX2,A,953,0
1FX2,A,1040,0
1FX2,A,911,0
1FX2,A,1114,0
1FX2,A,995,0
1FX2,A,993,0
1FX2,A,1082,0
1FX2,A,1049,0
1FX2,A,1068,0
1FX2,A,952,0
1FX2,A,903,0
1FX2,A,961,0
1FX2,A,1072,0
1FX2,A,1031,0
1FX2,A,1027,0
1FX2,A,1030,0
1FX2,A,1112,0
1FX2,A,954,0
1FX2,A,912,0
1FX2,A,959,0
1FX2,A,1045,0
1FX2,A,941,0
1FX2,A,1036,0
1FX2,A,1120,0
1FX2,A,1041,0
1FX2,A,1076,0
1I1Q,A,51,1
1I1Q,A,293,1
1I1Q,A,39,1
1I1Q,A,465,1
1I1Q,A,464,1
1I1Q,A,455,1
1I1Q,A,40,1
1I1Q,A,292,1
1I1Q,A,463,1
1I1Q,A,38,1
1I1Q,A,453,1
1I1Q,A,291,1
1I1Q,A,294,1
1I1Q,A,49,1
1I1Q,A,48,1
1I1Q,A,50,1
1I1Q,A,454,1
1I1Q,A,52,1
1I1Q,B,177,0
1I1Q,A,165,0
1I1Q,B,192,0
1I1Q,B,162,0
1I1Q,A,428,0
1I1Q,A,65,0
1I1Q,B,79,0
1I1Q,A,254,0
1I1Q,A,77,0
1I1Q,A,362,0
1I1Q,B,21,0
1I1Q,A,483,0
1I1Q,A,125,0
1I1Q,A,445,0
1I1Q,B,191,0
1I1Q,B,164,0
1I1Q,A,500,0
1I1Q,B,128,0
1I1Q,A,369,0
1I1Q,A,121,0
1I1Q,B,49,0
1I1Q,A,416,0
1I1Q,A,76,0
1I1Q,A,487,0
1I1Q,A,97,0
1I1Q,A,90,0
1I1Q,A,112,0
1I1Q,B,150,0
1I1Q,A,260,0
1I1Q,A,198,0
1I1Q,B,153,0
1I1Q,A,89,0
1I1Q,B,19,0
1I1Q,A,178,0
1I1Q,A,329,0
1I1Q,B,29,0
1I1Q,A,250,0
1I1Q,A,33,0
1I1Q,A,222,0
1I1Q,B,31,0
1I1Q,B,108,0
1I1Q,A,154,0
1I1Q,A,238,0
1I1Q,A,167,0
1I1Q,A,98,0
1I1Q,B,75,0
1I1Q,A,244,0
1I1Q,B,169,0
1I1Q,A,390,0
1I1Q,B,88,0
1I1Q,B,156,0
1I1Q,B,139,0
1I1Q,A,424,0
1I1Q,A,82,0
2LDB,B,207,1
2LDB,C,269,1
2LDB,B,186,1
2LDB,B,270,1
2LDB,C,207,1
2LDB,C,186,1
2LDB,C,270,1
2LDB,B,185,1
2LDB,B,187,1
2LDB,B,184,1
2LDB,C,185,1
2LDB,C,184,1
2LDB,C,187,1
2LDB,B,257,1
2LDB,B,208,1
2LDB,B,188,1
2LDB,A,70,1
2LDB,C,188,1
2LDB,B,171,1
2LDB,B,183,1
2LDB,C,183,1
2LDB,C,171,1
2LDB,C,182,1
2LDB,B,269,1
2LDB,B,131,0
2LDB,D,213,0
2LDB,C,242,0
2LDB,D,196,0
2LDB,B,95,0
2LDB,D,199,0
2LDB,A,293,0
2LDB,D,177,0
2LDB,B,231,0
2LDB,A,321,0
2LDB,A,270,0
2LDB,A,276,0
2LDB,A,122,0
2LDB,B,127,0
2LDB,D,331,0
2LDB,A,113,0
2LDB,D,48,0
2LDB,B,35,0
2LDB,A,257,0
2LDB,D,277,0
2LDB,C,62,0
2LDB,C,47,0
2LDB,B,108,0
2LDB,A,277,0
2LDB,C,193,0
2LDB,B,139,0
2LDB,C,259,0
2LDB,A,116,0
2LDB,C,143,0
2LDB,C,194,0
2LDB,D,113,0
2LDB,A,124,0
2LDB,A,189,0
2LDB,A,182,0
2LDB,B,285,0
2LDB,B,322,0
2LDB,A,89,0
2LDB,A,252,0
2LDB,B,46,0
2LDB,A,184,0
2LDB,A,311,0
2LDB,C,195,0
2LDB,D,235,0
2LDB,D,259,0
2LDB,A,15,0
2LDB,D,53,0
2LDB,A,198,0
2LDB,C,247,0
2LDB,A,132,0
2LDB,B,88,0
2LDB,C,40,0
2LDB,D,266,0
2LDB,D,145,0
2LDB,B,316,0
2LDB,C,142,0
2LDB,C,72,0
2LDB,B,330,0
2LDB,B,245,0
2LDB,A,259,0
2LDB,B,274,0
2LDB,D,119,0
2LDB,C,265,0
2LDB,C,330,0
2LDB,B,37,0
2LDB,B,32,0
2LDB,A,41,0
2LDB,D,29,0
2LDB,C,317,0
2LDB,D,193,0
2LDB,A,193,0
2LDB,B,228,0
2LDB,A,295,0
1B4B,C,103,1
1B4B,C,127,1
1B4B,C,124,1
1B4B,A,121,1
1B4B,A,104,1
1B4B,C,126,1
1B4B,C,125,1
1B4B,A,108,1
1B4B,A,107,1
1B4B,A,122,1
1B4B,C,100,1
1B4B,C,97,1
1B4B,A,111,1
1B4B,A,123,1
1B4B,A,99,0
1B4B,C,81,0
1B4B,C,132,0
1B4B,B,138,0
1B4B,B,115,0
1B4B,C,112,0
1B4B,A,145,0
1B4B,B,88,0
1B4B,C,121,0
1B4B,B,85,0
1B4B,B,127,0
1B4B,C,139,0
1B4B,A,141,0
1B4B,B,102,0
1B4B,A,138,0
1B4B,B,136,0
1B4B,A,87,0
1B4B,C,82,0
1B4B,A,85,0
1B4B,A,135,0
1B4B,C,116,0
1B4B,A,146,0
1B4B,B,92,0
1B4B,C,138,0
1B4B,A,80,0
1B4B,C,110,0
1B4B,B,82,0
1B4B,B,114,0
1B4B,C,118,0
1B4B,B,145,0
1B4B,C,146,0
1B4B,C,149,0
1B4B,A,81,0
1B4B,B,100,0
1B4B,B,93,0
1B4B,C,141,0
1B4B,A,91,0
1B4B,A,143,0
1B4B,A,89,0
1B4B,B,107,0
1B4B,C,134,0
1B4B,A,149,0
4PFK,A,213,1
4PFK,A,211,1
4PFK,A,215,1
4PFK,A,214,1
4PFK,A,216,1
4PFK,A,319,1
4PFK,A,212,1
4PFK,A,185,1
4PFK,A,158,1
4PFK,A,184,1
4PFK,A,320,1
4PFK,A,154,1
4PFK,A,187,1
4PFK,A,111,0
4PFK,A,308,0
4PFK,A,22,0
4PFK,A,229,0
4PFK,A,300,0
4PFK,A,66,0
4PFK,A,5,0
4PFK,A,70,0
4PFK,A,232,0
4PFK,A,24,0
4PFK,A,193,0
4PFK,A,102,0
4PFK,A,107,0
4PFK,A,282,0
4PFK,A,104,0
4PFK,A,129,0
4PFK,A,118,0
4PFK,A,272,0
4PFK,A,250,0
4PFK,A,278,0
4PFK,A,145,0
4PFK,A,35,0
4PFK,A,169,0
4PFK,A,132,0
4PFK,A,230,0
4PFK,A,299,0
4PFK,A,221,0
4PFK,A,29,0
4PFK,A,119,0
4PFK,A,171,0
4PFK,A,249,0
4PFK,A,93,0
4PFK,A,19,0
4PFK,A,58,0
4PFK,A,109,0
4PFK,A,59,0
4PFK,A,254,0
4PFK,A,137,0
4PFK,A,100,0
3BZ7,A,634,1
3BZ7,A,239,1
3BZ7,A,455,1
3BZ7,A,240,1
3BZ7,A,262,1
3BZ7,A,237,1
3BZ7,A,630,1
3BZ7,A,641,1
3BZ7,A,264,1
3BZ7,A,467,1
3BZ7,A,637,1
3BZ7,A,631,1
3BZ7,A,470,1
3BZ7,A,466,1
3BZ7,A,471,1
3BZ7,A,238,1
3BZ7,A,474,1
3BZ7,A,456,1
3BZ7,A,453,1
3BZ7,A,261,1
3BZ7,A,265,1
3BZ7,A,241,1
3BZ7,A,263,1
3BZ7,A,266,1
3BZ7,A,638,1
3BZ7,A,325,0
3BZ7,A,434,0
3BZ7,A,697,0
3BZ7,A,506,0
3BZ7,A,347,0
3BZ7,A,20,0
3BZ7,A,136,0
3BZ7,A,433,0
3BZ7,A,693,0
3BZ7,A,510,0
3BZ7,A,740,0
3BZ7,A,375,0
3BZ7,A,494,0
3BZ7,A,54,0
3BZ7,A,339,0
3BZ7,A,320,0
3BZ7,A,133,0
3BZ7,A,248,0
3BZ7,A,104,0
3BZ7,A,435,0
3BZ7,A,421,0
3BZ7,A,563,0
3BZ7,A,747,0
3BZ7,A,593,0
3BZ7,A,25,0
3BZ7,A,255,0
3BZ7,A,96,0
3BZ7,A,113,0
3BZ7,A,77,0
3BZ7,A,404,0
3BZ7,A,573,0
3BZ7,A,668,0
3BZ7,A,544,0
3BZ7,A,191,0
3BZ7,A,159,0
3BZ7,A,597,0
3BZ7,A,741,0
3BZ7,A,654,0
3BZ7,A,553,0
3BZ7,A,598,0
3BZ7,A,408,0
3BZ7,A,739,0
3BZ7,A,336,0
3BZ7,A,144,0
3BZ7,A,316,0
3BZ7,A,279,0
3BZ7,A,292,0
3BZ7,A,85,0
3BZ7,A,702,0
3BZ7,A,337,0
3BZ7,A,213,0
3BZ7,A,46,0
3BZ7,A,330,0
3BZ7,A,286,0
3BZ7,A,507,0
3BZ7,A,68,0
3BZ7,A,591,0
3BZ7,A,60,0
3BZ7,A,366,0
3BZ7,A,75,0
3BZ7,A,487,0
3BZ7,A,201,0
3BZ7,A,73,0
3BZ7,A,276,0
3BZ7,A,394,0
3BZ7,A,232,0
3BZ7,A,290,0
3BZ7,A,550,0
3BZ7,A,35,0
3BZ7,A,166,0
3BZ7,A,742,0
3BZ7,A,111,0
3BZ7,A,609,0
3BZ7,A,558,0
3BZ7,A,12,0
2JHR,A,618,1
2JHR,A,617,1
2JHR,A,263,1
2JHR,A,597,1
2JHR,A,428,1
2JHR,A,424,1
2JHR,A,420,1
2JHR,A,265,1
2JHR,A,425,1
2JHR,A,591,1
2JHR,A,620,1
2JHR,A,592,1
2JHR,A,590,1
2JHR,A,431,1
2JHR,A,619,1
2JHR,A,423,1
2JHR,A,427,1
2JHR,A,755,0
2JHR,A,52,0
2JHR,A,551,0
2JHR,A,749,0
2JHR,A,494,0
2JHR,A,234,0
2JHR,A,554,0
2JHR,A,475,0
2JHR,A,657,0
2JHR,A,521,0
2JHR,A,712,0
2JHR,A,206,0
2JHR,A,295,0
2JHR,A,170,0
2JHR,A,771,0
2JHR,A,306,0
2JHR,A,745,0
2JHR,A,60,0
2JHR,A,289,0
2JHR,A,642,0
2JHR,A,567,0
2JHR,A,660,0
2JHR,A,525,0
2JHR,A,580,0
2JHR,A,97,0
2JHR,A,24,0
2JHR,A,37,0
2JHR,A,692,0
2JHR,A,736,0
2JHR,A,213,0
2JHR,A,384,0
2JHR,A,166,0
2JHR,A,491,0
2JHR,A,258,0
2JHR,A,638,0
2JHR,A,762,0
2JHR,A,102,0
2JHR,A,142,0
2JHR,A,357,0
2JHR,A,220,0
2JHR,A,325,0
2JHR,A,66,0
2JHR,A,150,0
2JHR,A,338,0
2JHR,A,236,0
2JHR,A,27,0
2JHR,A,472,0
2JHR,A,153,0
2JHR,A,315,0
2JHR,A,160,0
2JHR,A,48,0
3TW6,A,1030,1
3TW6,A,469,1
3TW6,A,1059,1
3TW6,A,1055,1
3TW6,A,472,1
3TW6,A,1031,1
3TW6,A,471,1
3TW6,A,474,1
3TW6,A,473,1
3TW6,A,1032,1
3TW6,A,1054,1
3TW6,A,1026,1
3TW6,A,1029,1
3TW6,A,429,1
3TW6,A,470,1
3TW6,A,427,1
3TW6,B,1039,0
3TW6,B,977,0
3TW6,A,870,0
3TW6,B,667,0
3TW6,A,617,0
3TW6,B,1095,0
3TW6,B,661,0
3TW6,A,975,0
3TW6,A,666,0
3TW6,A,678,0
3TW6,A,935,0
3TW6,B,563,0
3TW6,A,275,0
3TW6,B,664,0
3TW6,A,284,0
3TW6,B,427,0
3TW6,B,516,0
3TW6,A,997,0
3TW6,A,351,0
3TW6,B,677,0
3TW6,B,1112,0
3TW6,B,995,0
3TW6,A,1045,0
3TW6,B,564,0
3TW6,A,956,0
3TW6,A,1070,0
3TW6,A,93,0
3TW6,A,669,0
3TW6,B,321,0
3TW6,A,504,0
3TW6,B,152,0
3TW6,B,74,0
3TW6,B,67,0
3TW6,A,102,0
3TW6,A,236,0
3TW6,A,461,0
3TW6,B,540,0
3TW6,B,1091,0
3TW6,B,135,0
3TW6,B,1109,0
3TW6,A,381,0
3TW6,B,899,0
3TW6,B,418,0
3TW6,B,788,0
3TW6,A,13,0
3TW6,A,354,0
3TW6,B,810,0
3TW6,B,331,0
3GCD,A,54,1
3GCD,A,85,1
3GCD,A,27,1
3GCD,A,136,1
3GCD,A,55,1
3GCD,A,185,1
3GCD,A,200,1
3GCD,A,33,1
3GCD,A,169,1
3GCD,A,25,1
3GCD,A,30,1
3GCD,A,194,1
3GCD,A,28,1
3GCD,A,134,1
3GCD,A,87,1
3GCD,A,29,1
3GCD,A,181,1
3GCD,A,171,1
3GCD,A,183,1
3GCD,A,195,1
3GCD,A,182,1
3GCD,A,9,0
3GCD,C,170,0
3GCD,D,134,0
3GCD,D,49,0
3GCD,B,137,0
3GCD,C,95,0
3GCD,C,137,0
3GCD,A,157,0
3GCD,A,91,0
3GCD,D,169,0
3GCD,B,146,0
3GCD,D,193,0
3GCD,A,6,0
3GCD,D,27,0
3GCD,B,179,0
3GCD,A,104,0
3GCD,C,106,0
3GCD,D,85,0
3GCD,C,93,0
3GCD,A,124,0
3GCD,B,89,0
3GCD,D,78,0
3GCD,A,107,0
3GCD,C,187,0
3GCD,C,47,0
3GCD,B,168,0
3GCD,B,204,0
3GCD,B,30,0
3GCD,D,192,0
3GCD,C,32,0
3GCD,D,174,0
3GCD,B,77,0
3GCD,B,54,0
3GCD,C,52,0
3GCD,C,67,0
3GCD,C,203,0
3GCD,C,40,0
3GCD,B,182,0
3GCD,D,36,0
3GCD,C,45,0
3GCD,D,205,0
3GCD,D,37,0
3GCD,C,85,0
3GCD,C,48,0
3GCD,A,74,0
3GCD,B,194,0
3GCD,C,72,0
3GCD,D,4,0
3GCD,D,144,0
3GCD,D,76,0
3GCD,C,36,0
3GCD,C,175,0
3GCD,A,72,0
3GCD,C,161,0
3GCD,B,15,0
3GCD,B,149,0
3GCD,B,135,0
3GCD,D,86,0
3GCD,D,194,0
3GCD,C,68,0
3GCD,B,5,0
3GCD,D,177,0
3GCD,B,83,0
4KKO,B,136,1
4KKO,A,226,1
4KKO,A,103,1
4KKO,A,180,1
4KKO,A,237,1
4KKO,A,99,1
4KKO,A,179,1
4KKO,A,235,1
4KKO,A,319,1
4KKO,A,321,1
4KKO,A,227,1
4KKO,B,28,1
4KKO,B,135,1
4KKO,A,106,1
4KKO,B,138,1
4KKO,A,95,1
4KKO,A,238,1
4KKO,A,189,1
4KKO,A,100,1
4KKO,A,101,1
4KKO,A,236,1
4KKO,A,190,1
4KKO,A,97,1
4KKO,A,383,1
4KKO,A,318,1
4KKO,A,188,1
4KKO,A,108,1
4KKO,A,234,1
4KKO,A,225,1
4KKO,A,181,1
4KKO,A,229,1
4KKO,A,102,1
4KKO,B,293,0
4KKO,B,46,0
4KKO,A,496,0
4KKO,A,431,0
4KKO,A,216,0
4KKO,A,149,0
4KKO,A,30,0
4KKO,B,143,0
4KKO,A,425,0
4KKO,B,210,0
4KKO,A,532,0
4KKO,B,53,0
4KKO,B,155,0
4KKO,B,165,0
4KKO,B,253,0
4KKO,B,301,0
4KKO,B,294,0
4KKO,B,13,0
4KKO,A,160,0
4KKO,A,492,0
4KKO,B,305,0
4KKO,A,511,0
4KKO,A,547,0
4KKO,B,116,0
4KKO,B,48,0
4KKO,A,489,0
4KKO,A,427,0
4KKO,B,8,0
4KKO,A,54,0
4KKO,A,501,0
4KKO,A,351,0
4KKO,A,252,0
4KKO,B,413,0
4KKO,A,164,0
4KKO,A,135,0
4KKO,A,543,0
4KKO,B,105,0
4KKO,B,282,0
4KKO,A,90,0
4KKO,A,455,0
4KKO,B,87,0
4KKO,B,49,0
4KKO,B,256,0
4KKO,A,219,0
4KKO,A,458,0
4KKO,A,377,0
4KKO,B,385,0
4KKO,A,161,0
4KKO,B,273,0
4KKO,B,309,0
4KKO,B,268,0
4KKO,A,291,0
4KKO,A,300,0
4KKO,A,128,0
4KKO,B,96,0
4KKO,B,378,0
4KKO,B,410,0
4KKO,B,74,0
4KKO,A,454,0
4KKO,B,80,0
4KKO,B,391,0
4KKO,A,55,0
4KKO,A,16,0
4KKO,A,361,0
4KKO,A,249,0
4KKO,A,7,0
4KKO,A,40,0
4KKO,B,191,0
4KKO,B,291,0
4KKO,B,18,0
4KKO,A,551,0
4KKO,B,77,0
4KKO,B,393,0
4KKO,A,374,0
4KKO,A,333,0
4KKO,A,430,0
4KKO,A,137,0
4KKO,A,23,0
4KKO,B,97,0
4KKO,A,51,0
4KKO,B,185,0
4KKO,A,276,0
4KKO,A,540,0
4KKO,A,119,0
4KKO,B,374,0
4KKO,A,9,0
4KKO,A,144,0
4KKO,B,314,0
4KKO,A,376,0
4KKO,B,252,0
4KKO,A,208,0
4KKO,B,337,0
4KKO,A,437,0
4KKO,B,164,0
4KKO,A,467,0
4KKO,A,294,0
4KFB,A,164,1
4KFB,A,162,1
4KFB,A,180,1
4KFB,A,166,1
4KFB,A,91,1
4KFB,A,169,1
4KFB,B,138,1
4KFB,A,168,1
4KFB,B,140,1
4KFB,A,165,1
4KFB,A,173,1
4KFB,B,139,1
4KFB,A,161,1
4KFB,A,160,1
4KFB,A,181,1
4KFB,A,183,1
4KFB,A,172,1
4KFB,A,182,1
4KFB,A,90,1
4KFB,B,333,0
4KFB,B,229,0
4KFB,A,86,0
4KFB,B,285,0
4KFB,B,194,0
4KFB,B,351,0
4KFB,A,418,0
4KFB,B,56,0
4KFB,B,112,0
4KFB,B,267,0
4KFB,A,269,0
4KFB,B,151,0
4KFB,A,424,0
4KFB,B,251,0
4KFB,A,393,0
4KFB,B,292,0
4KFB,A,288,0
4KFB,B,261,0
4KFB,B,245,0
4KFB,B,155,0
4KFB,B,254,0
4KFB,A,462,0
4KFB,B,83,0
4KFB,A,450,0
4KFB,A,4,0
4KFB,B,391,0
4KFB,B,101,0
4KFB,A,286,0
4KFB,A,422,0
4KFB,A,329,0
4KFB,A,416,0
4KFB,B,236,0
4KFB,A,372,0
4KFB,B,111,0
4KFB,A,451,0
4KFB,B,275,0
4KFB,B,88,0
4KFB,B,312,0
4KFB,A,471,0
4KFB,A,43,0
4KFB,B,249,0
4KFB,A,78,0
4KFB,A,484,0
4KFB,B,280,0
4KFB,A,14,0
4KFB,B,300,0
4KFB,A,517,0
4KFB,A,255,0
4KFB,A,287,0
4KFB,B,71,0
4KFB,A,13,0
4KFB,A,235,0
4KFB,B,289,0
4KFB,A,392,0
4KFB,A,289,0
4KFB,A,347,0
4KFB,A,443,0
4IG3,A,164,1
4IG3,B,50,1
4IG3,A,162,1
4IG3,B,51,1
4IG3,A,8,1
4IG3,A,166,1
4IG3,B,143,1
4IG3,A,5,1
4IG3,B,48,1
4IG3,A,212,1
4IG3,B,49,1
4IG3,A,165,1
4IG3,A,9,1
4IG3,A,163,1
4IG3,A,159,1
4IG3,B,53,1
4IG3,A,6,1
4IG3,B,52,1
4IG3,A,7,1
4IG3,A,167,1
4IG3,A,90,1
4IG3,A,387,0
4IG3,A,41,0
4IG3,B,27,0
4IG3,A,259,0
4IG3,A,423,0
4IG3,B,242,0
4IG3,A,543,0
4IG3,A,530,0
4IG3,A,506,0
4IG3,A,364,0
4IG3,A,513,0
4IG3,A,196,0
4IG3,A,340,0
4IG3,A,284,0
4IG3,B,395,0
4IG3,B,84,0
4IG3,B,30,0
4IG3,B,348,0
4IG3,A,517,0
4IG3,A,143,0
4IG3,A,521,0
4IG3,B,378,0
4IG3,A,518,0
4IG3,B,18,0
4IG3,B,252,0
4IG3,B,423,0
4IG3,B,73,0
4IG3,A,219,0
4IG3,A,128,0
4IG3,B,196,0
4IG3,A,528,0
4IG3,B,277,0
4IG3,B,281,0
4IG3,A,248,0
4IG3,B,363,0
4IG3,A,221,0
4IG3,B,282,0
4IG3,A,448,0
4IG3,B,377,0
4IG3,B,67,0
4IG3,A,83,0
4IG3,A,418,0
4IG3,B,334,0
4IG3,B,91,0
4IG3,A,476,0
4IG3,A,226,0
4IG3,B,413,0
4IG3,B,246,0
4IG3,B,208,0
4IG3,A,519,0
4IG3,A,475,0
4IG3,A,480,0
4IG3,A,205,0
4IG3,A,545,0
4IG3,B,286,0
4IG3,A,437,0
4IG3,A,96,0
4IG3,A,223,0
4IG3,A,420,0
4IG3,B,25,0
4IG3,B,320,0
4IG3,B,176,0
4IG3,B,289,0
4ETZ,A,389,1
4ETZ,A,366,1
4ETZ,A,388,1
4ETZ,A,365,1
4ETZ,A,394,1
4ETZ,A,395,1
4ETZ,A,367,1
4ETZ,A,368,1
4ETZ,A,158,1
4ETZ,A,370,1
4ETZ,A,399,1
4ETZ,A,392,1
4ETZ,A,391,1
4ETZ,A,398,1
4ETZ,A,396,1
4ETZ,A,402,1
4ETZ,A,161,1
4ETZ,B,452,0
4ETZ,B,212,0
4ETZ,B,388,0
4ETZ,A,313,0
4ETZ,B,433,0
4ETZ,B,304,0
4ETZ,B,339,0
4ETZ,A,206,0
4ETZ,A,349,0
4ETZ,B,370,0
4ETZ,B,419,0
4ETZ,A,320,0
4ETZ,B,271,0
4ETZ,A,177,0
4ETZ,A,411,0
4ETZ,B,353,0
4ETZ,A,303,0
4ETZ,B,302,0
4ETZ,A,194,0
4ETZ,A,200,0
4ETZ,B,197,0
4ETZ,B,405,0
4ETZ,B,169,0
4ETZ,B,182,0
4ETZ,B,320,0
4ETZ,B,272,0
4ETZ,B,321,0
4ETZ,B,398,0
4ETZ,A,354,0
4ETZ,A,375,0
4ETZ,B,344,0
4ETZ,A,293,0
4ETZ,A,210,0
4ETZ,A,290,0
4ETZ,A,380,0
4ETZ,B,297,0
4ETZ,B,247,0
4ETZ,A,236,0
4ETZ,A,193,0
4ETZ,A,220,0
4ETZ,A,191,0
4ETZ,B,178,0
4ETZ,B,218,0
4ETZ,B,340,0
4ETZ,B,415,0
4ETZ,B,454,0
4ETZ,A,300,0
4ETZ,B,384,0
4ETZ,B,358,0
4ETZ,B,313,0
4ETZ,A,240,0
4BO2,A,164,1
4BO2,B,111,1
4BO2,B,115,1
4BO2,B,107,1
4BO2,A,111,1
4BO2,B,156,1
4BO2,B,106,1
4BO2,B,114,1
4BO2,A,107,1
4BO2,B,163,1
4BO2,B,159,1
4BO2,A,156,1
4BO2,A,106,1
4BO2,A,114,1
4BO2,A,163,1
4BO2,A,159,1
4BO2,B,110,1
4BO2,B,108,1
4BO2,B,160,1
4BO2,A,161,1
4BO2,A,110,1
4BO2,B,167,1
4BO2,B,164,1
4BO2,A,160,1
4BO2,A,167,1
4BO2,C,176,0
4BO2,A,132,0
4BO2,A,218,0
4BO2,C,65,0
4BO2,C,57,0
4BO2,B,16,0
4BO2,D,174,0
4BO2,C,62,0
4BO2,C,203,0
4BO2,C,152,0
4BO2,D,68,0
4BO2,A,200,0
4BO2,B,239,0
4BO2,A,3,0
4BO2,B,246,0
4BO2,D,21,0
4BO2,A,239,0
4BO2,A,174,0
4BO2,D,211,0
4BO2,B,29,0
4BO2,C,197,0
4BO2,C,1,0
4BO2,A,215,0
4BO2,C,3,0
4BO2,D,116,0
4BO2,C,229,0
4BO2,C,47,0
4BO2,B,52,0
4BO2,A,50,0
4BO2,A,203,0
4BO2,C,218,0
4BO2,D,105,0
4BO2,D,1,0
4BO2,B,33,0
4BO2,C,204,0
4BO2,C,107,0
4BO2,D,162,0
4BO2,B,215,0
4BO2,C,81,0
4BO2,D,140,0
4BO2,C,246,0
4BO2,B,73,0
4BO2,B,75,0
4BO2,D,47,0
4BO2,C,237,0
4BO2,A,85,0
4BO2,D,115,0
4BO2,D,188,0
4BO2,C,164,0
4BO2,A,124,0
4BO2,A,220,0
4BO2,D,-4,0
4BO2,D,149,0
4BO2,B,70,0
4BO2,C,220,0
4BO2,D,20,0
4BO2,A,130,0
4BO2,D,207,0
4BO2,B,146,0
4BO2,D,144,0
4BO2,A,207,0
4BO2,C,179,0
4BO2,A,62,0
4BO2,D,150,0
4BO2,C,79,0
4BO2,A,224,0
4BO2,D,57,0
4BO2,D,235,0
4BO2,B,238,0
4BO2,C,9,0
4BO2,D,220,0
4BO2,C,113,0
4BO2,B,56,0
4BO2,D,212,0
4BO2,A,120,0
1G3L,A,249,1
1G3L,A,41,1
1G3L,A,113,1
1G3L,A,121,1
1G3L,A,292,1
1G3L,A,117,1
1G3L,C,219,1
1G3L,C,216,1
1G3L,A,45,1
1G3L,A,252,1
1G3L,A,115,1
1G3L,A,256,1
1G3L,C,221,1
1G3L,A,250,1
1G3L,A,114,1
1G3L,C,220,1
1G3L,A,255,1
1G3L,A,120,1
1G3L,C,218,1
1G3L,A,259,1
1G3L,A,293,1
1G3L,A,251,1
1G3L,C,217,1
1G3L,A,118,1
1G3L,A,116,1
1G3L,A,119,1
1G3L,C,279,0
1G3L,B,210,0
1G3L,B,242,0
1G3L,D,128,0
1G3L,A,72,0
1G3L,B,134,0
1G3L,B,60,0
1G3L,A,207,0
1G3L,C,234,0
1G3L,D,26,0
1G3L,D,236,0
1G3L,D,268,0
1G3L,B,264,0
1G3L,C,163,0
1G3L,D,108,0
1G3L,C,227,0
1G3L,B,166,0
1G3L,D,136,0
1G3L,C,22,0
1G3L,D,248,0
1G3L,C,175,0
1G3L,C,23,0
1G3L,D,54,0
1G3L,D,273,0
1G3L,B,28,0
1G3L,B,131,0
1G3L,B,208,0
1G3L,C,247,0
1G3L,D,242,0
1G3L,A,235,0
1G3L,B,276,0
1G3L,C,151,0
1G3L,D,264,0
1G3L,D,208,0
1G3L,B,103,0
1G3L,A,183,0
1G3L,B,58,0
1G3L,B,238,0
1G3L,D,191,0
1G3L,A,195,0
1G3L,B,154,0
1G3L,C,250,0
1G3L,B,139,0
1G3L,C,266,0
1G3L,A,139,0
1G3L,D,18,0
1G3L,C,133,0
1G3L,A,176,0
1G3L,D,244,0
1G3L,A,199,0
1G3L,D,197,0
1G3L,D,201,0
1G3L,C,261,0
1G3L,C,61,0
1G3L,B,227,0
1G3L,D,113,0
1G3L,A,245,0
1G3L,B,59,0
1G3L,D,129,0
1G3L,C,241,0
1G3L,D,105,0
1G3L,C,212,0
1G3L,D,36,0
1G3L,B,221,0
1G3L,C,201,0
1G3L,B,179,0
1G3L,D,77,0
1G3L,D,184,0
1G3L,D,24,0
1G3L,A,62,0
1G3L,C,125,0
1G3L,C,183,0
1G3L,D,133,0
1G3L,C,249,0
1G3L,D,230,0
1G3L,B,216,0
1G3L,A,159,0
1G3L,B,30,0
2OZ6,A,66,1
2OZ6,A,32,1
2OZ6,A,104,1
2OZ6,A,64,1
2OZ6,A,86,1
2OZ6,A,76,1
2OZ6,A,51,1
2OZ6,A,91,1
2OZ6,A,89,1
2OZ6,A,63,1
2OZ6,A,71,1
2OZ6,A,132,1
2OZ6,A,72,1
2OZ6,A,75,1
2OZ6,A,73,1
2OZ6,A,87,1
2OZ6,A,128,1
2OZ6,A,88,1
2OZ6,A,38,1
2OZ6,A,74,1
2OZ6,A,90,1
2OZ6,A,161,0
2OZ6,A,58,0
2OZ6,A,115,0
2OZ6,A,188,0
2OZ6,A,201,0
2OZ6,A,182,0
2OZ6,A,166,0
2OZ6,A,114,0
2OZ6,A,212,0
2OZ6,A,211,0
2OZ6,A,140,0
2OZ6,A,200,0
2OZ6,A,190,0
2OZ6,A,16,0
2OZ6,A,146,0
2OZ6,A,183,0
2OZ6,A,97,0
2OZ6,A,156,0
2OZ6,A,184,0
2OZ6,A,209,0
2OZ6,A,204,0
2OZ6,A,198,0
2OZ6,A,143,0
2OZ6,A,207,0
2OZ6,A,112,0
2OZ6,A,96,0
2OZ6,A,177,0
2OZ6,A,56,0
2OZ6,A,148,0
2OZ6,A,206,0
2OZ6,A,46,0
2OZ6,A,174,0
2OZ6,A,171,0
2OZ6,A,11,0
2OZ6,A,154,0
2OZ6,A,172,0
2OZ6,A,10,0
2OZ6,A,185,0
2OZ6,A,195,0
2OZ6,A,139,0
2OZ6,A,8,0
2OZ6,A,168,0
2OZ6,A,155,0
2OZ6,A,145,0
2OZ6,A,14,0
2OZ6,A,160,0
2OZ6,A,111,0
2OZ6,A,208,0
2OZ6,A,151,0
2OZ6,A,55,0
2OZ6,A,12,0
2OZ6,A,199,0
2OZ6,A,193,0
2OZ6,A,197,0
2OZ6,A,153,0
2OZ6,A,95,0
2OZ6,A,117,0
2OZ6,A,142,0
2OZ6,A,157,0
2OZ6,A,192,0
2OZ6,A,213,0
2OZ6,A,18,0
2OZ6,A,152,0
4N07,A,239,1
4N07,A,238,1
4N07,A,104,1
4N07,A,108,1
4N07,A,107,1
4N07,A,242,1
4N07,A,247,1
4N07,A,105,1
4N07,A,106,1
4N07,C,98,0
4N07,B,128,0
4N07,C,170,0
4N07,B,258,0
4N07,C,44,0
4N07,B,19,0
4N07,B,223,0
4N07,B,256,0
4N07,B,228,0
4N07,B,243,0
4N07,B,221,0
4N07,B,39,0
4N07,A,34,0
4N07,A,224,0
4N07,B,93,0
4N07,B,94,0
4N07,A,153,0
4N07,A,197,0
4N07,C,103,0
4N07,C,26,0
4N07,B,35,0
4N07,A,175,0
4N07,B,190,0
4N07,C,56,0
4N07,C,224,0
4N07,C,51,0
4N07,A,128,0
4EAJ,C,226,1
4EAJ,C,297,1
4EAJ,C,298,1
4EAJ,C,312,1
4EAJ,C,198,1
4EAJ,C,313,1
4EAJ,C,316,1
4EAJ,C,227,1
4EAJ,C,224,1
4EAJ,C,202,1
4EAJ,C,228,1
4EAJ,C,205,1
4EAJ,C,222,1
4EAJ,C,201,1
4EAJ,C,311,1
4EAJ,C,150,1
4EAJ,C,315,1
4EAJ,C,225,1
4EAJ,C,203,1
4EAJ,C,223,1
4EAJ,C,204,1
4EAJ,C,199,1
4EAJ,C,81,0
4EAJ,C,79,0
4EAJ,B,205,0
4EAJ,B,266,0
4EAJ,C,138,0
4EAJ,B,247,0
4EAJ,C,247,0
4EAJ,A,482,0
4EAJ,A,486,0
4EAJ,C,65,0
4EAJ,C,41,0
4EAJ,C,57,0
4EAJ,A,408,0
4EAJ,C,75,0
4EAJ,B,258,0
4EAJ,C,184,0
4EAJ,A,417,0
4EAJ,A,458,0
4EAJ,A,456,0
4EAJ,C,271,0
4EAJ,C,78,0
4EAJ,C,49,0
4EAJ,C,133,0
4EAJ,B,257,0
4EAJ,A,487,0
4EAJ,B,238,0
4EAJ,A,427,0
4EAJ,C,260,0
4EAJ,A,472,0
4EAJ,C,134,0
4EAJ,A,441,0
4EAJ,C,62,0
4EAJ,A,400,0
4EAJ,B,251,0
4EAJ,B,204,0
4EAJ,C,43,0
4EAJ,C,245,0
4EAJ,C,209,0
4EAJ,A,484,0
4EAJ,C,272,0
4EAJ,C,50,0
4EAJ,B,212,0
4EAJ,C,107,0
4EAJ,C,284,0
4EAJ,A,446,0
4EAJ,C,264,0
4EAJ,A,403,0
4EAJ,C,38,0
4EAJ,B,252,0
4EAJ,C,303,0
4EAJ,C,213,0
4EAJ,C,185,0
4EAJ,C,289,0
4EAJ,C,190,0
4EAJ,A,405,0
4EAJ,C,111,0
4EAJ,A,421,0
4EAJ,C,82,0
4EAJ,B,216,0
4EAJ,B,241,0
4EAJ,C,249,0
4EAJ,A,397,0
4EAJ,C,155,0
4EAJ,A,460,0
4EAJ,B,269,0
4EAJ,C,137,0
3QEL,B,207,1
3QEL,A,113,1
3QEL,B,174,1
3QEL,B,111,1
3QEL,B,175,1
3QEL,B,107,1
3QEL,B,176,1
3QEL,A,109,1
3QEL,B,78,1
3QEL,B,233,1
3QEL,A,115,1
3QEL,B,106,1
3QEL,B,177,1
3QEL,A,131,1
3QEL,B,114,1
3QEL,A,106,1
3QEL,B,82,1
3QEL,B,236,1
3QEL,A,135,1
3QEL,B,110,1
3QEL,A,132,1
3QEL,A,134,1
3QEL,A,112,1
3QEL,A,133,1
3QEL,A,110,1
3QEL,A,75,1
3QEL,A,108,1
3QEL,A,241,0
3QEL,D,389,0
3QEL,D,371,0
3QEL,D,308,0
3QEL,D,295,0
3QEL,B,101,0
3QEL,C,241,0
3QEL,C,256,0
3QEL,D,264,0
3QEL,D,239,0
3QEL,B,146,0
3QEL,D,275,0
3QEL,D,102,0
3QEL,A,55,0
3QEL,A,93,0
3QEL,C,25,0
3QEL,B,48,0
3QEL,B,214,0
3QEL,C,377,0
3QEL,B,184,0
3QEL,A,261,0
3QEL,A,232,0
3QEL,C,232,0
3QEL,B,255,0
3QEL,D,370,0
3QEL,C,75,0
3QEL,A,359,0
3QEL,A,174,0
3QEL,C,30,0
3QEL,A,312,0
3QEL,C,299,0
3QEL,D,309,0
3QEL,A,245,0
3QEL,C,372,0
3QEL,D,213,0
3QEL,D,183,0
3QEL,D,387,0
3QEL,D,50,0
3QEL,B,296,0
3QEL,D,136,0
3QEL,C,67,0
3QEL,B,220,0
3QEL,C,153,0
3QEL,D,43,0
3QEL,A,147,0
3QEL,C,169,0
3QEL,A,48,0
3QEL,D,236,0
3QEL,D,172,0
3QEL,D,342,0
3QEL,C,124,0
3QEL,B,344,0
3QEL,D,101,0
3QEL,A,246,0
3QEL,A,353,0
3QEL,C,234,0
3QEL,D,39,0
3QEL,D,337,0
3QEL,B,187,0
3QEL,C,24,0
3QEL,D,225,0
3QEL,C,28,0
3QEL,C,148,0
3QEL,C,378,0
3QEL,B,310,0
3QEL,C,44,0
3QEL,D,274,0
3QEL,C,342,0
3QEL,B,360,0
3QEL,D,313,0
3QEL,A,254,0
3QEL,D,44,0
3QEL,B,198,0
3QEL,A,251,0
3QEL,C,262,0
3QEL,C,225,0
3QEL,B,165,0
3QEL,D,228,0
3QEL,B,380,0
3QEL,C,62,0
3QEL,D,376,0
3M3F,A,94,1
3M3F,A,109,1
3M3F,A,91,1
3M3F,A,218,1
3M3F,A,248,1
3M3F,A,108,1
3M3F,A,107,1
3M3F,A,220,1
3M3F,A,242,1
3M3F,A,92,1
3M3F,A,247,1
3M3F,A,105,1
3M3F,A,219,1
3M3F,A,93,1
3M3F,A,106,1
3M3F,A,217,1
3M3F,A,7,0
3M3F,A,169,0
3M3F,A,190,0
3M3F,A,156,0
3M3F,A,15,0
3M3F,A,206,0
3M3F,A,148,0
3M3F,A,120,0
3M3F,A,59,0
3M3F,A,127,0
3M3F,A,16,0
3M3F,A,85,0
3M3F,A,186,0
3M3F,A,225,0
3M3F,A,181,0
3M3F,A,201,0
3M3F,A,30,0
3M3F,A,113,0
3M3F,A,68,0
3M3F,A,73,0
3M3F,A,232,0
3M3F,A,46,0
3M3F,A,77,0
3M3F,A,56,0
3M3F,A,45,0
3M3F,A,44,0
3M3F,A,21,0
3M3F,A,173,0
3M3F,A,152,0
3M3F,A,51,0
3M3F,A,82,0
3M3F,A,228,0
3M3F,A,257,0
3M3F,A,204,0
3M3F,A,203,0
3M3F,A,49,0
3M3F,A,6,0
3M3F,A,179,0
3M3F,A,84,0
3M3F,A,188,0
3M3F,A,33,0
3M3F,A,187,0
3M3F,A,64,0
3M3F,A,151,0
3M3F,A,50,0
3M3F,A,8,0
3M3F,A,124,0
3M3F,A,41,0
3KH5,A,54,1
3KH5,A,180,1
3KH5,A,36,1
3KH5,A,253,1
3KH5,A,235,1
3KH5,A,198,1
3KH5,A,256,1
3KH5,A,233,1
3KH5,A,197,1
3KH5,A,193,1
3KH5,A,196,1
3KH5,A,201,1
3KH5,A,257,1
3KH5,A,255,1
3KH5,A,194,1
3KH5,A,232,1
3KH5,A,134,1
3KH5,A,230,1
3KH5,A,234,1
3KH5,A,254,1
3KH5,A,181,1
3KH5,A,34,1
3KH5,A,195,1
3KH5,A,258,1
3KH5,A,148,0
3KH5,A,165,0
3KH5,A,104,0
3KH5,A,9,0
3KH5,A,70,0
3KH5,A,156,0
3KH5,A,242,0
3KH5,A,125,0
3KH5,A,49,0
3KH5,A,217,0
3KH5,A,97,0
3KH5,A,112,0
3KH5,A,88,0
3KH5,A,111,0
3KH5,A,63,0
3KH5,A,71,0
3KH5,A,262,0
3KH5,A,72,0
3KH5,A,109,0
3KH5,A,263,0
3KH5,A,144,0
3KH5,A,11,0
3KH5,A,130,0
3KH5,A,23,0
3KH5,A,78,0
3KH5,A,120,0
3KH5,A,106,0
3KH5,A,94,0
3KH5,A,68,0
3KH5,A,47,0
3KH5,A,85,0
3KH5,A,128,0
3KH5,A,80,0
3KH5,A,7,0
3KH5,A,277,0
3KH5,A,149,0
3KH5,A,124,0
3KH5,A,280,0
3KH5,A,212,0
3KH5,A,39,0
3KH5,A,64,0
3KH5,A,189,0
3KH5,A,96,0
3KH5,A,93,0
3KH5,A,176,0
3KH5,A,15,0
3KH5,A,211,0
3KH5,A,147,0
3KH5,A,17,0
3KH5,A,3,0
3KH5,A,101,0
3KH5,A,73,0
3KH5,A,220,0
3KH5,A,166,0
3KH5,A,145,0
3KH5,A,20,0
3KH5,A,244,0
3KH5,A,100,0
3KH5,A,75,0
3KH5,A,240,0
3KH5,A,209,0
3KH5,A,44,0
3KH5,A,95,0
3KH5,A,77,0
3KH5,A,207,0
3KH5,A,21,0
3KH5,A,67,0
3KH5,A,69,0
3KH5,A,99,0
3KH5,A,241,0
3KH5,A,4,0
3KH5,A,239,0
3C1N,B,429,1
3C1N,A,420,1
3C1N,A,447,1
3C1N,B,434,1
3C1N,A,444,1
3C1N,B,425,1
3C1N,A,418,1
3C1N,A,421,1
3C1N,A,414,1
3C1N,A,417,1
3C1N,A,415,1
3C1N,A,419,1
3C1N,A,440,1
3C1N,B,433,1
3C1N,B,438,1
3C1N,B,436,1
3C1N,A,422,1
3C1N,B,435,1
3C1N,A,416,1
3C1N,C,177,0
3C1N,C,98,0
3C1N,B,247,0
3C1N,A,381,0
3C1N,A,299,0
3C1N,B,36,0
3C1N,D,233,0
3C1N,B,221,0
3C1N,D,370,0
3C1N,C,328,0
3C1N,D,192,0
3C1N,B,166,0
3C1N,B,249,0
3C1N,B,66,0
3C1N,B,372,0
3C1N,B,457,0
3C1N,A,273,0
3C1N,A,282,0
3C1N,A,60,0
3C1N,A,231,0
3C1N,D,49,0
3C1N,C,133,0
3C1N,C,365,0
3C1N,B,348,0
3C1N,D,276,0
3C1N,C,176,0
3C1N,D,442,0
3C1N,B,301,0
3C1N,C,32,0
3C1N,D,343,0
3C1N,D,176,0
3C1N,B,31,0
3C1N,B,109,0
3C1N,D,411,0
3C1N,C,395,0
3C1N,A,402,0
3C1N,C,261,0
3C1N,D,179,0
3C1N,D,230,0
3C1N,B,248,0
3C1N,D,58,0
3C1N,A,88,0
3C1N,D,231,0
3C1N,D,183,0
3C1N,A,377,0
3C1N,C,89,0
3C1N,A,130,0
3C1N,A,211,0
3C1N,D,14,0
3C1N,B,51,0
3C1N,D,23,0
3C1N,B,115,0
3C1N,C,190,0
3C1N,C,73,0
3C1N,C,273,0
3C1N,A,92,0
3C1N,D,128,0
1F2U,A,31,1
1F2U,A,12,1
1F2U,A,32,1
1F2U,A,62,1
1F2U,A,64,1
1F2U,D,782,1
1F2U,A,35,1
1F2U,A,60,1
1F2U,D,791,1
1F2U,A,36,1
1F2U,A,63,1
1F2U,B,871,1
1F2U,A,33,1
1F2U,D,764,1
1F2U,A,13,1
1F2U,A,61,1
1F2U,B,823,1
1F2U,A,37,1
1F2U,A,65,1
1F2U,B,869,1
1F2U,D,792,1
1F2U,A,30,1
1F2U,B,853,1
1F2U,D,829,1
1F2U,A,140,1
1F2U,D,796,1
1F2U,B,855,1
1F2U,A,39,1
1F2U,D,763,1
1F2U,B,874,1
1F2U,A,38,1
1F2U,D,794,1
1F2U,D,793,1
1F2U,A,34,1
1F2U,D,795,1
1F2U,D,790,1
1F2U,D,827,1
1F2U,A,107,0
1F2U,C,144,0
1F2U,D,775,0
1F2U,C,81,0
1F2U,D,806,0
1F2U,C,131,0
1F2U,D,874,0
1F2U,B,751,0
1F2U,C,140,0
1F2U,A,105,0
1F2U,B,804,0
1F2U,B,839,0
1F2U,B,781,0
1F2U,D,803,0
1F2U,B,807,0
1F2U,C,112,0
1F2U,D,844,0
1F2U,C,6,0
1F2U,A,111,0
1F2U,A,124,0
1F2U,A,120,0
1F2U,A,148,0
1F2U,A,82,0
1F2U,C,15,0
1F2U,B,849,0
1F2U,C,148,0
1F2U,B,828,0
1F2U,B,747,0
1F2U,A,92,0
1F2U,B,805,0
1F2U,B,746,0
1F2U,C,135,0
1F2U,B,783,0
1F2U,D,836,0
1F2U,C,108,0
1F2U,D,809,0
1F2U,A,118,0
1F2U,D,841,0
1F2U,A,25,0
1F2U,B,765,0
1F2U,A,52,0
1F2U,D,851,0
1F2U,B,754,0
1F2U,B,745,0
1F2U,B,797,0
1F2U,B,789,0
1F2U,B,845,0
1F2U,C,47,0
1F2U,D,744,0
1F2U,B,793,0
1F2U,D,812,0
1F2U,C,145,0
1F2U,D,755,0
1F2U,B,803,0
1F2U,D,747,0
1F2U,A,122,0
1F2U,D,870,0
1F2U,C,104,0
1F2U,C,44,0
1F2U,D,752,0
1F2U,A,109,0
1F2U,B,835,0
1F2U,D,853,0
1F2U,C,98,0
1F2U,A,119,0
1F2U,A,103,0
1F2U,B,787,0
1F2U,C,133,0
1F2U,D,875,0
1F2U,B,761,0
1F2U,B,814,0
1F2U,A,108,0
1F2U,B,866,0
1F2U,A,136,0
1F2U,C,8,0
1F2U,D,842,0
1F2U,B,774,0
1F2U,C,65,0
1F2U,B,742,0
1F2U,D,821,0
1F2U,C,118,0
1F2U,D,807,0
1F2U,B,778,0
1F2U,C,134,0
1F2U,C,80,0
1F2U,C,109,0
1F2U,D,856,0
1F2U,C,38,0
1F2U,B,813,0
1F2U,B,818,0
1F2U,D,871,0
1F2U,B,812,0
1F2U,D,804,0
1F2U,C,51,0
1F2U,A,76,0
1F2U,B,817,0
1F2U,C,20,0
1F2U,B,862,0
1F2U,C,50,0
1F2U,B,836,0
1F2U,A,50,0
1F2U,C,2,0
1F2U,A,79,0
1F2U,C,107,0
1F2U,B,798,0
1F2U,C,78,0
1F2U,B,796,0
1F2U,C,79,0
1F2U,B,834,0
1F2U,B,756,0
1F2U,C,22,0
4GRS,A,41,1
4GRS,A,66,1
4GRS,C,35,1
4GRS,A,40,1
4GRS,A,42,1
4GRS,C,36,1
4GRS,A,45,1
4GRS,C,33,1
4GRS,C,37,1
4GRS,A,65,1
4GRS,A,44,1
4GRS,A,43,1
4GRS,A,39,1
4GRS,A,2,1
4GRS,A,1,1
4GRS,C,38,1
4GRS,A,29,1
4GRS,C,34,1
4GRS,A,38,1
4GRS,C,31,1
4GRS,C,32,1
4GRS,D,239,0
4GRS,B,204,0
4GRS,C,316,0
4GRS,D,171,0
4GRS,C,273,0
4GRS,B,21,0
4GRS,D,51,0
4GRS,C,92,0
4GRS,B,29,0
4GRS,B,297,0
4GRS,A,263,0
4GRS,C,95,0
4GRS,B,158,0
4GRS,A,284,0
4GRS,B,302,0
4GRS,C,119,0
4GRS,B,121,0
4GRS,B,89,0
4GRS,A,269,0
4GRS,A,127,0
4GRS,A,198,0
4GRS,A,106,0
4GRS,A,118,0
4GRS,D,22,0
4GRS,B,17,0
4GRS,A,159,0
4GRS,B,125,0
4GRS,B,232,0
4GRS,D,42,0
4GRS,C,247,0
4GRS,D,141,0
4GRS,D,267,0
4GRS,A,175,0
4GRS,B,65,0
4GRS,A,194,0
4GRS,A,113,0
4GRS,C,202,0
4GRS,B,183,0
4GRS,C,20,0
4GRS,C,131,0
4GRS,C,114,0
4GRS,B,263,0
4GRS,D,162,0
4GRS,A,243,0
4GRS,B,321,0
4GRS,C,112,0
4GRS,C,207,0
4GRS,D,234,0
4GRS,B,101,0
4GRS,B,130,0
4GRS,B,38,0
4GRS,A,288,0
4GRS,A,191,0
4GRS,B,59,0
4GRS,D,159,0
4GRS,D,169,0
4GRS,A,120,0
4GRS,A,200,0
4GRS,D,61,0
4GRS,C,156,0
4GRS,A,290,0
4GRS,B,262,0
4GRS,C,268,0
1DKU,B,109,1
1DKU,B,107,1
1DKU,A,312,1
1DKU,B,105,1
1DKU,A,313,1
1DKU,B,106,1
1DKU,A,149,1
1DKU,A,147,1
1DKU,B,110,1
1DKU,A,311,1
1DKU,A,150,1
1DKU,A,310,1
1DKU,A,148,1
1DKU,B,108,1
1DKU,A,309,1
1DKU,A,140,1
1DKU,A,315,1
1DKU,A,151,1
1DKU,A,183,1
1DKU,A,227,0
1DKU,B,253,0
1DKU,A,52,0
1DKU,B,123,0
1DKU,A,111,0
1DKU,A,163,0
1DKU,A,264,0
1DKU,A,159,0
1DKU,A,75,0
1DKU,B,234,0
1DKU,A,215,0
1DKU,A,162,0
1DKU,B,71,0
1DKU,B,93,0
1DKU,B,182,0
1DKU,B,96,0
1DKU,B,69,0
1DKU,B,296,0
1DKU,B,26,0
1DKU,A,239,0
1DKU,B,42,0
1DKU,A,172,0
1DKU,A,98,0
1DKU,A,235,0
1DKU,A,90,0
1DKU,B,11,0
1DKU,B,139,0
1DKU,B,257,0
1DKU,B,184,0
1DKU,B,141,0
1DKU,A,230,0
1DKU,B,59,0
1DKU,B,238,0
1DKU,B,146,0
1DKU,A,266,0
1DKU,B,27,0
1DKU,B,291,0
1DKU,B,60,0
1DKU,B,99,0
1DKU,A,263,0
1DKU,A,193,0
1DKU,A,70,0
1DKU,B,116,0
1DKU,A,269,0
1DKU,A,40,0
1DKU,B,38,0
1DKU,B,187,0
1DKU,B,147,0
1DKU,B,114,0
1DKU,A,223,0
1DKU,A,231,0
1DKU,A,167,0
1DKU,B,189,0
1DKU,B,292,0
1DKU,B,252,0
1DKU,A,247,0
1DKU,A,21,0
2P5M,B,105,1
2P5M,A,97,1
2P5M,B,108,1
2P5M,B,111,1
2P5M,A,127,1
2P5M,B,123,1
2P5M,A,103,1
2P5M,B,104,1
2P5M,A,125,1
2P5M,B,128,1
2P5M,B,107,1
2P5M,B,121,1
2P5M,A,124,1
2P5M,A,126,1
2P5M,B,103,1
2P5M,A,100,1
2P5M,B,122,1
2P5M,C,128,0
2P5M,A,72,0
2P5M,B,82,0
2P5M,C,117,0
2P5M,C,80,0
2P5M,A,73,0
2P5M,C,81,0
2P5M,A,137,0
2P5M,A,79,0
2P5M,C,99,0
2P5M,C,115,0
2P5M,B,81,0
2P5M,C,88,0
2P5M,B,148,0
2P5M,A,92,0
2P5M,B,75,0
2P5M,A,147,0
2P5M,C,146,0
2P5M,A,93,0
2P5M,C,98,0
2P5M,B,149,0
2P5M,A,89,0
2P5M,C,119,0
2P5M,C,94,0
2P5M,C,113,0
2P5M,B,88,0
2P5M,C,132,0
2P5M,A,109,0
2P5M,A,120,0
2P5M,B,117,0
2P5M,C,143,0
2P5M,C,129,0
2P5M,C,135,0
2P5M,A,132,0
2P5M,B,137,0
2P5M,C,105,0
2P5M,B,140,0
2P5M,A,76,0
2P5M,A,139,0
2P5M,C,141,0
2P5M,B,141,0
2P5M,C,100,0
2P5M,C,72,0
2P5M,A,75,0
2P5M,C,133,0
2P5M,B,73,0
2P5M,C,148,0
2P5M,C,142,0
2P5M,A,141,0
2P5M,B,89,0
2P5M,C,90,0
3E3N,B,45,1
3E3N,A,240,1
3E3N,A,81,1
3E3N,A,155,1
3E3N,A,316,1
3E3N,A,313,1
3E3N,A,319,1
3E3N,A,242,1
3E3N,A,306,1
3E3N,B,44,1
3E3N,A,71,1
3E3N,A,193,1
3E3N,A,310,1
3E3N,A,309,1
3E3N,A,72,1
3E3N,A,317,1
3E3N,A,75,1
3E3N,A,68,1
3E3N,A,318,1
3E3N,A,315,1
3E3N,B,41,1
3E3N,A,67,1
3E3N,B,40,1
3E3N,B,42,1
3E3N,B,29,0
3E3N,B,147,0
3E3N,A,688,0
3E3N,A,811,0
3E3N,B,584,0
3E3N,B,145,0
3E3N,B,189,0
3E3N,B,27,0
3E3N,B,26,0
3E3N,B,520,0
3E3N,B,473,0
3E3N,B,349,0
3E3N,B,458,0
3E3N,B,157,0
3E3N,A,32,0
3E3N,A,614,0
3E3N,B,769,0
3E3N,B,600,0
3E3N,B,683,0
3E3N,B,567,0
3E3N,A,672,0
3E3N,B,277,0
3E3N,A,633,0
3E3N,B,753,0
3E3N,A,554,0
3E3N,A,629,0
3E3N,B,529,0
3E3N,A,819,0
3E3N,A,96,0
3E3N,A,646,0
3E3N,A,467,0
3E3N,B,508,0
3E3N,A,512,0
3E3N,A,33,0
3E3N,B,275,0
3E3N,B,302,0
3E3N,A,550,0
3E3N,B,250,0
3E3N,B,56,0
3E3N,B,836,0
3E3N,A,670,0
3E3N,A,117,0
3E3N,A,186,0
3E3N,B,602,0
3E3N,A,378,0
3E3N,B,788,0
3E3N,B,778,0
3E3N,B,337,0
3E3N,A,393,0
3E3N,B,192,0
3E3N,B,315,0
3E3N,A,716,0
3E3N,B,396,0
3E3N,B,267,0
3E3N,B,289,0
3E3N,A,471,0
3E3N,A,726,0
3E3N,A,487,0
3E3N,B,332,0
3E3N,B,142,0
3E3N,B,531,0
3E3N,B,495,0
3E3N,A,789,0
3E3N,A,500,0
3E3N,A,728,0
3E3N,A,208,0
3E3N,B,213,0
3E3N,A,801,0
3E3N,B,501,0
3E3N,A,267,0
3E3N,B,476,0
3E3N,A,545,0
2IEG,B,60,1
2IEG,B,50,1
2IEG,B,186,1
2IEG,A,64,1
2IEG,B,185,1
2IEG,A,60,1
2IEG,B,187,1
2IEG,B,37,1
2IEG,A,192,1
2IEG,A,63,1
2IEG,B,57,1
2IEG,A,61,1
2IEG,A,193,1
2IEG,B,53,1
2IEG,B,39,1
2IEG,A,194,1
2IEG,B,188,1
2IEG,A,189,1
2IEG,B,38,1
2IEG,A,191,1
2IEG,A,190,1
2IEG,A,188,1
2IEG,A,67,1
2IEG,A,229,1
2IEG,B,40,1
2IEG,A,195,1
2IEG,A,271,0
2IEG,B,194,0
2IEG,A,539,0
2IEG,B,650,0
2IEG,B,564,0
2IEG,A,363,0
2IEG,A,655,0
2IEG,B,786,0
2IEG,B,495,0
2IEG,B,745,0
2IEG,B,707,0
2IEG,A,357,0
2IEG,B,324,0
2IEG,A,534,0
2IEG,A,349,0
2IEG,B,373,0
2IEG,B,281,0
2IEG,B,393,0
2IEG,A,300,0
2IEG,B,100,0
2IEG,B,177,0
2IEG,A,397,0
2IEG,B,556,0
2IEG,A,415,0
2IEG,B,583,0
2IEG,B,521,0
2IEG,A,738,0
2IEG,B,378,0
2IEG,B,501,0
2IEG,B,12,0
2IEG,A,582,0
2IEG,B,752,0
2IEG,A,153,0
2IEG,A,311,0
2IEG,B,366,0
2IEG,B,147,0
2IEG,B,594,0
2IEG,B,26,0
2IEG,B,809,0
2IEG,B,687,0
2IEG,A,123,0
2IEG,B,92,0
2IEG,A,496,0
2IEG,B,29,0
2IEG,A,108,0
2IEG,A,676,0
2IEG,A,14,0
2IEG,A,799,0
2IEG,B,477,0
2IEG,B,440,0
2IEG,B,516,0
2IEG,B,724,0
2IEG,B,336,0
2IEG,A,674,0
2IEG,A,744,0
2IEG,B,605,0
2IEG,A,152,0
2IEG,A,33,0
2IEG,B,86,0
2IEG,A,484,0
2IEG,A,340,0
2IEG,B,340,0
2IEG,A,782,0
2IEG,B,271,0
2IEG,A,542,0
2IEG,B,825,0
2IEG,B,138,0
2IEG,A,391,0
2IEG,B,698,0
2IEG,B,395,0
2IEG,A,835,0
2IEG,A,424,0
2IEG,B,601,0
2IEG,B,775,0
2IEG,A,435,0
2IEG,A,35,0
2IEG,A,437,0
2IEG,B,453,0
3BCR,A,614,1
3BCR,A,572,1
3BCR,A,284,1
3BCR,A,613,1
3BCR,A,612,1
3BCR,A,287,1
3BCR,A,282,1
3BCR,A,382,1
3BCR,A,571,1
3BCR,A,611,1
3BCR,A,610,1
3BCR,A,283,1
3BCR,A,770,1
3BCR,A,285,1
3BCR,A,605,0
3BCR,A,741,0
3BCR,A,817,0
3BCR,A,635,0
3BCR,A,328,0
3BCR,A,358,0
3BCR,A,230,0
3BCR,A,823,0
3BCR,A,752,0
3BCR,A,180,0
3BCR,A,590,0
3BCR,A,677,0
3BCR,A,689,0
3BCR,A,810,0
3BCR,A,739,0
3BCR,A,581,0
3BCR,A,395,0
3BCR,A,438,0
3BCR,A,437,0
3BCR,A,354,0
3BCR,A,32,0
3BCR,A,513,0
3BCR,A,327,0
3BCR,A,121,0
3BCR,A,42,0
3BCR,A,555,0
3BCR,A,632,0
3BCR,A,715,0
3BCR,A,441,0
3BCR,A,472,0
3BCR,A,316,0
3BCR,A,193,0
3BCR,A,336,0
3BCR,A,82,0
3BCR,A,419,0
3BCR,A,251,0
3BCR,A,189,0
3BCR,A,294,0
3BCR,A,692,0
3BCR,A,745,0
3BCR,A,523,0
3BCR,A,710,0
4MRA,A,655,1
4MRA,A,544,1
4MRA,A,497,1
4MRA,A,552,1
4MRA,A,121,1
4MRA,A,659,1
4MRA,A,654,1
4MRA,A,548,1
4MRA,A,541,1
4MRA,A,658,1
4MRA,A,551,1
4MRA,A,494,1
4MRA,A,496,1
4MRA,A,547,1
4MRA,A,120,1
4MRA,A,124,1
4MRA,A,495,1
4MRA,A,545,1
4MRA,A,118,1
4MRA,A,333,0
4MRA,A,772,0
4MRA,A,708,0
4MRA,A,702,0
4MRA,A,830,0
4MRA,A,693,0
4MRA,A,580,0
4MRA,A,30,0
4MRA,A,727,0
4MRA,A,816,0
4MRA,A,418,0
4MRA,A,306,0
4MRA,A,609,0
4MRA,A,309,0
4MRA,A,302,0
4MRA,A,780,0
4MRA,A,435,0
4MRA,A,211,0
4MRA,A,833,0
4MRA,A,608,0
4MRA,A,456,0
4MRA,A,517,0
4MRA,A,139,0
4MRA,A,764,0
4MRA,A,130,0
4MRA,A,505,0
4MRA,A,340,0
4MRA,A,280,0
4MRA,A,423,0
4MRA,A,82,0
4MRA,A,570,0
4MRA,A,293,0
4MRA,A,446,0
4MRA,A,242,0
4MRA,A,709,0
4MRA,A,577,0
4MRA,A,307,0
4MRA,A,189,0
4MRA,A,276,0
4MRA,A,282,0
4MRA,A,188,0
4MRA,A,777,0
4MRA,A,407,0
4MRA,A,129,0
4MRA,A,483,0
4MRA,A,747,0
4MRA,A,427,0
4MRA,A,784,0
4MRA,A,819,0
4MRA,A,598,0
4MRA,A,236,0
4MRA,A,529,0
4MRA,A,763,0
4MRA,A,232,0
4MRA,A,636,0
4MRA,A,28,0
4MRA,A,213,0
3N25,A,45,1
3N25,A,469,1
3N25,A,468,1
3N25,A,466,1
3N25,A,356,1
3N25,A,465,1
3N25,A,464,1
3N25,A,44,1
3N25,A,463,1
3N25,A,46,1
3N25,A,42,1
3N25,A,462,1
3N25,A,43,1
3N25,A,467,1
3N25,A,69,1
3N25,A,105,1
3N25,A,470,1
3N25,C,83,0
3N25,D,317,0
3N25,B,252,0
3N25,D,26,0
3N25,D,107,0
3N25,C,230,0
3N25,D,259,0
3N25,A,248,0
3N25,A,294,0
3N25,C,484,0
3N25,B,162,0
3N25,C,71,0
3N25,B,87,0
3N25,D,306,0
3N25,B,234,0
3N25,C,409,0
3N25,B,171,0
3N25,C,103,0
3N25,A,216,0
3N25,C,458,0
3N25,C,322,0
3N25,B,399,0
3N25,A,512,0
3N25,B,330,0
3N25,D,362,0
3N25,C,207,0
3N25,C,26,0
3N25,B,235,0
3N25,D,437,0
3N25,D,417,0
3N25,B,428,0
3N25,D,363,0
3N25,D,296,0
3N25,B,172,0
3N25,B,213,0
3N25,B,293,0
3N25,C,385,0
3N25,C,491,0
3N25,B,404,0
3N25,A,169,0
3N25,C,351,0
3N25,C,232,0
3N25,D,119,0
3N25,D,278,0
3N25,C,328,0
3N25,B,486,0
3N25,C,22,0
3N25,C,387,0
3N25,A,58,0
3N25,B,453,0
3N25,B,345,0
4AHS,A,109,1
4AHS,A,110,1
4AHS,B,181,1
4AHS,B,184,1
4AHS,B,195,1
4AHS,B,108,1
4AHS,B,197,1
4AHS,A,108,1
4AHS,B,83,1
4AHS,A,208,1
4AHS,A,105,1
4AHS,A,107,1
4AHS,B,198,1
4AHS,B,201,1
4AHS,B,185,1
4AHS,B,200,1
4AHS,A,106,1
4AHS,A,204,1
4AHS,A,81,0
4AHS,B,65,0
4AHS,A,178,0
4AHS,A,164,0
4AHS,B,64,0
4AHS,B,144,0
4AHS,B,145,0
4AHS,B,173,0
4AHS,B,74,0
4AHS,A,151,0
4AHS,A,68,0
4AHS,A,143,0
4AHS,A,82,0
4AHS,B,97,0
4AHS,B,66,0
4AHS,A,91,0
4AHS,B,146,0
4AHS,A,95,0
4AHS,A,131,0
4AHS,B,167,0
4AHS,B,125,0
4AHS,B,149,0
4AHS,B,171,0
4AHS,A,138,0
4AHS,A,154,0
4AHS,B,130,0
4AHS,B,73,0
4AHS,B,132,0
4AHS,A,177,0
4AHS,B,117,0
4AHS,B,122,0
4AHS,A,87,0
4AHS,B,163,0
4AHS,B,165,0
4AHS,A,85,0
4AHS,A,63,0
4AHS,A,99,0
4AHS,A,195,0
4AHS,B,150,0
4AHS,B,159,0
4AHS,B,172,0
4AHS,A,157,0
4AHS,B,160,0
4AHS,A,64,0
4AHS,A,140,0
4AHS,A,183,0
4AHS,A,97,0
4AHS,A,188,0
4AHS,B,133,0
4AHS,A,149,0
4AHS,A,167,0
4AHS,B,60,0
4AHS,B,72,0
4AHS,B,128,0
2Y0P,A,1090,1
2Y0P,A,1060,1
2Y0P,A,1147,1
2Y0P,A,1054,1
2Y0P,A,1092,1
2Y0P,A,1035,1
2Y0P,A,829,1
2Y0P,A,1089,1
2Y0P,A,822,1
2Y0P,A,1146,1
2Y0P,A,1149,1
2Y0P,A,1063,1
2Y0P,A,1037,1
2Y0P,A,1093,1
2Y0P,A,1151,1
2Y0P,A,827,1
2Y0P,A,825,1
2Y0P,A,1142,1
2Y0P,A,1032,1
2Y0P,A,823,1
2Y0P,A,830,1
2Y0P,A,1148,1
2Y0P,A,826,1
2Y0P,A,1091,1
2Y0P,A,828,1
2Y0P,A,1145,1
2Y0P,A,1058,1
2Y0P,A,1055,1
2Y0P,A,1038,1
2Y0P,A,1036,1
2Y0P,A,1150,1
2Y0P,A,831,1
2Y0P,A,1144,1
2Y0P,A,1062,1
2Y0P,B,1073,0
2Y0P,B,1022,0
2Y0P,B,827,0
2Y0P,B,1176,0
2Y0P,B,876,0
2Y0P,A,550,0
2Y0P,B,995,0
2Y0P,B,1191,0
2Y0P,B,1106,0
2Y0P,B,601,0
2Y0P,B,989,0
2Y0P,A,653,0
2Y0P,A,1136,0
2Y0P,A,616,0
2Y0P,B,514,0
2Y0P,B,923,0
2Y0P,A,906,0
2Y0P,B,1063,0
2Y0P,B,517,0
2Y0P,B,1001,0
2Y0P,B,1094,0
2Y0P,B,1021,0
2Y0P,A,744,0
2Y0P,B,464,0
2Y0P,A,1181,0
2Y0P,A,568,0
2Y0P,A,657,0
2Y0P,B,738,0
2Y0P,A,1113,0
2Y0P,B,704,0
2Y0P,B,1214,0
2Y0P,A,519,0
2Y0P,B,1100,0
2Y0P,B,1224,0
2Y0P,B,370,0
2Y0P,A,610,0
2Y0P,B,891,0
2Y0P,A,615,0
2Y0P,A,764,0
2Y0P,B,799,0
2Y0P,A,605,0
2Y0P,B,649,0
2Y0P,A,416,0
2Y0P,B,976,0
2Y0P,B,542,0
2Y0P,A,448,0
2Y0P,B,384,0
2Y0P,A,773,0
2Y0P,A,1210,0
2Y0P,B,818,0
2Y0P,B,513,0
2Y0P,B,1111,0
2Y0P,A,594,0
2Y0P,A,722,0
2Y0P,B,586,0
2Y0P,B,515,0
2Y0P,A,913,0
2Y0P,A,884,0
2Y0P,A,1025,0
2Y0P,A,438,0
2Y0P,A,687,0
2Y0P,B,593,0
2Y0P,B,1141,0
2Y0P,A,1069,0
2Y0P,B,1041,0
2Y0P,A,442,0
2Y0P,B,1061,0
2Y0P,B,758,0
2Y0P,A,1124,0
2Y0P,B,489,0
2Y0P,B,1150,0
2Y0P,A,1170,0
2Y0P,B,782,0
2Y0P,B,932,0
2Y0P,A,945,0
2Y0P,B,739,0
2Y0P,B,849,0
2Y0P,B,374,0
2Y0P,A,807,0
2Y0P,A,695,0
2Y0P,B,953,0
2Y0P,B,1067,0
2Y0P,B,823,0
2Y0P,B,875,0
2Y0P,A,654,0
2Y0P,B,894,0
2Y0P,B,964,0
2Y0P,B,689,0
2Y0P,A,520,0
2Y0P,A,1226,0
2Y0P,A,976,0
2Y0P,A,782,0
2Y0P,B,477,0
2Y0P,B,461,0
2Y0P,A,1081,0
2Y0P,B,702,0
2Y0P,A,501,0
2Y0P,B,1199,0
2Y0P,B,805,0
2Y0P,B,682,0
2Y0P,A,986,0
2Y0P,B,533,0
4N9I,A,62,1
4N9I,A,64,1
4N9I,A,86,1
4N9I,A,81,1
4N9I,A,85,1
4N9I,A,99,1
4N9I,A,36,1
4N9I,A,51,1
4N9I,B,130,1
4N9I,A,69,1
4N9I,A,71,1
4N9I,A,61,1
4N9I,B,124,1
4N9I,B,126,1
4N9I,A,84,1
4N9I,A,30,1
4N9I,A,49,1
4N9I,A,70,1
4N9I,A,82,1
4N9I,A,72,1
4N9I,B,125,1
4N9I,A,83,1
4N9I,A,73,1
4N9I,B,127,1
4N9I,A,74,1
4N9I,A,123,1
4N9I,B,81,0
4N9I,A,154,0
4N9I,B,14,0
4N9I,A,109,0
4N9I,A,110,0
4N9I,A,155,0
4N9I,B,113,0
4N9I,A,195,0
4N9I,B,97,0
4N9I,B,60,0
4N9I,A,204,0
4N9I,A,173,0
4N9I,B,29,0
4N9I,B,10,0
4N9I,B,137,0
4N9I,B,74,0
4N9I,A,8,0
4N9I,A,160,0
4N9I,A,132,0
4N9I,B,50,0
4N9I,B,188,0
4N9I,B,171,0
4N9I,B,112,0
4N9I,A,107,0
4N9I,B,175,0
4N9I,B,25,0
4N9I,B,84,0
4N9I,B,110,0
4N9I,B,155,0
4N9I,B,66,0
4N9I,A,142,0
4N9I,B,158,0
4N9I,A,112,0
4N9I,B,138,0
4N9I,B,170,0
4N9I,A,9,0
4N9I,B,169,0
4N9I,B,203,0
4N9I,B,82,0
4N9I,B,53,0
4N9I,B,91,0
4N9I,A,152,0
4N9I,B,161,0
4N9I,B,94,0
4N9I,A,19,0
4N9I,B,69,0
4N9I,B,145,0
4N9I,A,187,0
4N9I,B,52,0
4N9I,B,177,0
4N9I,A,20,0
4N9I,B,156,0
4N9I,A,166,0
4N9I,B,65,0
4N9I,A,108,0
4N9I,B,165,0
4N9I,A,93,0
4N9I,B,42,0
4N9I,B,181,0
4N9I,B,164,0
4N9I,B,173,0
4N9I,A,167,0
4N9I,B,78,0
4N9I,B,150,0
4N9I,A,203,0
4N9I,A,24,0
4N9I,B,90,0
4N9I,A,114,0
4N9I,B,64,0
4N9I,A,191,0
4N9I,B,73,0
4N9I,B,144,0
4N9I,B,40,0
4N9I,A,137,0
4N9I,A,165,0
4N9I,A,22,0
4N9I,A,209,0
4N9I,A,144,0
4OO9,A,751,1
4OO9,A,655,1
4OO9,A,659,1
4OO9,A,781,1
4OO9,A,741,1
4OO9,A,654,1
4OO9,A,621,1
4OO9,A,747,1
4OO9,A,785,1
4OO9,A,628,1
4OO9,A,744,1
4OO9,A,809,1
4OO9,A,740,1
4OO9,A,627,1
4OO9,A,743,1
4OO9,A,802,1
4OO9,A,810,1
4OO9,A,658,1
4OO9,A,631,1
4OO9,A,814,1
4OO9,A,652,1
4OO9,A,813,1
4OO9,A,745,1
4OO9,A,651,1
4OO9,A,784,1
4OO9,A,808,1
4OO9,A,805,1
4OO9,A,704,1
4OO9,A,624,1
4OO9,A,806,1
4OO9,A,739,1
4OO9,A,625,1
4OO9,A,788,1
4OO9,A,604,0
4OO9,A,1038,0
4OO9,A,1108,0
4OO9,A,765,0
4OO9,A,826,0
4OO9,A,1022,0
4OO9,A,1129,0
4OO9,A,570,0
4OO9,A,1083,0
4OO9,A,1010,0
4OO9,A,571,0
4OO9,A,1006,0
4OO9,A,1097,0
4OO9,A,1089,0
4OO9,A,1056,0
4OO9,A,1100,0
4OO9,A,730,0
4OO9,A,675,0
4OO9,A,1055,0
4OO9,A,1157,0
4OO9,A,1023,0
4OO9,A,762,0
4OO9,A,829,0
4OO9,A,825,0
4OO9,A,1040,0
4OO9,A,719,0
4OO9,A,1125,0
4OO9,A,585,0
4OO9,A,607,0
4OO9,A,578,0
4OO9,A,1127,0
4OO9,A,584,0
4OO9,A,1029,0
4OO9,A,1047,0
4OO9,A,1162,0
4OO9,A,1113,0
4OO9,A,1074,0
4OO9,A,680,0
4OO9,A,668,0
4OO9,A,1088,0
4OO9,A,1112,0
4OO9,A,1018,0
4OO9,A,576,0
4OO9,A,1079,0
4OO9,A,1144,0
4OO9,A,1037,0
4OO9,A,669,0
4OO9,A,1159,0
4OO9,A,637,0
4OO9,A,1060,0
4OO9,A,1007,0
4OO9,A,795,0
4OO9,A,1110,0
4OO9,A,1027,0
4OO9,A,1115,0
4OO9,A,822,0
4OO9,A,1090,0
4OO9,A,698,0
4OO9,A,1012,0
4OO9,A,602,0
4OO9,A,1058,0
4OO9,A,1141,0
4OO9,A,1118,0
4OO9,A,1130,0
4OO9,A,1008,0
4OO9,A,1068,0
4OO9,A,824,0
4OO9,A,1142,0
4OO9,A,579,0
4OO9,A,1093,0
4OO9,A,1028,0
4OO9,A,1126,0
4OO9,A,1140,0
4OO9,A,677,0
4OO9,A,1044,0
4OO9,A,1137,0
4OO9,A,768,0
4OO9,A,645,0
4OO9,A,827,0
4OO9,A,689,0
4OO9,A,598,0
4OO9,A,596,0
4OO9,A,692,0
4OO9,A,1138,0
4OO9,A,1075,0
4OO9,A,1005,0
4OO9,A,1080,0
4OO9,A,1070,0
4OO9,A,595,0
4OO9,A,830,0
4OO9,A,1069,0
4OO9,A,1014,0
4OO9,A,1048,0
4OO9,A,1009,0
4OO9,A,569,0
4OO9,A,1136,0
4OO9,A,1019,0
4OO9,A,572,0
4OO9,A,1105,0
1H78,A,114,1
1H78,A,110,1
1H78,A,111,1
1H78,A,104,1
1H78,A,103,1
1H78,A,146,1
1H78,A,107,1
1H78,A,99,1
1H78,A,102,1
1H78,A,98,1
1H78,A,100,1
1H78,A,101,1
1H78,A,479,0
1H78,A,361,0
1H78,A,356,0
1H78,A,226,0
1H78,A,63,0
1H78,A,487,0
1H78,A,462,0
1H78,A,183,0
1H78,A,503,0
1H78,A,319,0
1H78,A,79,0
1H78,A,317,0
1H78,A,216,0
1H78,A,398,0
1H78,A,223,0
1H78,A,179,0
1H78,A,376,0
1H78,A,342,0
1H78,A,415,0
1H78,A,69,0
1H78,A,311,0
1H78,A,502,0
1H78,A,539,0
1H78,A,269,0
1H78,A,451,0
1H78,A,447,0
1H78,A,188,0
1H78,A,312,0
1H78,A,26,0
1H78,A,130,0
1H78,A,369,0
1H78,A,296,0
1H78,A,38,0
1H78,A,242,0
1H78,A,518,0
1H78,A,465,0
4EO6,A,418,1
4EO6,A,489,1
4EO6,A,496,1
4EO6,A,528,1
4EO6,A,482,1
4EO6,A,497,1
4EO6,A,422,1
4EO6,A,419,1
4EO6,A,486,1
4EO6,A,476,1
4EO6,A,474,1
4EO6,A,475,1
4EO6,A,501,1
4EO6,A,477,1
4EO6,A,490,1
4EO6,A,485,1
4EO6,A,533,1
4EO6,A,423,1
4EO6,B,467,0
4EO6,B,415,0
4EO6,B,433,0
4EO6,A,354,0
4EO6,A,302,0
4EO6,B,274,0
4EO6,B,494,0
4EO6,B,477,0
4EO6,B,505,0
4EO6,A,296,0
4EO6,B,30,0
4EO6,B,398,0
4EO6,A,54,0
4EO6,A,457,0
4EO6,A,82,0
4EO6,B,88,0
4EO6,A,431,0
4EO6,B,157,0
4EO6,A,61,0
4EO6,B,191,0
4EO6,B,532,0
4EO6,A,4,0
4EO6,B,556,0
4EO6,B,187,0
4EO6,A,182,0
4EO6,B,325,0
4EO6,A,218,0
4EO6,A,391,0
4EO6,B,186,0
4EO6,B,353,0
4EO6,A,7,0
4EO6,A,173,0
4EO6,A,508,0
4EO6,B,18,0
4EO6,A,230,0
4EO6,B,256,0
4EO6,A,395,0
4EO6,A,330,0
4EO6,B,248,0
4EO6,B,438,0
4EO6,A,136,0
4EO6,A,441,0
4EO6,B,451,0
4EO6,B,421,0
4EO6,A,212,0
4EO6,A,6,0
4EO6,B,31,0
4EO6,B,252,0
4EO6,B,124,0
4EO6,A,256,0
4EO6,A,132,0
4EO6,B,523,0
4EO6,B,228,0
4EO6,B,335,0
3G86,A,368,1
3G86,A,158,1
3G86,A,556,1
3G86,A,447,1
3G86,A,287,1
3G86,A,410,1
3G86,A,316,1
3G86,A,319,1
3G86,A,414,1
3G86,A,448,1
3G86,A,200,1
3G86,A,467,1
3G86,A,407,1
3G86,A,449,1
3G86,A,193,1
3G86,A,197,1
3G86,A,554,1
3G86,A,415,1
3G86,A,196,1
3G86,A,367,1
3G86,A,291,1
3G86,A,384,1
3G86,A,288,1
3G86,A,446,1
3G86,A,317,1
3G86,A,366,1
3G86,A,386,1
3G86,A,318,1
3G86,A,555,1
3G86,A,225,1
3G86,A,411,1
3G86,A,195,1
3G86,B,93,0
3G86,A,55,0
3G86,A,215,0
3G86,A,439,0
3G86,B,391,0
3G86,B,252,0
3G86,B,381,0
3G86,B,482,0
3G86,B,443,0
3G86,B,343,0
3G86,B,131,0
3G86,A,235,0
3G86,B,15,0
3G86,B,6,0
3G86,B,508,0
3G86,A,251,0
3G86,A,548,0
3G86,B,300,0
3G86,B,420,0
3G86,A,124,0
3G86,B,387,0
3G86,A,249,0
3G86,A,84,0
3G86,B,11,0
3G86,B,38,0
3G86,B,48,0
3G86,A,487,0
3G86,B,413,0
3G86,A,172,0
3G86,B,46,0
3G86,B,269,0
3G86,B,200,0
3G86,B,16,0
3G86,A,423,0
3G86,B,194,0
3G86,B,463,0
3G86,B,492,0
3G86,B,278,0
3G86,A,128,0
3G86,A,441,0
3G86,B,80,0
3G86,A,113,0
3G86,B,332,0
3G86,A,278,0
3G86,B,351,0
3G86,A,21,0
3G86,A,18,0
3G86,A,511,0
3G86,A,131,0
3G86,B,68,0
3G86,B,319,0
3G86,B,330,0
3G86,B,325,0
3G86,B,24,0
3G86,B,495,0
3G86,B,260,0
3G86,B,112,0
3G86,B,475,0
3G86,A,518,0
3G86,A,177,0
3G86,A,402,0
3G86,A,37,0
3G86,A,336,0
3G86,A,245,0
3G86,A,78,0
3G86,B,52,0
3G86,A,509,0
3G86,A,257,0
3G86,B,267,0
3G86,A,23,0
3G86,B,219,0
3G86,B,199,0
3G86,A,529,0
3G86,B,280,0
3G86,A,427,0
3G86,B,35,0
3G86,B,124,0
3G86,B,44,0
3G86,A,311,0
3G86,B,467,0
3G86,B,36,0
3G86,B,154,0
3G86,B,315,0
3G86,A,547,0
3G86,B,66,0
3G86,B,449,0
3G86,B,454,0
3G86,A,110,0
3G86,A,167,0
3G86,B,431,0
3G86,B,530,0
3G86,B,377,0
3G86,A,255,0
3G86,B,557,0
3G86,A,135,0
3G86,B,33,0
3F6G,A,432,1
3F6G,B,465,1
3F6G,B,464,1
3F6G,A,429,1
3F6G,B,467,1
3F6G,B,492,1
3F6G,A,451,1
3F6G,B,494,1
3F6G,B,496,1
3F6G,B,468,1
3F6G,B,466,1
3F6G,B,456,1
3F6G,A,454,1
3F6G,A,430,1
3F6G,B,493,1
3F6G,A,431,1
3F6G,B,495,1
3F6G,B,458,1
3F6G,A,428,1
3F6G,B,463,1
3F6G,A,427,1
3F6G,A,502,0
3F6G,B,512,0
3F6G,B,415,0
3F6G,A,508,0
3F6G,A,422,0
3F6G,A,444,0
3F6G,A,489,0
3F6G,A,458,0
3F6G,A,509,0
3F6G,B,422,0
3F6G,A,395,0
3F6G,A,512,0
3F6G,A,506,0
3F6G,A,486,0
3F6G,A,391,0
3F6G,A,469,0
3F6G,B,445,0
3F6G,A,464,0
3F6G,B,439,0
3F6G,B,448,0
3F6G,B,450,0
3F6G,B,416,0
3F6G,A,413,0
3F6G,A,505,0
3F6G,B,421,0
3F6G,B,420,0
3F6G,A,417,0
3F6G,B,507,0
3F6G,A,481,0
3F6G,B,392,0
3F6G,A,490,0
3F6G,A,404,0
3F6G,A,477,0
3F6G,A,443,0
3F6G,B,509,0
3F6G,A,507,0
3F6G,B,510,0
3F6G,B,485,0
3F6G,A,418,0
3F6G,A,492,0
3F6G,A,447,0
3F6G,B,412,0
3F6G,B,398,0
3F6G,B,432,0
3F6G,B,442,0
3F6G,A,460,0
3F6G,B,447,0
3F6G,A,439,0
3F6G,B,390,0
3F6G,B,446,0
3F6G,B,504,0
3F6G,B,506,0
3F6G,A,419,0
3F6G,B,486,0
3F6G,B,443,0
3F6G,A,480,0
3F6G,B,417,0
3F6G,B,419,0
3F6G,A,440,0
3F6G,B,426,0
3F6G,A,465,0
3F6G,B,434,0
3F6G,B,396,0
3LAJ,C,145,1
3LAJ,C,146,1
3LAJ,A,144,1
3LAJ,F,121,1
3LAJ,A,143,1
3LAJ,F,146,1
3LAJ,A,149,1
3LAJ,C,147,1
3LAJ,A,130,1
3LAJ,C,124,1
3LAJ,C,148,1
3LAJ,A,132,1
3LAJ,A,124,1
3LAJ,A,129,1
3LAJ,A,126,1
3LAJ,A,142,1
3LAJ,A,133,1
3LAJ,C,118,1
3LAJ,A,128,1
3LAJ,A,125,1
3LAJ,F,122,1
3LAJ,C,121,1
3LAJ,F,17,0
3LAJ,C,55,0
3LAJ,E,126,0
3LAJ,D,65,0
3LAJ,A,24,0
3LAJ,D,110,0
3LAJ,D,99,0
3LAJ,F,20,0
3LAJ,E,107,0
3LAJ,A,158,0
3LAJ,C,95,0
3LAJ,E,62,0
3LAJ,D,66,0
3LAJ,C,63,0
3LAJ,C,96,0
3LAJ,E,80,0
3LAJ,E,131,0
3LAJ,C,71,0
3LAJ,A,164,0
3LAJ,A,18,0
3LAJ,A,109,0
3LAJ,A,29,0
3LAJ,E,17,0
3LAJ,D,87,0
3LAJ,F,29,0
3LAJ,C,153,0
3LAJ,D,74,0
3LAJ,D,78,0
3LAJ,C,110,0
3LAJ,D,117,0
3LAJ,E,109,0
3LAJ,B,58,0
3LAJ,B,28,0
3LAJ,E,136,0
3LAJ,D,167,0
3LAJ,E,117,0
3LAJ,E,49,0
3LAJ,B,104,0
3LAJ,F,100,0
3LAJ,B,54,0
3LAJ,C,167,0
3LAJ,B,48,0
3LAJ,A,161,0
3LAJ,E,59,0
3LAJ,D,55,0
3LAJ,F,113,0
3LAJ,F,83,0
3LAJ,D,157,0
3LAJ,E,47,0
3LAJ,F,43,0
3LAJ,E,128,0
3LAJ,C,170,0
3LAJ,B,73,0
3LAJ,A,17,0
3LAJ,E,115,0
3LAJ,E,67,0
3LAJ,E,24,0
3LAJ,A,155,0
3LAJ,D,111,0
3LAJ,A,64,0
3LAJ,E,91,0
3LAJ,C,60,0
3LAJ,C,133,0
3LAJ,F,163,0
3LAJ,B,72,0
3LAJ,F,70,0
3MZH,A,81,1
3MZH,A,92,1
3MZH,B,131,1
3MZH,A,91,1
3MZH,A,89,1
3MZH,A,79,1
3MZH,A,78,1
3MZH,A,80,1
3MZH,A,69,1
3MZH,B,135,1
3MZH,B,138,1
3MZH,B,132,1
3MZH,A,57,1
3MZH,A,130,1
3MZH,B,134,1
3MZH,A,44,1
3MZH,A,70,1
3MZH,A,93,1
3MZH,A,82,1
3MZH,A,134,1
3MZH,A,72,1
3MZH,A,83,1
3MZH,A,88,1
3MZH,A,38,1
3MZH,A,90,1
3MZH,A,117,0
3MZH,A,208,0
3MZH,A,113,0
3MZH,A,220,0
3MZH,A,0,0
3MZH,B,175,0
3MZH,B,221,0
3MZH,B,73,0
3MZH,B,87,0
3MZH,B,65,0
3MZH,B,88,0
3MZH,A,11,0
3MZH,B,47,0
3MZH,A,14,0
3MZH,B,93,0
3MZH,B,111,0
3MZH,B,58,0
3MZH,A,159,0
3MZH,A,203,0
3MZH,A,171,0
3MZH,A,28,0
3MZH,B,146,0
3MZH,A,10,0
3MZH,B,202,0
3MZH,A,26,0
3MZH,B,83,0
3MZH,A,156,0
3MZH,B,157,0
3MZH,B,176,0
3MZH,A,4,0
3MZH,B,56,0
3MZH,B,77,0
3MZH,B,86,0
3MZH,A,61,0
3MZH,B,210,0
3MZH,A,121,0
3MZH,B,218,0
3MZH,A,23,0
3MZH,B,119,0
3MZH,A,193,0
3MZH,A,143,0
3MZH,A,192,0
3MZH,B,36,0
3MZH,A,189,0
3MZH,A,165,0
3MZH,B,109,0
3MZH,B,21,0
3MZH,B,31,0
3MZH,B,173,0
3MZH,B,37,0
3MZH,B,155,0
3MZH,B,153,0
3MZH,B,172,0
3MZH,A,173,0
3MZH,A,62,0
3MZH,A,158,0
3MZH,B,33,0
3MZH,A,198,0
3MZH,B,28,0
3MZH,A,187,0
3MZH,B,122,0
3MZH,B,57,0
3MZH,B,108,0
3MZH,B,150,0
3MZH,B,105,0
3MZH,B,200,0
3MZH,B,89,0
3MZH,B,195,0
3MZH,B,194,0
3MZH,A,122,0
3MZH,B,184,0
3MZH,A,211,0
3MZH,B,217,0
3MZH,B,49,0
3MZH,B,158,0
1M8P,A,528,1
1M8P,A,455,1
1M8P,A,529,1
1M8P,A,530,1
1M8P,A,410,1
1M8P,A,527,1
1M8P,A,434,1
1M8P,A,451,1
1M8P,A,475,1
1M8P,A,479,1
1M8P,A,454,1
1M8P,A,517,1
1M8P,A,478,1
1M8P,A,476,1
1M8P,A,409,1
1M8P,A,437,1
1M8P,A,477,1
1M8P,A,405,1
1M8P,A,446,1
1M8P,A,515,1
1M8P,A,458,1
1M8P,A,433,1
1M8P,A,534,1
1M8P,A,436,1
1M8P,A,526,1
1M8P,B,314,0
1M8P,B,13,0
1M8P,C,355,0
1M8P,B,242,0
1M8P,B,143,0
1M8P,A,260,0
1M8P,C,522,0
1M8P,C,103,0
1M8P,A,252,0
1M8P,B,523,0
1M8P,C,518,0
1M8P,C,68,0
1M8P,B,322,0
1M8P,C,59,0
1M8P,C,452,0
1M8P,A,13,0
1M8P,C,320,0
1M8P,C,23,0
1M8P,A,126,0
1M8P,A,565,0
1M8P,A,349,0
1M8P,B,326,0
1M8P,C,538,0
1M8P,C,193,0
1M8P,A,50,0
1M8P,B,197,0
1M8P,B,17,0
1M8P,C,441,0
1M8P,C,308,0
1M8P,B,249,0
1M8P,C,294,0
1M8P,C,201,0
1M8P,A,80,0
1M8P,B,313,0
1M8P,A,24,0
1M8P,A,41,0
1M8P,C,148,0
1M8P,B,434,0
1M8P,B,1,0
1M8P,B,482,0
1M8P,B,567,0
1M8P,A,159,0
1M8P,A,23,0
1M8P,B,171,0
1M8P,A,213,0
1M8P,B,126,0
1M8P,A,3,0
1M8P,A,70,0
1M8P,B,269,0
1M8P,A,274,0
1M8P,B,258,0
1M8P,B,425,0
1M8P,C,509,0
1M8P,C,424,0
1M8P,A,350,0
1M8P,A,242,0
1M8P,A,89,0
1M8P,A,49,0
1M8P,B,122,0
1M8P,A,270,0
1M8P,C,391,0
1M8P,C,267,0
1M8P,C,379,0
1M8P,B,512,0
1M8P,A,245,0
1M8P,C,494,0
1M8P,A,161,0
1M8P,C,368,0
1M8P,B,58,0
1M8P,B,138,0
1M8P,C,81,0
1M8P,C,200,0
1M8P,B,517,0
1M8P,A,71,0
1M8P,B,106,0
4NLD,A,389,1
4NLD,A,489,1
4NLD,A,395,1
4NLD,A,392,1
4NLD,A,399,1
4NLD,A,432,1
4NLD,A,429,1
4NLD,A,400,1
4NLD,A,500,1
4NLD,A,424,1
4NLD,A,425,1
4NLD,A,492,1
4NLD,A,499,1
4NLD,A,503,1
4NLD,A,494,1
4NLD,A,493,1
4NLD,A,391,1
4NLD,A,495,1
4NLD,A,393,1
4NLD,A,428,1
4NLD,A,408,1
4NLD,A,396,1
4NLD,A,74,0
4NLD,A,378,0
4NLD,A,476,0
4NLD,A,512,0
4NLD,A,250,0
4NLD,A,112,0
4NLD,A,181,0
4NLD,A,417,0
4NLD,A,56,0
4NLD,A,72,0
4NLD,A,291,0
4NLD,A,369,0
4NLD,A,235,0
4NLD,A,444,0
4NLD,A,448,0
4NLD,A,276,0
4NLD,A,545,0
4NLD,A,288,0
4NLD,A,252,0
4NLD,A,524,0
4NLD,A,479,0
4NLD,A,292,0
4NLD,A,169,0
4NLD,A,283,0
4NLD,A,335,0
4NLD,A,320,0
4NLD,A,151,0
4NLD,A,353,0
4NLD,A,63,0
4NLD,A,155,0
4NLD,A,142,0
4NLD,A,281,0
4NLD,A,225,0
4NLD,A,190,0
4NLD,A,267,0
4NLD,A,552,0
4NLD,A,130,0
4NLD,A,467,0
4NLD,A,382,0
4NLD,A,259,0
4NLD,A,352,0
4NLD,A,525,0
4NLD,A,322,0
4NLD,A,66,0
4NLD,A,550,0
4NLD,A,58,0
4NLD,A,471,0
4NLD,A,164,0
4NLD,A,233,0
4NLD,A,302,0
4NLD,A,86,0
4NLD,A,147,0
4NLD,A,197,0
4NLD,A,55,0
4NLD,A,231,0
4NLD,A,533,0
4NLD,A,261,0
4NLD,A,482,0
4NLD,A,195,0
4NLD,A,481,0
4NLD,A,535,0
4NLD,A,150,0
4NLD,A,217,0
4NLD,A,174,0
4NLD,A,193,0
4NLD,A,137,0
1FRP,A,31,1
1FRP,A,113,1
1FRP,A,27,1
1FRP,A,18,1
1FRP,A,21,1
1FRP,A,179,1
1FRP,A,20,1
1FRP,A,177,1
1FRP,A,178,1
1FRP,A,30,1
1FRP,A,28,1
1FRP,A,24,1
1FRP,A,140,1
1FRP,A,112,1
1FRP,A,17,1
1FRP,A,29,1
1FRP,A,160,1
1FRP,A,26,1
1FRP,A,34,1
1FRP,A,97,0
1FRP,A,145,0
1FRP,A,155,0
1FRP,A,273,0
1FRP,B,295,0
1FRP,A,251,0
1FRP,B,196,0
1FRP,B,247,0
1FRP,B,19,0
1FRP,B,127,0
1FRP,A,53,0
1FRP,B,245,0
1FRP,A,281,0
1FRP,B,106,0
1FRP,A,335,0
1FRP,B,117,0
1FRP,A,294,0
1FRP,B,57,0
1FRP,A,44,0
1FRP,B,171,0
1FRP,A,121,0
1FRP,B,71,0
1FRP,A,202,0
1FRP,B,39,0
1FRP,B,143,0
1FRP,B,193,0
1FRP,B,159,0
1FRP,B,289,0
1FRP,B,231,0
1FRP,B,37,0
1FRP,A,282,0
1FRP,B,23,0
1FRP,A,188,0
1FRP,A,60,0
1FRP,A,288,0
1FRP,B,34,0
1FRP,B,327,0
1FRP,A,54,0
1FRP,B,21,0
1FRP,A,214,0
1FRP,B,152,0
1FRP,A,184,0
1FRP,B,204,0
1FRP,B,200,0
1FRP,A,172,0
1FRP,B,230,0
1FRP,B,29,0
1FRP,B,244,0
1FRP,A,206,0
1FRP,A,51,0
1FRP,B,129,0
1FRP,A,48,0
1FRP,B,221,0
1FRP,B,28,0
1FRP,A,189,0
1FRP,A,250,0
1FRP,A,119,0
1KZ8,A,51,1
1KZ8,A,47,1
1KZ8,A,56,1
1KZ8,A,53,1
1KZ8,A,73,1
1KZ8,A,76,1
1KZ8,A,46,1
1KZ8,A,70,1
1KZ8,A,71,1
1KZ8,A,50,1
1KZ8,A,72,1
1KZ8,A,52,1
1KZ8,F,189,1
1KZ8,A,55,1
1KZ8,A,314,0
1KZ8,F,132,0
1KZ8,A,101,0
1KZ8,F,314,0
1KZ8,F,24,0
1KZ8,F,334,0
1KZ8,F,110,0
1KZ8,A,9,0
1KZ8,A,186,0
1KZ8,A,133,0
1KZ8,F,298,0
1KZ8,F,247,0
1KZ8,A,320,0
1KZ8,F,299,0
1KZ8,A,299,0
1KZ8,F,45,0
1KZ8,F,237,0
1KZ8,A,92,0
1KZ8,F,117,0
1KZ8,A,173,0
1KZ8,F,254,0
1KZ8,F,290,0
1KZ8,A,246,0
1KZ8,A,203,0
1KZ8,F,72,0
1KZ8,A,180,0
1KZ8,F,205,0
1KZ8,A,244,0
1KZ8,F,130,0
1KZ8,A,228,0
1KZ8,A,84,0
1KZ8,F,59,0
1KZ8,F,204,0
1KZ8,A,160,0
1KZ8,A,289,0
1KZ8,F,39,0
1KZ8,F,165,0
1KZ8,A,136,0
1KZ8,A,87,0
1KZ8,F,260,0
1KZ8,A,193,0
1KZ8,F,276,0
2A69,C,395,1
2A69,F,325,1
2A69,C,444,1
2A69,C,414,1
2A69,F,323,1
2A69,C,394,1
2A69,C,1002,1
2A69,C,413,1
2A69,C,1000,1
2A69,C,452,1
2A69,C,391,1
2A69,C,409,1
2A69,C,405,1
2A69,C,393,1
2A69,C,390,1
2A69,C,134,1
2A69,C,411,1
2A69,C,567,1
2A69,C,406,1
2A69,C,137,1
2A69,C,396,1
2A69,C,633,1
2A69,C,389,1
2A69,C,392,1
2A69,C,188,0
2A69,C,5,0
2A69,F,417,0
2A69,A,90,0
2A69,D,606,0
2A69,A,98,0
2A69,F,346,0
2A69,A,85,0
2A69,C,292,0
2A69,F,156,0
2A69,B,146,0
2A69,B,97,0
2A69,C,281,0
2A69,C,894,0
2A69,F,376,0
2A69,D,535,0
2A69,A,170,0
2A69,D,803,0
2A69,D,157,0
2A69,C,916,0
2A69,D,1197,0
2A69,D,897,0
2A69,F,279,0
2A69,F,334,0
2A69,F,392,0
2A69,F,348,0
2A69,D,59,0
2A69,C,456,0
2A69,C,805,0
2A69,D,1208,0
2A69,C,901,0
2A69,B,85,0
2A69,B,23,0
2A69,D,1036,0
2A69,C,781,0
2A69,C,927,0
2A69,D,594,0
2A69,C,650,0
2A69,C,1011,0
2A69,D,1102,0
2A69,C,700,0
2A69,F,83,0
2A69,D,1361,0
2A69,F,114,0
2A69,F,123,0
2A69,C,1009,0
2A69,B,200,0
2A69,C,718,0
2A69,D,980,0
2A69,E,50,0
2A69,C,770,0
2A69,D,1284,0
2A69,B,67,0
2A69,D,1498,0
2A69,F,399,0
2A69,D,1205,0
2A69,D,708,0
2A69,D,1305,0
2A69,D,234,0
2A69,B,138,0
2A69,C,358,0
2A69,D,1077,0
2A69,D,62,0
2A69,D,730,0
2A69,D,1149,0
2A69,D,1067,0
2A69,F,398,0
2A69,D,14,0
2A69,C,175,0
2A69,D,211,0
2A69,B,89,0
2A69,A,223,0
1OF6,B,21,1
1OF6,A,162,1
1OF6,A,226,1
1OF6,A,166,1
1OF6,B,20,1
1OF6,B,25,1
1OF6,A,228,1
1OF6,A,227,1
1OF6,A,224,1
1OF6,B,28,1
1OF6,A,169,1
1OF6,B,23,1
1OF6,A,193,1
1OF6,B,24,1
1OF6,A,196,1
1OF6,A,165,1
1OF6,A,163,1
1OF6,A,194,1
1OF6,B,22,1
1OF6,A,161,1
1OF6,A,236,1
1OF6,A,190,1
1OF6,A,229,1
1OF6,A,195,1
1OF6,B,205,0
1OF6,B,355,0
1OF6,A,366,0
1OF6,A,23,0
1OF6,A,21,0
1OF6,B,35,0
1OF6,A,320,0
1OF6,A,328,0
1OF6,A,45,0
1OF6,B,261,0
1OF6,B,155,0
1OF6,B,309,0
1OF6,A,319,0
1OF6,A,43,0
1OF6,A,280,0
1OF6,B,101,0
1OF6,A,256,0
1OF6,B,122,0
1OF6,B,54,0
1OF6,A,183,0
1OF6,A,338,0
1OF6,B,312,0
1OF6,A,135,0
1OF6,B,364,0
1OF6,A,364,0
1OF6,B,298,0
1OF6,A,69,0
1OF6,B,292,0
1OF6,B,335,0
1OF6,B,313,0
1OF6,A,346,0
1OF6,B,107,0
1OF6,A,287,0
1OF6,A,116,0
1OF6,A,307,0
1OF6,A,277,0
1OF6,A,155,0
1OF6,B,238,0
1OF6,B,209,0
1OF6,B,350,0
1OF6,B,354,0
1OF6,A,356,0
1OF6,B,222,0
1OF6,A,327,0
1OF6,A,268,0
1OF6,B,278,0
1OF6,A,127,0
1OF6,B,156,0
1OF6,B,304,0
1OF6,A,60,0
1OF6,A,288,0
1OF6,B,310,0
1OF6,A,260,0
1OF6,A,63,0
1OF6,A,61,0
1OF6,B,53,0
1OF6,A,354,0
1OF6,A,139,0
1OF6,B,117,0
1OF6,B,359,0
1OF6,B,135,0
1OF6,B,93,0
1OF6,B,150,0
1OF6,B,245,0
1OF6,B,368,0
1OF6,B,324,0
1OF6,B,43,0
1OF6,A,47,0
1OF6,B,299,0
1OF6,B,160,0
1OF6,A,101,0
1OF6,A,24,0
3CSM,A,75,1
3CSM,A,79,1
3CSM,A,74,1
3CSM,A,76,1
3CSM,A,81,1
3CSM,A,3,1
3CSM,A,71,1
3CSM,A,82,1
3CSM,A,98,1
3CSM,A,100,1
3CSM,B,210,0
3CSM,A,167,0
3CSM,A,178,0
3CSM,A,217,0
3CSM,B,87,0
3CSM,B,215,0
3CSM,B,92,0
3CSM,A,243,0
3CSM,B,185,0
3CSM,B,104,0
3CSM,B,174,0
3CSM,B,107,0
3CSM,B,115,0
3CSM,B,101,0
3CSM,A,57,0
3CSM,A,228,0
3CSM,B,123,0
3CSM,A,209,0
3CSM,B,16,0
3CSM,B,166,0
3CSM,A,241,0
3CSM,B,38,0
3CSM,B,80,0
3CSM,A,191,0
3CSM,B,33,0
3CSM,B,234,0
3CSM,B,122,0
3CSM,B,186,0
3CSM,B,9,0
3CSM,A,54,0
3S87,A,270,1
3S87,A,226,1
3S87,A,263,1
3S87,A,274,1
3S87,A,268,1
3S87,A,231,1
3S87,A,269,1
3S87,A,264,1
3S87,A,255,1
3S87,A,265,1
3S87,A,228,1
3S87,A,261,1
3S87,A,262,1
3S87,A,227,1
3S87,A,256,1
3S87,A,229,1
3S87,A,271,1
3S87,A,589,0
3S87,A,406,0
3S87,A,361,0
3S87,A,524,0
3S87,A,690,0
3S87,A,107,0
3S87,A,580,0
3S87,A,628,0
3S87,A,670,0
3S87,A,649,0
3S87,A,113,0
3S87,A,208,0
3S87,A,80,0
3S87,A,525,0
3S87,A,503,0
3S87,A,105,0
3S87,A,212,0
3S87,A,696,0
3S87,A,365,0
3S87,A,373,0
3S87,A,605,0
3S87,A,508,0
3S87,A,320,0
3S87,A,428,0
3S87,A,520,0
3S87,A,118,0
3S87,A,522,0
3S87,A,607,0
3S87,A,342,0
3S87,A,469,0
3S87,A,349,0
3S87,A,526,0
3S87,A,653,0
3S87,A,454,0
3S87,A,216,0
3S87,A,676,0
3S87,A,572,0
3S87,A,142,0
3S87,A,732,0
3S87,A,377,0
3S87,A,666,0
3S87,A,728,0
3S87,A,182,0
3S87,A,166,0
3S87,A,496,0
3S87,A,466,0
3S87,A,119,0
3S87,A,378,0
3S87,A,480,0
3S87,A,521,0
3S87,A,575,0
1A3W,A,483,1
1A3W,A,403,1
1A3W,A,404,1
1A3W,A,455,1
1A3W,A,485,1
1A3W,A,402,1
1A3W,A,459,1
1A3W,A,425,1
1A3W,A,484,1
1A3W,A,491,1
1A3W,A,407,1
1A3W,A,490,1
1A3W,A,492,1
1A3W,A,456,1
1A3W,A,452,1
1A3W,A,379,1
1A3W,A,405,1
1A3W,A,401,1
1A3W,A,482,1
1A3W,A,486,1
1A3W,A,408,1
1A3W,A,406,1
1A3W,A,93,0
1A3W,B,485,0
1A3W,A,169,0
1A3W,B,38,0
1A3W,A,150,0
1A3W,A,130,0
1A3W,B,391,0
1A3W,A,309,0
1A3W,B,311,0
1A3W,A,203,0
1A3W,A,477,0
1A3W,B,469,0
1A3W,A,164,0
1A3W,A,472,0
1A3W,B,198,0
1A3W,A,176,0
1A3W,B,489,0
1A3W,A,240,0
1A3W,A,162,0
1A3W,A,360,0
1A3W,A,246,0
1A3W,A,193,0
1A3W,A,165,0
1A3W,B,123,0
1A3W,B,189,0
1A3W,B,237,0
1A3W,B,251,0
1A3W,A,27,0
1A3W,B,348,0
1A3W,B,261,0
1A3W,B,283,0
1A3W,B,153,0
1A3W,A,434,0
1A3W,A,273,0
1A3W,A,179,0
1A3W,A,158,0
1A3W,B,264,0
1A3W,A,105,0
1A3W,B,102,0
1A3W,A,192,0
1A3W,B,46,0
1A3W,A,247,0
1A3W,A,388,0
1A3W,B,34,0
1A3W,B,409,0
1A3W,A,277,0
1A3W,A,265,0
1A3W,B,21,0
1A3W,A,216,0
1A3W,A,287,0
1A3W,A,84,0
1A3W,B,468,0
1A3W,B,57,0
1A3W,B,323,0
1A3W,B,393,0
1A3W,B,255,0
1A3W,B,289,0
1A3W,B,62,0
1A3W,B,349,0
1A3W,B,43,0
1A3W,B,52,0
1A3W,B,194,0
1A3W,B,248,0
1A3W,B,339,0
1A3W,A,243,0
1A3W,A,60,0
3ZZH,C,344,1
3ZZH,C,283,1
3ZZH,C,342,1
3ZZH,C,91,1
3ZZH,C,345,1
3ZZH,C,347,1
3ZZH,C,285,1
3ZZH,C,341,1
3ZZH,C,284,1
3ZZH,C,346,1
3ZZH,C,338,1
3ZZH,C,340,1
3ZZH,C,339,1
3ZZH,C,265,1
3ZZH,C,329,1
3ZZH,C,327,1
3ZZH,C,87,1
3ZZH,C,337,1
3ZZH,C,286,1
3ZZH,C,325,1
3ZZH,C,343,1
3ZZH,C,336,1
3ZZH,D,246,0
3ZZH,C,159,0
3ZZH,B,97,0
3ZZH,A,167,0
3ZZH,B,214,0
3ZZH,B,218,0
3ZZH,B,280,0
3ZZH,D,117,0
3ZZH,D,69,0
3ZZH,A,120,0
3ZZH,C,165,0
3ZZH,A,204,0
3ZZH,C,214,0
3ZZH,A,77,0
3ZZH,B,87,0
3ZZH,D,190,0
3ZZH,B,86,0
3ZZH,D,170,0
3ZZH,A,197,0
3ZZH,B,279,0
3ZZH,D,96,0
3ZZH,D,67,0
3ZZH,B,75,0
3ZZH,A,275,0
3ZZH,D,236,0
3ZZH,A,216,0
3ZZH,B,236,0
3ZZH,D,278,0
3ZZH,B,157,0
3ZZH,D,272,0
3ZZH,B,288,0
3ZZH,D,121,0
3ZZH,D,322,0
3ZZH,C,318,0
3ZZH,B,329,0
3ZZH,D,141,0
3ZZH,D,337,0
3ZZH,A,182,0
3ZZH,A,230,0
3ZZH,D,94,0
3ZZH,B,269,0
3ZZH,C,312,0
3ZZH,A,114,0
3ZZH,D,307,0
3ZZH,A,136,0
3ZZH,A,317,0
3ZZH,B,81,0
3ZZH,A,297,0
3ZZH,B,189,0
3ZZH,C,103,0
3ZZH,C,67,0
3ZZH,D,242,0
3ZZH,C,184,0
3ZZH,A,217,0
3ZZH,A,138,0
3ZZH,D,120,0
3ZZH,A,125,0
3ZZH,D,116,0
3ZZH,A,135,0
3ZZH,D,292,0
3ZZH,D,144,0
3ZZH,A,219,0
3ZZH,C,143,0
3ZZH,D,83,0
3ZZH,D,163,0
3ZZH,D,195,0
1W96,A,389,1
1W96,A,77,1
1W96,A,392,1
1W96,A,399,1
1W96,A,487,1
1W96,A,512,1
1W96,A,511,1
1W96,A,485,1
1W96,A,398,1
1W96,A,76,1
1W96,A,388,1
1W96,A,400,1
1W96,A,510,1
1W96,A,475,1
1W96,A,80,1
1W96,A,69,1
1W96,A,454,1
1W96,A,417,1
1W96,A,477,1
1W96,A,72,1
1W96,A,393,1
1W96,A,390,1
1W96,A,73,1
1W96,A,486,1
1W96,A,397,1
1W96,A,396,1
1W96,B,321,0
1W96,C,172,0
1W96,A,189,0
1W96,B,450,0
1W96,C,237,0
1W96,B,528,0
1W96,C,91,0
1W96,C,540,0
1W96,C,341,0
1W96,B,374,0
1W96,B,270,0
1W96,C,41,0
1W96,B,392,0
1W96,B,353,0
1W96,B,477,0
1W96,B,382,0
1W96,B,371,0
1W96,B,98,0
1W96,B,157,0
1W96,C,49,0
1W96,B,263,0
1W96,C,133,0
1W96,B,364,0
1W96,B,180,0
1W96,B,561,0
1W96,C,388,0
1W96,C,353,0
1W96,C,527,0
1W96,C,510,0
1W96,C,123,0
1W96,A,185,0
1W96,A,238,0
1W96,C,58,0
1W96,C,226,0
1W96,B,161,0
1W96,A,295,0
1W96,B,546,0
1W96,C,63,0
1W96,A,496,0
1W96,C,21,0
1W96,C,320,0
1W96,B,439,0
1W96,B,388,0
1W96,A,198,0
1W96,A,355,0
1W96,B,355,0
1W96,B,445,0
1W96,C,412,0
1W96,C,303,0
1W96,B,423,0
1W96,B,302,0
1W96,C,379,0
1W96,B,308,0
1W96,C,256,0
1W96,B,83,0
1W96,C,518,0
1W96,C,214,0
1W96,A,227,0
1W96,A,138,0
1W96,C,521,0
1W96,C,489,0
1W96,C,419,0
1W96,C,137,0
1W96,B,320,0
1W96,A,171,0
1W96,A,517,0
1W96,C,78,0
1W96,B,358,0
1W96,B,377,0
1W96,A,448,0
1W96,C,421,0
1W96,C,247,0
1W96,C,449,0
1W96,C,22,0
1W96,C,192,0
1W96,C,338,0
1W96,C,309,0
1W96,C,365,0
3OF1,A,249,1
3OF1,A,239,1
3OF1,A,248,1
3OF1,A,260,1
3OF1,A,262,1
3OF1,A,246,1
3OF1,A,252,1
3OF1,A,212,1
3OF1,A,247,1
3OF1,A,233,1
3OF1,A,250,1
3OF1,A,238,1
3OF1,A,307,1
3OF1,A,231,1
3OF1,A,257,1
3OF1,A,261,1
3OF1,A,309,1
3OF1,A,259,1
3OF1,A,251,1
3OF1,A,308,1
3OF1,A,258,1
3OF1,A,381,0
3OF1,A,346,0
3OF1,A,350,0
3OF1,A,369,0
3OF1,A,178,0
3OF1,A,174,0
3OF1,A,396,0
3OF1,A,347,0
3OF1,A,317,0
3OF1,A,320,0
3OF1,A,268,0
3OF1,A,405,0
3OF1,A,327,0
3OF1,A,207,0
3OF1,A,387,0
3OF1,A,267,0
3OF1,A,373,0
3OF1,A,383,0
3OF1,A,378,0
3OF1,A,324,0
3OF1,A,295,0
3OF1,A,205,0
3OF1,A,186,0
3OF1,A,316,0
3OF1,A,392,0
3OF1,A,397,0
3OF1,A,280,0
3OF1,A,192,0
3OF1,A,291,0
3OF1,A,197,0
3OF1,A,177,0
3OF1,A,301,0
3OF1,A,331,0
3OF1,A,412,0
3OF1,A,330,0
3OF1,A,286,0
3OF1,A,285,0
3OF1,A,390,0
3OF1,A,206,0
3OF1,A,344,0
3OF1,A,340,0
3OF1,A,348,0
3OF1,A,189,0
3OF1,A,377,0
3OF1,A,188,0
3OF1,A,345,0
3OF1,A,375,0
3OF1,A,357,0
3OF1,A,171,0
3OF1,A,180,0
3OF1,A,356,0
3OF1,A,226,0
3OF1,A,318,0
3OF1,A,400,0
3OF1,A,352,0
3OF1,A,323,0
3OF1,A,411,0
3OF1,A,362,0
3OF1,A,204,0
3OF1,A,336,0
3OF1,A,398,0
3OF1,A,284,0
3OF1,A,380,0
3MKS,D,651,1
3MKS,D,664,1
3MKS,D,593,1
3MKS,D,667,1
3MKS,D,650,1
3MKS,D,633,1
3MKS,D,634,1
3MKS,D,655,1
3MKS,D,653,1
3MKS,D,657,1
3MKS,D,592,1
3MKS,D,630,1
3MKS,D,649,1
3MKS,D,656,1
3MKS,D,632,1
3MKS,D,666,1
3MKS,D,628,1
3MKS,D,594,1
3MKS,D,629,1
3MKS,D,665,1
3MKS,D,631,1
3MKS,C,97,0
3MKS,D,577,0
3MKS,D,533,0
3MKS,B,456,0
3MKS,C,158,0
3MKS,C,149,0
3MKS,C,132,0
3MKS,D,418,0
3MKS,C,179,0
3MKS,B,349,0
3MKS,C,26,0
3MKS,B,564,0
3MKS,B,464,0
3MKS,D,285,0
3MKS,C,135,0
3MKS,B,519,0
3MKS,D,479,0
3MKS,D,375,0
3MKS,B,444,0
3MKS,C,174,0
3MKS,D,361,0
3MKS,C,118,0
3MKS,D,462,0
3MKS,D,515,0
3MKS,D,546,0
3MKS,A,128,0
3MKS,B,356,0
3MKS,A,31,0
3MKS,D,735,0
3MKS,D,522,0
3MKS,D,476,0
3MKS,B,738,0
3MKS,B,436,0
3MKS,D,493,0
3MKS,D,521,0
3MKS,C,9,0
3MKS,D,714,0
3MKS,B,571,0
3MKS,D,710,0
3MKS,A,123,0
3MKS,B,320,0
3MKS,B,593,0
3MKS,A,23,0
3MKS,B,553,0
3MKS,A,9,0
3MKS,D,404,0
3MKS,C,161,0
3MKS,B,308,0
3MKS,B,648,0
3MKS,D,600,0
3MKS,D,696,0
3MKS,D,456,0
3MKS,B,704,0
3MKS,B,333,0
3MKS,B,522,0
3MKS,B,509,0
3MKS,D,276,0
3MKS,B,360,0
3MKS,B,391,0
3MKS,A,162,0
3MKS,B,588,0
3MKS,B,697,0
3MKS,C,154,0
1IWH,A,65,1
1IWH,A,83,1
1IWH,A,68,1
1IWH,A,57,1
1IWH,A,62,1
1IWH,A,64,1
1IWH,A,80,1
1IWH,A,60,1
1IWH,A,61,1
1IWH,A,58,1
1IWH,A,53,1
1IWH,A,10,0
1IWH,A,34,0
1IWH,A,133,0
1IWH,B,277,0
1IWH,B,306,0
1IWH,B,278,0
1IWH,B,208,0
1IWH,A,106,0
1IWH,A,116,0
1IWH,B,212,0
1IWH,B,332,0
1IWH,B,285,0
1IWH,B,227,0
1IWH,A,129,0
1IWH,A,92,0
1IWH,B,315,0
1IWH,B,241,0
1IWH,B,230,0
1IWH,B,233,0
1IWH,B,272,0
1IWH,A,95,0
1IWH,B,346,0
1IWH,B,249,0
1IWH,B,252,0
1IWH,B,284,0
1IWH,B,221,0
1IWH,B,313,0
1IWH,B,290,0
1IWH,A,103,0
1IWH,B,218,0
1IWH,B,323,0
1IWH,A,127,0
1IWH,B,222,0
2D5X,B,35,1
2D5X,B,105,1
2D5X,A,130,1
2D5X,A,96,1
2D5X,B,37,1
2D5X,B,101,1
2D5X,A,127,1
2D5X,A,103,1
2D5X,A,99,1
2D5X,A,126,1
2D5X,B,108,1
2D5X,B,131,1
2D5X,A,36,1
2D5X,A,100,1
2D5X,B,93,0
2D5X,A,118,0
2D5X,B,62,0
2D5X,A,117,0
2D5X,A,41,0
2D5X,A,139,0
2D5X,A,58,0
2D5X,B,86,0
2D5X,B,81,0
2D5X,A,87,0
2D5X,B,92,0
2D5X,B,21,0
2D5X,B,43,0
2D5X,A,110,0
2D5X,B,64,0
2D5X,B,117,0
2D5X,A,119,0
2D5X,A,25,0
2D5X,B,73,0
2D5X,B,145,0
2D5X,B,60,0
2D5X,A,83,0
2D5X,B,2,0
2D5X,B,143,0
2D5X,A,72,0
2D5X,B,115,0
2D5X,B,90,0
2D5X,B,9,0
2D5X,A,65,0
2D5X,B,5,0
2D5X,B,19,0
2D5X,B,45,0
2D5X,A,49,0
2D5X,A,92,0
2D5X,B,67,0
2D5X,B,91,0
2D5X,B,4,0
2D5X,A,51,0
2D5X,A,52,0
2D5X,B,52,0
2D5X,B,49,0
2D5X,B,119,0
1XJF,A,180,1
1XJF,A,146,1
1XJF,B,200,1
1XJF,A,186,1
1XJF,A,141,1
1XJF,B,202,1
1XJF,A,270,1
1XJF,A,179,1
1XJF,A,144,1
1XJF,A,185,1
1XJF,A,170,1
1XJF,A,143,1
1XJF,A,176,1
1XJF,B,201,1
1XJF,A,184,1
1XJF,A,177,1
1XJF,A,178,1
1XJF,B,157,1
1XJF,A,140,1
1XJF,A,142,1
1XJF,A,190,1
1XJF,B,203,1
1XJF,A,181,1
1XJF,A,171,1
1XJF,A,183,1
1XJF,B,158,1
1XJF,A,182,1
1XJF,A,352,0
1XJF,B,384,0
1XJF,A,627,0
1XJF,B,593,0
1XJF,B,382,0
1XJF,A,82,0
1XJF,B,297,0
1XJF,A,64,0
1XJF,A,428,0
1XJF,B,103,0
1XJF,B,572,0
1XJF,B,397,0
1XJF,B,435,0
1XJF,A,494,0
1XJF,B,380,0
1XJF,A,360,0
1XJF,A,561,0
1XJF,A,316,0
1XJF,B,260,0
1XJF,A,419,0
1XJF,B,224,0
1XJF,A,598,0
1XJF,B,609,0
1XJF,A,514,0
1XJF,B,308,0
1XJF,A,248,0
1XJF,B,392,0
1XJF,A,331,0
1XJF,B,551,0
1XJF,B,528,0
1XJF,A,24,0
1XJF,A,241,0
1XJF,A,315,0
1XJF,A,549,0
1XJF,B,424,0
1XJF,B,616,0
1XJF,A,229,0
1XJF,B,601,0
1XJF,B,434,0
1XJF,A,39,0
1XJF,A,576,0
1XJF,A,313,0
1XJF,A,495,0
1XJF,B,372,0
1XJF,B,129,0
1XJF,B,530,0
1XJF,A,162,0
1XJF,B,253,0
1XJF,B,495,0
1XJF,B,463,0
1XJF,B,192,0
1XJF,B,149,0
1XJF,B,419,0
1XJF,A,590,0
1XJF,B,92,0
1XJF,A,66,0
1XJF,A,364,0
1XJF,B,77,0
1XJF,A,541,0
1XJF,B,440,0
1XJF,A,589,0
1XJF,B,254,0
1XJF,A,51,0
1XJF,A,546,0
1XJF,A,426,0
1XJF,B,264,0
1XJF,B,218,0
1XJF,A,102,0
1XJF,B,615,0
1XJF,A,442,0
1XJF,A,443,0
1XJF,A,479,0
1XJF,B,449,0
1XJF,B,410,0
1XJF,A,403,0
1XJF,A,415,0
1XJF,B,114,0
1XJF,B,306,0
1XJF,A,454,0
1XJF,B,499,0
1XJF,A,302,0
2RD5,A,290,1
2RD5,A,32,1
2RD5,A,269,1
2RD5,A,292,1
2RD5,A,289,1
2RD5,A,283,1
2RD5,A,287,1
2RD5,A,212,1
2RD5,A,33,1
2RD5,A,233,1
2RD5,A,285,1
2RD5,A,284,1
2RD5,A,231,1
2RD5,A,291,1
2RD5,A,232,1
2RD5,A,210,1
2RD5,A,288,1
2RD5,A,293,1
2RD5,A,273,1
2RD5,A,29,1
2RD5,A,286,1
2RD5,A,294,1
2RD5,A,271,1
2RD5,D,81,0
2RD5,B,160,0
2RD5,A,172,0
2RD5,B,25,0
2RD5,C,100,0
2RD5,A,121,0
2RD5,A,164,0
2RD5,B,241,0
2RD5,B,67,0
2RD5,B,47,0
2RD5,D,44,0
2RD5,A,49,0
2RD5,D,61,0
2RD5,A,90,0
2RD5,D,116,0
2RD5,D,32,0
2RD5,A,145,0
2RD5,D,25,0
2RD5,B,192,0
2RD5,D,59,0
2RD5,B,254,0
2RD5,B,277,0
2RD5,D,129,0
2RD5,A,18,0
2RD5,B,139,0
2RD5,D,103,0
2RD5,B,152,0
2RD5,A,254,0
2RD5,B,56,0
2RD5,B,149,0
2RD5,C,127,0
2RD5,D,48,0
2RD5,D,77,0
2RD5,C,71,0
2RD5,C,46,0
2RD5,D,94,0
2RD5,A,250,0
2RD5,B,260,0
2RD5,B,223,0
2RD5,A,100,0
2RD5,C,18,0
2RD5,A,249,0
2RD5,C,93,0
2RD5,B,32,0
2RD5,A,193,0
2RD5,C,81,0
2RD5,A,136,0
2RD5,A,17,0
2RD5,D,47,0
2RD5,B,29,0
2RD5,B,142,0
2RD5,A,190,0
2RD5,A,175,0
2RD5,C,16,0
2RD5,B,60,0
2RD5,B,219,0
2RD5,D,71,0
2RD5,A,151,0
2RD5,D,52,0
2RD5,D,22,0
2RD5,A,163,0
2RD5,B,70,0
2RD5,B,296,0
2RD5,B,121,0
2RD5,B,141,0
2RD5,C,10,0
2RD5,B,204,0
2RD5,A,117,0
2RD5,C,42,0
3IRH,A,328,1
3IRH,B,35,1
3IRH,B,36,1
3IRH,A,56,1
3IRH,A,54,1
3IRH,B,14,1
3IRH,B,15,1
3IRH,A,55,1
3IRH,A,326,1
3IRH,A,247,1
3IRH,B,44,1
3IRH,A,330,1
3IRH,A,245,1
3IRH,A,57,1
3IRH,B,17,1
3IRH,B,68,1
3IRH,B,16,1
3IRH,A,53,1
3IRH,A,422,1
3IRH,B,41,1
3IRH,B,32,1
3IRH,B,64,1
3IRH,A,290,0
3IRH,A,126,0
3IRH,C,160,0
3IRH,B,393,0
3IRH,B,155,0
3IRH,A,258,0
3IRH,B,94,0
3IRH,C,333,0
3IRH,D,417,0
3IRH,B,318,0
3IRH,A,14,0
3IRH,A,174,0
3IRH,B,392,0
3IRH,B,286,0
3IRH,B,79,0
3IRH,A,436,0
3IRH,B,217,0
3IRH,C,27,0
3IRH,D,272,0
3IRH,A,403,0
3IRH,D,198,0
3IRH,D,280,0
3IRH,B,309,0
3IRH,B,191,0
3IRH,B,142,0
3IRH,C,377,0
3IRH,D,129,0
3IRH,D,20,0
3IRH,D,357,0
3IRH,A,152,0
3IRH,A,219,0
3IRH,C,349,0
3IRH,D,294,0
3IRH,D,108,0
3IRH,B,435,0
3IRH,B,1,0
3IRH,B,219,0
3IRH,B,267,0
3IRH,C,171,0
3IRH,A,135,0
3IRH,D,287,0
3IRH,C,278,0
3IRH,C,408,0
3IRH,D,179,0
3IRH,C,113,0
3IRH,A,79,0
3IRH,C,108,0
3IRH,D,394,0
3IRH,C,324,0
3IRH,D,203,0
3IRH,B,227,0
3IRH,C,370,0
3IRH,C,42,0
3IRH,B,350,0
3IRH,B,370,0
3IRH,B,80,0
3IRH,B,123,0
3IRH,A,138,0
3IRH,C,342,0
3IRH,C,354,0
3IRH,C,225,0
3IRH,B,115,0
3IRH,A,400,0
3IRH,B,177,0
3IRH,C,246,0
3IRH,C,167,0
4LRL,B,16,1
4LRL,A,245,1
4LRL,D,209,1
4LRL,A,56,1
4LRL,A,57,1
4LRL,D,210,1
4LRL,A,197,1
4LRL,D,212,1
4LRL,A,240,1
4LRL,B,17,1
4LRL,D,206,1
4LRL,B,14,1
4LRL,A,55,1
4LRL,B,15,1
4LRL,B,23,1
4LRL,D,223,1
4LRL,A,241,1
4LRL,C,411,0
4LRL,A,253,0
4LRL,D,400,0
4LRL,B,60,0
4LRL,C,110,0
4LRL,D,106,0
4LRL,B,38,0
4LRL,B,82,0
4LRL,C,389,0
4LRL,B,116,0
4LRL,A,356,0
4LRL,C,382,0
4LRL,B,403,0
4LRL,D,21,0
4LRL,A,119,0
4LRL,B,324,0
4LRL,B,58,0
4LRL,D,65,0
4LRL,B,76,0
4LRL,A,95,0
4LRL,C,95,0
4LRL,C,3,0
4LRL,D,145,0
4LRL,C,149,0
4LRL,B,362,0
4LRL,D,297,0
4LRL,D,16,0
4LRL,B,377,0
4LRL,C,420,0
4LRL,C,134,0
4LRL,A,203,0
4LRL,A,47,0
4LRL,A,317,0
4LRL,B,350,0
4LRL,D,277,0
4LRL,A,213,0
4LRL,C,241,0
4LRL,A,324,0
4LRL,A,354,0
4LRL,C,307,0
4LRL,B,52,0
4LRL,A,92,0
4LRL,A,306,0
4LRL,A,25,0
4LRL,A,76,0
4LRL,C,48,0
4LRL,B,284,0
4LRL,A,365,0
4LRL,B,406,0
4LRL,C,28,0
4LRL,D,346,0
2VVT,A,249,1
2VVT,A,41,1
2VVT,A,240,1
2VVT,A,153,1
2VVT,A,246,1
2VVT,A,18,1
2VVT,A,155,1
2VVT,A,186,1
2VVT,A,253,1
2VVT,A,243,1
2VVT,A,14,1
2VVT,A,15,1
2VVT,A,242,1
2VVT,A,247,1
2VVT,A,154,1
2VVT,A,13,1
2VVT,A,250,1
2VVT,A,187,1
2VVT,A,152,1
2VVT,A,157,1
2VVT,A,190,1
2VVT,A,17,1
2VVT,A,16,1
2VVT,A,38,1
2VVT,A,254,1
2VVT,A,50,0
2VVT,B,112,0
2VVT,A,99,0
2VVT,B,126,0
2VVT,B,162,0
2VVT,A,67,0
2VVT,A,132,0
2VVT,B,28,0
2VVT,A,219,0
2VVT,B,201,0
2VVT,B,228,0
2VVT,B,79,0
2VVT,B,248,0
2VVT,B,44,0
2VVT,B,206,0
2VVT,A,125,0
2VVT,B,83,0
2VVT,A,135,0
2VVT,A,268,0
2VVT,B,242,0
2VVT,B,170,0
2VVT,B,239,0
2VVT,A,211,0
2VVT,A,168,0
2VVT,B,60,0
2VVT,B,123,0
2VVT,B,161,0
2VVT,B,31,0
2VVT,A,236,0
2VVT,B,57,0
2VVT,B,204,0
2VVT,A,56,0
2VVT,A,134,0
2VVT,B,41,0
2VVT,A,146,0
2VVT,B,38,0
2VVT,B,30,0
2VVT,B,96,0
2VVT,A,138,0
2VVT,A,115,0
2VVT,A,49,0
2VVT,B,245,0
2VVT,B,7,0
2VVT,A,94,0
2VVT,A,217,0
2VVT,B,216,0
2VVT,A,61,0
2VVT,A,-4,0
2VVT,B,114,0
2VVT,A,225,0
2VVT,B,19,0
2VVT,B,115,0
2VVT,A,226,0
2VVT,A,222,0
2VVT,B,34,0
2VVT,B,143,0
2VVT,B,49,0
2VVT,B,209,0
2VVT,B,95,0
2VVT,B,76,0
2VVT,A,28,0
2VVT,A,220,0
2VVT,A,140,0
2VVT,B,27,0
2VVT,B,202,0
2VVT,A,197,0
2VVT,A,31,0
2VVT,B,234,0
2VVT,B,106,0
2VVT,A,103,0
2VVT,B,150,0
2VVT,A,229,0
2VVT,B,258,0
2VVT,B,10,0
2VVT,A,52,0
3KF0,A,65,1
3KF0,A,17,1
3KF0,A,14,1
3KF0,A,62,1
3KF0,A,16,1
3KF0,A,15,1
3KF0,A,64,1
3KF0,A,63,1
3KF0,A,18,1
3KF0,A,70,1
3KF0,A,71,1
3KF0,B,81,0
3KF0,B,64,0
3KF0,B,35,0
3KF0,B,96,0
3KF0,B,68,0
3KF0,A,78,0
3KF0,B,65,0
3KF0,B,50,0
3KF0,B,53,0
3KF0,B,3,0
3KF0,A,43,0
3KF0,A,97,0
3KF0,B,69,0
3KF0,B,95,0
3KF0,B,97,0
3KF0,B,19,0
3KF0,A,24,0
3KF0,B,98,0
3KF0,A,56,0
3KF0,B,23,0
3KF0,B,89,0
3KF0,A,77,0
3KF0,B,2,0
3KF0,B,76,0
3KF0,B,40,0
3KF0,B,79,0
3KF0,B,84,0
3KF0,B,42,0
3KF0,A,80,0
3KF0,A,94,0
3KF0,A,28,0
3KF0,B,48,0
3KF0,A,47,0
4EJ8,A,45,1
4EJ8,A,57,1
4EJ8,A,56,1
4EJ8,A,44,1
4EJ8,A,46,1
4EJ8,A,42,1
4EJ8,A,55,1
4EJ8,B,67,0
4EJ8,A,62,0
4EJ8,B,8,0
4EJ8,A,93,0
4EJ8,B,48,0
4EJ8,B,35,0
4EJ8,A,64,0
4EJ8,B,79,0
4EJ8,B,25,0
4EJ8,B,73,0
4EJ8,A,70,0
4EJ8,A,19,0
4EJ8,B,22,0
4EJ8,A,84,0
4EJ8,A,65,0
4EJ8,A,21,0
4EJ8,B,33,0
4EJ8,A,16,0
4EJ8,B,98,0
4EJ8,B,89,0
4EJ8,A,83,0
2FPL,A,290,1
2FPL,A,113,1
2FPL,A,158,1
2FPL,A,153,1
2FPL,A,111,1
2FPL,A,296,1
2FPL,A,109,1
2FPL,A,316,1
2FPL,A,107,1
2FPL,A,105,1
2FPL,A,106,1
2FPL,A,114,1
2FPL,A,257,1
2FPL,A,112,1
2FPL,A,161,1
2FPL,A,317,1
2FPL,A,110,1
2FPL,A,315,1
2FPL,A,108,1
2FPL,A,151,1
2FPL,A,246,0
2FPL,A,134,0
2FPL,A,44,0
2FPL,A,78,0
2FPL,A,53,0
2FPL,A,252,0
2FPL,A,26,0
2FPL,A,95,0
2FPL,A,235,0
2FPL,A,94,0
2FPL,A,178,0
2FPL,A,137,0
2FPL,A,201,0
2FPL,A,72,0
2FPL,A,49,0
2FPL,A,126,0
2FPL,A,305,0
2FPL,A,206,0
2FPL,A,186,0
2FPL,A,138,0
2FPL,A,250,0
2FPL,A,175,0
2FPL,A,64,0
2FPL,A,301,0
2FPL,A,188,0
2FPL,A,87,0
2FPL,A,125,0
2FPL,A,90,0
2FPL,A,306,0
2FPL,A,217,0
2FPL,A,185,0
2FPL,A,16,0
2FPL,A,35,0
2FPL,A,61,0
2FPL,A,307,0
2FPL,A,191,0
2FPL,A,88,0
2FPL,A,176,0
2FPL,A,58,0
2FPL,A,63,0
2FPL,A,280,0
2FPL,A,220,0
2FPL,A,251,0
2FPL,A,33,0
2FPL,A,131,0
2FPL,A,281,0
2FPL,A,11,0
2FPL,A,55,0
2FPL,A,308,0
2FPL,A,233,0
2FPL,A,222,0
2FPL,A,204,0
2FPL,A,248,0
2FPL,A,74,0
2FPL,A,177,0
2FPL,A,29,0
2FPL,A,46,0
2FPL,A,7,0
2FPL,A,135,0
2FPL,A,28,0
3MW9,A,389,1
3MW9,A,392,1
3MW9,B,459,1
3MW9,B,115,1
3MW9,A,207,1
3MW9,A,388,1
3MW9,B,491,1
3MW9,B,492,1
3MW9,A,206,1
3MW9,B,488,1
3MW9,A,205,1
3MW9,B,382,1
3MW9,A,387,1
3MW9,B,122,1
3MW9,B,120,1
3MW9,A,201,1
3MW9,B,112,1
3MW9,A,391,1
3MW9,B,87,1
3MW9,A,384,1
3MW9,A,393,1
3MW9,A,390,1
3MW9,B,118,1
3MW9,B,116,1
3MW9,B,119,1
3MW9,B,489,1
3MW9,B,121,1
3MW9,A,203,1
3MW9,B,86,1
3MW9,A,445,1
3MW9,A,195,1
3MW9,A,396,1
3MW9,B,85,1
3MW9,A,204,1
3MW9,C,497,0
3MW9,A,115,0
3MW9,E,330,0
3MW9,B,367,0
3MW9,C,81,0
3MW9,B,407,0
3MW9,F,225,0
3MW9,D,477,0
3MW9,B,150,0
3MW9,D,304,0
3MW9,C,12,0
3MW9,A,122,0
3MW9,E,373,0
3MW9,F,251,0
3MW9,E,492,0
3MW9,C,461,0
3MW9,D,178,0
3MW9,A,460,0
3MW9,C,348,0
3MW9,C,252,0
3MW9,B,353,0
3MW9,B,471,0
3MW9,F,316,0
3MW9,C,277,0
3MW9,F,427,0
3MW9,F,248,0
3MW9,C,138,0
3MW9,E,222,0
3MW9,E,7,0
3MW9,E,367,0
3MW9,B,434,0
3MW9,C,255,0
3MW9,B,415,0
3MW9,C,78,0
3MW9,E,471,0
3MW9,A,51,0
3MW9,B,275,0
3MW9,D,211,0
3MW9,D,436,0
3MW9,B,188,0
3MW9,A,315,0
3MW9,B,270,0
3MW9,E,375,0
3MW9,C,239,0
3MW9,A,216,0
3MW9,A,116,0
3MW9,E,336,0
3MW9,D,120,0
3MW9,C,353,0
3MW9,B,70,0
3MW9,D,295,0
3MW9,A,497,0
3MW9,A,333,0
3MW9,C,229,0
3MW9,B,80,0
3MW9,B,443,0
3MW9,F,135,0
3MW9,F,81,0
3MW9,E,120,0
3MW9,F,99,0
3MW9,D,487,0
3MW9,F,205,0
3MW9,F,448,0
3MW9,F,351,0
3MW9,F,293,0
3MW9,F,187,0
3MW9,C,444,0
3MW9,E,170,0
3MW9,C,48,0
3MW9,C,9,0
3MW9,F,395,0
3MW9,E,278,0
3MW9,D,13,0
3MW9,C,443,0
3MW9,A,280,0
3MW9,F,377,0
3MW9,B,399,0
3MW9,C,394,0
3MW9,B,181,0
3MW9,A,92,0
3MW9,A,141,0
3MW9,C,128,0
3MW9,D,391,0
3MW9,E,328,0
3MW9,C,67,0
3MW9,F,449,0
3MW9,F,413,0
3MW9,E,68,0
3MW9,E,223,0
3MW9,F,39,0
3MW9,C,487,0
3MW9,F,476,0
3MW9,D,247,0
3MW9,A,251,0
3MW9,A,271,0
3MW9,A,242,0
3MW9,B,219,0
3MW9,E,269,0
3MW9,C,40,0
3MW9,D,69,0
3MW9,F,88,0
3MW9,A,91,0
11BG,A,94,1
11BG,B,33,1
11BG,A,31,1
11BG,A,10,1
11BG,A,14,1
11BG,A,95,1
11BG,A,96,1
11BG,A,97,1
11BG,A,16,1
11BG,A,15,1
11BG,A,27,1
11BG,A,28,1
11BG,A,24,1
11BG,B,32,1
11BG,A,19,1
11BG,B,29,1
11BG,A,13,1
11BG,A,36,1
11BG,A,70,0
11BG,A,115,0
11BG,B,4,0
11BG,B,72,0
11BG,A,51,0
11BG,B,92,0
11BG,A,75,0
11BG,B,63,0
11BG,B,39,0
11BG,B,53,0
11BG,B,76,0
11BG,B,90,0
11BG,B,12,0
11BG,A,63,0
11BG,A,112,0
11BG,B,122,0
11BG,B,121,0
11BG,A,61,0
11BG,A,122,0
11BG,B,73,0
11BG,B,17,0
11BG,B,14,0
11BG,B,61,0
11BG,A,104,0
11BG,B,120,0
11BG,B,87,0
11BG,B,60,0
11BG,B,23,0
11BG,B,40,0
11BG,B,85,0
11BG,A,53,0
11BG,B,95,0
11BG,B,99,0
11BG,B,89,0
11BG,A,48,0
11BG,B,71,0
11BG,B,100,0
11BG,A,124,0
11BG,B,55,0
11BG,B,65,0
11BG,B,42,0
11BG,B,2,0
11BG,A,116,0
11BG,B,75,0
11BG,B,96,0
11BG,B,8,0
11BG,A,106,0
11BG,A,56,0
11BG,B,41,0
11BG,A,60,0
11BG,B,79,0
11BG,A,1,0
11BG,B,119,0
11BG,B,5,0
3PMA,D,245,1
3PMA,B,235,1
3PMA,D,241,1
3PMA,D,87,1
3PMA,B,232,1
3PMA,B,124,1
3PMA,B,126,1
3PMA,D,90,1
3PMA,B,236,1
3PMA,D,244,1
3PMA,D,240,1
3PMA,D,246,1
3PMA,D,92,1
3PMA,D,237,1
3PMA,B,125,1
3PMA,D,89,1
3PMA,D,91,1
3PMA,B,239,1
3PMA,B,127,1
3PMA,A,3,0
3PMA,D,132,0
3PMA,B,51,0
3PMA,D,208,0
3PMA,D,221,0
3PMA,B,196,0
3PMA,D,66,0
3PMA,D,129,0
3PMA,D,149E,0
3PMA,C,14F,0
3PMA,D,170,0
3PMA,B,116,0
3PMA,D,32,0
3PMA,D,26,0
3PMA,B,223,0
3PMA,A,9,0
3PMA,C,14J,0
3PMA,B,181,0
3PMA,B,183,0
3PMA,B,206,0
3PMA,D,75,0
3PMA,C,10,0
3PMA,B,63,0
3PMA,D,18,0
3PMA,B,157,0
3PMA,B,98,0
3PMA,D,188,0
3PMA,B,130,0
3PMA,A,7,0
3PMA,D,217,0
3PMA,D,158,0
3PMA,D,60E,0
3PMA,D,149D,0
3PMA,D,204B,0
3PMA,B,163,0
3PMA,B,189,0
3PMA,B,226,0
3PMA,D,191,0
3PMA,A,6,0
3PMA,B,138,0
3PMA,D,148,0
3PMA,A,14A,0
3PMA,B,60A,0
3PMA,B,28,0
3PMA,D,43,0
3PMA,B,103,0
3PMA,A,14G,0
3PMA,D,206,0
3PMA,B,46,0
3PMA,B,80,0
3PMA,B,60I,0
3PMA,A,13,0
3PMA,D,214,0
3PMA,B,140,0
3PMA,D,99,0
3PMA,D,111,0
3PMA,D,179,0
3PEE,A,249,1
3PEE,A,32,1
3PEE,A,104,1
3PEE,A,54,1
3PEE,A,207,1
3PEE,A,209,1
3PEE,A,36,1
3PEE,A,58,1
3PEE,B,221,1
3PEE,A,222,1
3PEE,A,149,1
3PEE,A,102,1
3PEE,A,57,1
3PEE,A,221,1
3PEE,A,231,1
3PEE,A,208,1
3PEE,A,28,1
3PEE,A,232,1
3PEE,A,234,1
3PEE,A,225,1
3PEE,A,151,1
3PEE,A,34,1
3PEE,A,203,1
3PEE,A,195,1
3PEE,B,120,0
3PEE,A,134,0
3PEE,A,67,0
3PEE,B,36,0
3PEE,B,204,0
3PEE,B,118,0
3PEE,B,70,0
3PEE,A,93,0
3PEE,B,137,0
3PEE,A,182,0
3PEE,A,82,0
3PEE,B,101,0
3PEE,B,217,0
3PEE,B,49,0
3PEE,B,122,0
3PEE,A,14,0
3PEE,A,180,0
3PEE,B,188,0
3PEE,A,179,0
3PEE,B,86,0
3PEE,A,238,0
3PEE,A,21,0
3PEE,B,202,0
3PEE,A,43,0
3PEE,A,184,0
3PEE,A,142,0
3PEE,A,135,0
3PEE,B,157,0
3PEE,B,205,0
3PEE,B,227,0
3PEE,A,137,0
3PEE,B,95,0
3PEE,B,80,0
3PEE,B,178,0
3PEE,B,84,0
3PEE,B,42,0
3PEE,A,126,0
3PEE,B,129,0
3PEE,A,9,0
3PEE,B,160,0
3PEE,A,186,0
3PEE,A,88,0
3PEE,B,114,0
3PEE,A,213,0
3PEE,B,79,0
3PEE,B,197,0
3PEE,B,13,0
3PEE,A,130,0
3PEE,A,160,0
3PEE,B,131,0
3PEE,B,30,0
3PEE,B,249,0
3PEE,A,111,0
3PEE,B,54,0
3PEE,B,38,0
3PEE,B,138,0
3PEE,B,240,0
3PEE,B,169,0
3PEE,B,154,0
3PEE,A,140,0
3PEE,B,66,0
3PEE,B,149,0
3PEE,B,189,0
3PEE,B,98,0
3PEE,B,247,0
3PEE,B,94,0
3PEE,B,12,0
3PEE,A,162,0
3PEE,A,139,0
3PEE,A,215,0
3PEE,A,17,0
3PEE,B,27,0
1ZDS,A,47,1
1ZDS,A,60,1
1ZDS,A,199,1
1ZDS,A,95,1
1ZDS,A,62,1
1ZDS,A,145,1
1ZDS,A,144,1
1ZDS,A,93,1
1ZDS,A,48,1
1ZDS,A,148,1
1ZDS,A,61,1
1ZDS,A,141,1
1ZDS,C,37,0
1ZDS,B,133,0
1ZDS,C,11,0
1ZDS,A,174,0
1ZDS,C,176,0
1ZDS,A,296,0
1ZDS,B,327,0
1ZDS,B,318,0
1ZDS,B,71,0
1ZDS,A,308,0
1ZDS,A,301,0
1ZDS,B,118,0
1ZDS,C,18,0
1ZDS,A,212,0
1ZDS,C,181,0
1ZDS,C,92,0
1ZDS,C,8,0
1ZDS,A,319,0
1ZDS,C,132,0
1ZDS,C,185,0
1ZDS,B,89,0
1ZDS,B,261,0
1ZDS,A,224,0
1ZDS,B,207,0
1ZDS,C,142,0
1ZDS,C,129,0
1ZDS,C,197,0
1ZDS,C,271,0
1ZDS,C,299,0
1ZDS,A,83,0
1ZDS,C,211,0
1ZDS,B,284,0
1ZDS,A,130,0
1ZDS,A,121,0
1ZDS,C,324,0
1ZDS,C,52,0
3E5U,A,94,1
3E5U,A,133,1
3E5U,A,83,1
3E5U,A,75,1
3E5U,B,138,1
3E5U,A,65,1
3E5U,B,134,1
3E5U,A,84,1
3E5U,A,130,1
3E5U,A,76,1
3E5U,A,86,1
3E5U,A,63,1
3E5U,A,85,1
3E5U,A,92,1
3E5U,B,131,1
3E5U,B,135,1
3E5U,A,90,1
3E5U,D,22,0
3E5U,C,140,0
3E5U,A,168,0
3E5U,C,49,0
3E5U,D,178,0
3E5U,C,222,0
3E5U,C,47,0
3E5U,A,190,0
3E5U,C,66,0
3E5U,D,48,0
3E5U,C,146,0
3E5U,B,157,0
3E5U,D,139,0
3E5U,D,79,0
3E5U,B,148,0
3E5U,D,222,0
3E5U,C,93,0
3E5U,D,141,0
3E5U,C,195,0
3E5U,D,194,0
3E5U,B,14,0
3E5U,D,66,0
3E5U,B,61,0
3E5U,A,122,0
3E5U,A,220,0
3E5U,B,117,0
3E5U,A,189,0
3E5U,C,144,0
3E5U,B,38,0
3E5U,D,29,0
3E5U,C,133,0
3E5U,B,27,0
3E5U,B,97,0
3E5U,D,135,0
3E5U,B,189,0
3E5U,B,180,0
3E5U,D,184,0
3E5U,D,96,0
3E5U,D,157,0
3E5U,A,202,0
3E5U,D,137,0
3E5U,C,117,0
3E5U,D,121,0
3E5U,C,39,0
3E5U,C,181,0
3E5U,C,45,0
3E5U,C,170,0
3E5U,D,152,0
3E5U,B,63,0
3E5U,D,212,0
3E5U,C,94,0
4B1F,A,248,1
4B1F,A,244,1
4B1F,A,146,1
4B1F,A,186,1
4B1F,A,253,1
4B1F,A,10,1
4B1F,A,14,1
4B1F,A,252,1
4B1F,A,185,1
4B1F,A,13,1
4B1F,A,154,1
4B1F,A,11,1
4B1F,A,149,1
4B1F,A,150,1
4B1F,A,152,1
4B1F,A,17,1
4B1F,A,151,1
4B1F,A,183,1
4B1F,A,182,1
4B1F,B,64,0
4B1F,B,129,0
4B1F,B,176,0
4B1F,A,237,0
4B1F,B,20,0
4B1F,A,140,0
4B1F,A,122,0
4B1F,B,81,0
4B1F,A,54,0
4B1F,A,35,0
4B1F,A,113,0
4B1F,B,35,0
4B1F,B,231,0
4B1F,B,156,0
4B1F,B,29,0
4B1F,B,18,0
4B1F,B,193,0
4B1F,A,96,0
4B1F,A,227,0
4B1F,B,150,0
4B1F,A,83,0
4B1F,B,40,0
4B1F,B,71,0
4B1F,B,209,0
4B1F,A,61,0
4B1F,A,198,0
4B1F,B,133,0
4B1F,B,219,0
4B1F,A,53,0
4B1F,B,206,0
4B1F,B,96,0
4B1F,B,5,0
4B1F,A,168,0
4B1F,B,2,0
4B1F,B,80,0
4B1F,B,39,0
4B1F,A,79,0
4B1F,B,63,0
4B1F,B,31,0
4B1F,B,32,0
4B1F,A,86,0
4B1F,B,44,0
4B1F,A,62,0
4B1F,B,255,0
4B1F,B,59,0
4B1F,A,101,0
4B1F,A,59,0
4B1F,B,254,0
4B1F,A,114,0
4B1F,A,194,0
4B1F,A,102,0
4B1F,A,165,0
4B1F,A,133,0
4B1F,B,240,0
4B1F,A,176,0
4B1F,A,166,0
4B1F,B,152,0
2W4I,A,41,1
2W4I,A,146,1
2W4I,B,144,1
2W4I,B,143,1
2W4I,B,37,1
2W4I,A,144,1
2W4I,A,143,1
2W4I,B,147,1
2W4I,B,150,1
2W4I,A,37,1
2W4I,A,147,1
2W4I,A,150,1
2W4I,A,148,1
2W4I,B,38,1
2W4I,B,151,1
2W4I,B,183,1
2W4I,B,41,1
2W4I,A,38,1
2W4I,A,151,1
2W4I,A,183,1
2W4I,B,117,1
2W4I,B,42,1
2W4I,B,146,1
2W4I,B,177,0
2W4I,F,150,0
2W4I,B,211,0
2W4I,A,55,0
2W4I,F,26,0
2W4I,A,209,0
2W4I,A,1,0
2W4I,F,102,0
2W4I,E,179,0
2W4I,F,232,0
2W4I,F,191,0
2W4I,B,128,0
2W4I,F,140,0
2W4I,B,164,0
2W4I,E,142,0
2W4I,F,246,0
2W4I,A,74,0
2W4I,E,46,0
2W4I,F,134,0
2W4I,E,60,0
2W4I,F,203,0
2W4I,E,40,0
2W4I,F,213,0
2W4I,E,77,0
2W4I,A,28,0
2W4I,A,210,0
2W4I,A,232,0
2W4I,F,11,0
2W4I,B,205,0
2W4I,E,104,0
2W4I,B,111,0
2W4I,B,249,0
2W4I,F,76,0
2W4I,B,52,0
2W4I,A,236,0
2W4I,F,155,0
2W4I,F,30,0
2W4I,B,53,0
2W4I,A,24,0
2W4I,F,215,0
2W4I,E,199,0
2W4I,F,159,0
2W4I,F,171,0
2W4I,E,122,0
2W4I,E,99,0
2W4I,B,207,0
2W4I,B,236,0
2W4I,E,207,0
2W4I,A,101,0
2W4I,E,170,0
2W4I,A,126,0
2W4I,F,29,0
2W4I,A,50,0
2W4I,B,99,0
2W4I,B,67,0
2W4I,E,217,0
2W4I,B,250,0
2W4I,E,242,0
2W4I,A,204,0
2W4I,F,227,0
2W4I,E,252,0
2W4I,A,197,0
2W4I,A,217,0
2W4I,B,199,0
2W4I,E,112,0
2W4I,F,143,0
2W4I,A,172,0
2W4I,E,107,0
2W4I,E,141,0
2Q5O,A,211,1
2Q5O,A,239,1
2Q5O,A,395,1
2Q5O,A,244,1
2Q5O,A,399,1
2Q5O,A,240,1
2Q5O,A,219,1
2Q5O,A,60,1
2Q5O,A,215,1
2Q5O,A,214,1
2Q5O,A,89,1
2Q5O,A,394,1
2Q5O,A,242,1
2Q5O,A,61,1
2Q5O,A,238,1
2Q5O,A,393,1
2Q5O,A,241,1
2Q5O,A,397,1
2Q5O,A,375,1
2Q5O,A,396,1
2Q5O,A,47,0
2Q5O,A,124,0
2Q5O,A,366,0
2Q5O,B,269,0
2Q5O,B,493,0
2Q5O,A,431,0
2Q5O,A,105,0
2Q5O,B,209,0
2Q5O,B,507,0
2Q5O,B,10,0
2Q5O,B,528,0
2Q5O,A,292,0
2Q5O,A,311,0
2Q5O,B,182,0
2Q5O,A,323,0
2Q5O,B,147,0
2Q5O,B,37,0
2Q5O,B,208,0
2Q5O,A,534,0
2Q5O,B,297,0
2Q5O,A,275,0
2Q5O,A,198,0
2Q5O,A,369,0
2Q5O,B,540,0
2Q5O,A,17,0
2Q5O,A,123,0
2Q5O,B,482,0
2Q5O,B,111,0
2Q5O,B,437,0
2Q5O,A,141,0
2Q5O,A,499,0
2Q5O,B,1,0
2Q5O,A,291,0
2Q5O,B,107,0
2Q5O,B,177,0
2Q5O,B,356,0
2Q5O,B,19,0
2Q5O,B,156,0
2Q5O,B,398,0
2Q5O,B,52,0
2Q5O,B,230,0
2Q5O,A,186,0
2Q5O,B,361,0
2Q5O,B,438,0
2Q5O,B,228,0
2Q5O,A,526,0
2Q5O,A,251,0
2Q5O,A,79,0
2Q5O,A,180,0
2Q5O,A,315,0
2Q5O,A,11,0
2Q5O,B,232,0
2Q5O,B,481,0
2Q5O,B,215,0
2Q5O,B,173,0
2Q5O,B,88,0
2Q5O,B,28,0
2Q5O,A,36,0
2Q5O,A,263,0
2Q5O,B,443,0
1UXV,A,133,1
1UXV,A,75,1
1UXV,A,483,1
1UXV,A,79,1
1UXV,A,76,1
1UXV,A,486,1
1UXV,A,185,1
1UXV,A,135,1
1UXV,A,184,1
1UXV,A,132,1
1UXV,A,156,1
1UXV,A,479,1
1UXV,A,74,1
1UXV,A,154,1
1UXV,A,134,1
1UXV,A,72,1
1UXV,A,155,1
1UXV,A,157,1
1UXV,A,253,0
1UXV,A,16,0
1UXV,A,433,0
1UXV,A,258,0
1UXV,A,347,0
1UXV,A,303,0
1UXV,A,353,0
1UXV,A,107,0
1UXV,A,58,0
1UXV,A,102,0
1UXV,A,467,0
1UXV,A,235,0
1UXV,A,236,0
1UXV,A,243,0
1UXV,A,245,0
1UXV,A,348,0
1UXV,A,495,0
1UXV,A,101,0
1UXV,A,451,0
1UXV,A,415,0
1UXV,A,233,0
1UXV,A,19,0
1UXV,A,172,0
1UXV,A,103,0
1UXV,A,6,0
1UXV,A,341,0
1UXV,A,437,0
1UXV,A,360,0
1UXV,A,381,0
1UXV,A,430,0
1UXV,A,384,0
1UXV,A,280,0
1UXV,A,125,0
1UXV,A,217,0
1UXV,A,141,0
1UXV,A,298,0
1UXV,A,251,0
1UXV,A,223,0
1UXV,A,350,0
1UXV,A,330,0
1UXV,A,422,0
1UXV,A,32,0
1UXV,A,10,0
1UXV,A,369,0
1UXV,A,396,0
1UXV,A,284,0
1UXV,A,411,0
1UXV,A,65,0
1UXV,A,114,0
1UXV,A,306,0
1UXV,A,20,0
1UXV,A,281,0
1UXV,A,291,0
1UXV,A,428,0
4HO6,A,249,1
4HO6,A,113,1
4HO6,A,248,1
4HO6,A,117,1
4HO6,A,40,1
4HO6,A,219,1
4HO6,A,111,1
4HO6,A,253,1
4HO6,A,115,1
4HO6,A,247,1
4HO6,A,250,1
4HO6,A,114,1
4HO6,A,257,1
4HO6,A,43,1
4HO6,A,120,1
4HO6,A,112,1
4HO6,A,39,1
4HO6,A,254,1
4HO6,A,118,1
4HO6,A,116,1
4HO6,A,164,0
4HO6,A,139,0
4HO6,A,177,0
4HO6,A,209,0
4HO6,A,141,0
4HO6,A,147,0
4HO6,A,155,0
4HO6,A,272,0
4HO6,A,226,0
4HO6,A,185,0
4HO6,A,95,0
4HO6,A,274,0
4HO6,A,126,0
4HO6,A,142,0
4HO6,A,20,0
4HO6,A,65,0
4HO6,A,3,0
4HO6,A,26,0
4HO6,A,49,0
4HO6,A,229,0
4HO6,A,145,0
4HO6,A,168,0
4HO6,A,288,0
4HO6,A,167,0
4HO6,A,48,0
4HO6,A,183,0
4HO6,A,210,0
4HO6,A,62,0
4HO6,A,193,0
4HO6,A,143,0
4HO6,A,149,0
4HO6,A,86,0
4HO6,A,203,0
4HO6,A,6,0
4HO6,A,267,0
4HO6,A,165,0
4HO6,A,77,0
4HO6,A,64,0
4HO6,A,138,0
4HO6,A,206,0
4HO6,A,232,0
4HO6,A,192,0
4HO6,A,225,0
4HO6,A,58,0
4HO6,A,194,0
4HO6,A,87,0
4HO6,A,22,0
4HO6,A,7,0
4HO6,A,182,0
4HO6,A,228,0
4HO6,A,57,0
4HO6,A,17,0
4HO6,A,4,0
4HO6,A,72,0
4HO6,A,59,0
4HO6,A,61,0
4HO6,A,106,0
4HO6,A,156,0
4HO6,A,84,0
4HO6,A,60,0
3DBA,A,164,1
3DBA,A,145,1
3DBA,A,117,1
3DBA,A,99,1
3DBA,A,166,1
3DBA,A,136,1
3DBA,A,174,1
3DBA,A,141,1
3DBA,A,179,1
3DBA,A,115,1
3DBA,A,96,1
3DBA,A,144,1
3DBA,A,143,1
3DBA,A,176,1
3DBA,B,208,1
3DBA,A,169,1
3DBA,A,197,1
3DBA,A,168,1
3DBA,A,114,1
3DBA,A,95,1
3DBA,A,165,1
3DBA,A,163,1
3DBA,A,142,1
3DBA,A,97,1
3DBA,A,167,1
3DBA,A,172,1
3DBA,A,195,1
3DBA,A,116,1
3DBA,B,56,0
3DBA,B,124,0
3DBA,B,84,0
3DBA,A,68,0
3DBA,B,216,0
3DBA,B,94,0
3DBA,B,105,0
3DBA,A,65,0
3DBA,B,79,0
3DBA,B,116,0
3DBA,B,85,0
3DBA,A,70,0
3DBA,A,66,0
3DBA,A,210,0
3DBA,B,181,0
3DBA,B,176,0
3DBA,B,133,0
3DBA,B,180,0
3DBA,B,186,0
3DBA,B,158,0
3DBA,B,191,0
3DBA,A,62,0
3DBA,A,208,0
3DBA,B,76,0
3DBA,A,185,0
3DBA,B,103,0
3DBA,A,203,0
3DBA,B,138,0
3DBA,B,203,0
3DBA,B,123,0
3DBA,B,151,0
3DBA,B,87,0
3DBA,B,112,0
3DBA,B,69,0
3DBA,A,132,0
3DBA,B,197,0
3DBA,A,57,0
3DBA,B,182,0
3DBA,B,100,0
3DBA,B,164,0
3DBA,B,148,0
3DBA,B,173,0
3DBA,B,114,0
3DBA,B,78,0
3DBA,B,73,0
3DBA,B,126,0
3DBA,B,184,0
3DBA,B,193,0
3DBA,B,188,0
3DBA,B,117,0
3DBA,B,72,0
3DBA,B,98,0
3DBA,B,95,0
3DBA,A,61,0
3DBA,A,72,0
3DBA,B,129,0
3DBA,B,201,0
3DBA,B,55,0
3DBA,B,130,0
3DBA,B,62,0
3DBA,B,196,0
3DBA,B,127,0
3DBA,B,150,0
3DBA,A,60,0
3DBA,B,81,0
3DBA,B,82,0
3DBA,A,216,0
3DBA,A,64,0
3DBA,A,224,0
3DBA,B,113,0
3DBA,B,165,0
3DBA,B,135,0
3DBA,B,157,0
3DBA,B,195,0
3DBA,B,144,0
3DBA,B,58,0
3DBA,A,218,0
3DBA,A,207,0
3DBA,B,174,0
3DBA,A,130,0
3DBA,B,167,0
3DBA,A,67,0
3DBA,B,145,0
3DBA,B,71,0
2NW8,A,221,1
2NW8,A,225,1
2NW8,A,85,1
2NW8,A,228,1
2NW8,A,220,1
2NW8,A,224,1
2NW8,A,92,1
2NW8,A,217,1
2NW8,B,149,0
2NW8,B,101,0
2NW8,A,160,0
2NW8,B,207,0
2NW8,B,173,0
2NW8,A,69,0
2NW8,A,153,0
2NW8,A,150,0
2NW8,B,111,0
2NW8,B,245,0
2NW8,B,28,0
2NW8,A,108,0
2NW8,A,265,0
2NW8,B,259,0
2NW8,B,44,0
2NW8,B,258,0
2NW8,B,184,0
2NW8,A,145,0
2NW8,A,239,0
2NW8,A,277,0
2NW8,B,213,0
2NW8,B,209,0
2NW8,A,27,0
2NW8,B,25,0
3EK5,E,99,1
3EK5,F,75,1
3EK5,E,111,1
3EK5,E,109,1
3EK5,E,89,1
3EK5,E,107,1
3EK5,D,118,1
3EK5,D,125,1
3EK5,E,122,1
3EK5,E,112,1
3EK5,E,100,1
3EK5,D,121,1
3EK5,E,110,1
3EK5,D,117,1
3EK5,E,101,1
3EK5,E,108,1
3EK5,E,125,1
3EK5,E,118,1
3EK5,E,98,1
3EK5,D,115,1
3EK5,E,113,1
3EK5,E,127,1
3EK5,B,166,0
3EK5,A,135,0
3EK5,C,188,0
3EK5,F,140,0
3EK5,E,200,0
3EK5,A,117,0
3EK5,E,140,0
3EK5,E,30,0
3EK5,C,143,0
3EK5,F,37,0
3EK5,C,140,0
3EK5,C,192,0
3EK5,D,48,0
3EK5,F,94,0
3EK5,D,145,0
3EK5,E,5,0
3EK5,C,60,0
3EK5,C,154,0
3EK5,B,51,0
3EK5,C,8,0
3EK5,A,143,0
3EK5,D,37,0
3EK5,D,8,0
3EK5,F,69,0
3EK5,E,191,0
3EK5,C,138,0
3EK5,A,69,0
3EK5,A,183,0
3EK5,B,194,0
3EK5,F,196,0
3EK5,A,16,0
3EK5,C,121,0
3EK5,E,12,0
3EK5,A,168,0
3EK5,F,39,0
3EK5,C,216,0
3EK5,A,126,0
3EK5,D,45,0
3EK5,C,123,0
3EK5,C,53,0
3EK5,B,20,0
3EK5,C,90,0
3EK5,B,80,0
3EK5,E,206,0
3EK5,F,160,0
3EK5,D,19,0
3EK5,B,98,0
3EK5,E,212,0
3EK5,D,14,0
3EK5,F,167,0
3EK5,B,6,0
3EK5,B,73,0
3EK5,F,163,0
3EK5,F,198,0
3EK5,F,225,0
3EK5,A,0,0
3EK5,E,190,0
3EK5,D,71,0
3EK5,C,172,0
3EK5,C,77,0
3EK5,D,38,0
3EK5,B,216,0
3EK5,A,105,0
3EK5,A,222,0
3EK5,B,234,0
3EK5,D,16,0
1LTH,R,172,1
1LTH,R,169,1
1LTH,R,175,1
1LTH,R,258,1
1LTH,R,257,1
1LTH,R,158,1
1LTH,R,173,1
1LTH,R,170,1
1LTH,R,194,1
1LTH,R,171,1
1LTH,R,77,0
1LTH,R,246,0
1LTH,R,113,0
1LTH,R,24,0
1LTH,R,272,0
1LTH,R,240,0
1LTH,R,199,0
1LTH,R,241,0
1LTH,R,208,0
1LTH,R,11,0
1LTH,R,298,0
1LTH,R,178,0
1LTH,R,316,0
1LTH,R,145,0
1LTH,R,103,0
1LTH,R,132,0
1LTH,R,265,0
1LTH,R,111,0
1LTH,R,140,0
1LTH,R,231,0
1LTH,R,179,0
1LTH,R,9,0
1LTH,R,19,0
1LTH,R,143,0
1LTH,R,209,0
1LTH,R,267,0
1LTH,R,96,0
1LTH,R,296,0
1LTH,R,36,0
1LTH,R,89,0
3HO8,C,81,1
3HO8,A,497,1
3HO8,A,1085,1
3HO8,C,54,1
3HO8,C,79,1
3HO8,A,398,1
3HO8,A,1057,1
3HO8,A,498,1
3HO8,C,63,1
3HO8,A,451,1
3HO8,A,1052,1
3HO8,A,448,1
3HO8,A,1056,1
3HO8,C,78,1
3HO8,C,80,1
3HO8,C,65,1
3HO8,A,1081,1
3HO8,A,449,1
3HO8,C,57,1
3HO8,A,494,1
3HO8,A,496,1
3HO8,A,396,1
3HO8,C,82,1
3HO8,A,453,1
3HO8,A,493,1
3HO8,C,53,1
3HO8,C,83,1
3HO8,A,495,1
3HO8,A,1058,1
3HO8,A,1080,1
3HO8,A,1055,1
3HO8,A,445,1
3HO8,C,77,1
3HO8,C,736,0
3HO8,A,828,0
3HO8,A,673,0
3HO8,B,761,0
3HO8,D,433,0
3HO8,C,820,0
3HO8,C,655,0
3HO8,A,656,0
3HO8,C,147,0
3HO8,C,969,0
3HO8,C,717,0
3HO8,B,847,0
3HO8,D,775,0
3HO8,D,687,0
3HO8,B,805,0
3HO8,B,601,0
3HO8,C,916,0
3HO8,B,848,0
3HO8,B,1032,0
3HO8,D,106,0
3HO8,D,328,0
3HO8,B,375,0
3HO8,D,717,0
3HO8,B,1006,0
3HO8,B,753,0
3HO8,C,159,0
3HO8,A,660,0
3HO8,B,518,0
3HO8,A,155,0
3HO8,C,941,0
3HO8,D,100,0
3HO8,D,822,0
3HO8,B,391,0
3HO8,D,632,0
3HO8,B,605,0
3HO8,B,962,0
3HO8,B,993,0
3HO8,B,455,0
3HO8,A,789,0
3HO8,A,836,0
3HO8,C,1078,0
3HO8,D,350,0
3HO8,B,913,0
3HO8,C,616,0
3HO8,B,1087,0
3HO8,B,290,0
3HO8,D,96,0
3HO8,A,755,0
3HO8,C,793,0
3HO8,B,755,0
3HO8,B,799,0
3HO8,C,113,0
3HO8,D,565,0
3HO8,B,667,0
3HO8,C,745,0
3HO8,D,511,0
3HO8,A,992,0
3HO8,B,294,0
3HO8,C,742,0
3HO8,B,444,0
3HO8,D,78,0
3HO8,A,574,0
3HO8,C,363,0
3HO8,D,60,0
3HO8,D,246,0
3HO8,D,833,0
3HO8,C,960,0
3HO8,C,804,0
3HO8,D,598,0
3HO8,D,247,0
3HO8,D,333,0
3HO8,B,924,0
3HO8,A,486,0
3HO8,A,942,0
3HO8,C,674,0
3HO8,B,362A,0
3HO8,B,276,0
3HO8,A,638,0
3HO8,B,926,0
3HO8,A,843,0
3HO8,A,277,0
3HO8,B,477,0
3HO8,A,464,0
3HO8,B,142,0
3HO8,A,406,0
3HO8,D,125,0
3HO8,D,545,0
3HO8,C,896,0
3HO8,B,489,0
3HO8,A,704,0
3HO8,A,546,0
3HO8,D,555,0
3HO8,A,697,0
3HO8,B,312,0
3HO8,A,658,0
3HO8,D,718,0
3HO8,B,503,0
3HO8,B,879,0
3HO8,C,961,0
2BTY,A,269,1
2BTY,A,270,1
2BTY,A,253,1
2BTY,A,214,1
2BTY,A,215,1
2BTY,A,274,1
2BTY,A,268,1
2BTY,A,15,1
2BTY,A,212,1
2BTY,A,276,1
2BTY,A,213,1
2BTY,A,196,1
2BTY,A,275,1
2BTY,A,255,1
2BTY,A,278,1
2BTY,A,19,1
2BTY,A,267,1
2BTY,A,272,1
2BTY,A,273,1
2BTY,A,251,1
2BTY,A,266,1
2BTY,A,271,1
2BTY,B,127,0
2BTY,C,54,0
2BTY,B,233,0
2BTY,B,240,0
2BTY,A,68,0
2BTY,C,140,0
2BTY,A,133,0
2BTY,B,165,0
2BTY,A,2,0
2BTY,C,150,0
2BTY,A,28,0
2BTY,B,112,0
2BTY,B,29,0
2BTY,B,219,0
2BTY,B,120,0
2BTY,C,235,0
2BTY,B,267,0
2BTY,B,279,0
2BTY,A,43,0
2BTY,B,25,0
2BTY,C,249,0
2BTY,B,75,0
2BTY,A,164,0
2BTY,B,141,0
2BTY,B,58,0
2BTY,B,79,0
2BTY,C,129,0
2BTY,A,126,0
2BTY,C,264,0
2BTY,A,134,0
2BTY,C,258,0
2BTY,C,74,0
2BTY,C,134,0
2BTY,B,121,0
2BTY,A,192,0
2BTY,A,95,0
2BTY,C,131,0
2BTY,C,66,0
2BTY,B,204,0
2BTY,B,147,0
2BTY,B,203,0
2BTY,A,3,0
2BTY,A,147,0
2BTY,A,174,0
2BTY,C,119,0
2BTY,A,77,0
2BTY,C,26,0
2BTY,B,215,0
2BTY,B,142,0
2BTY,B,260,0
2BTY,B,195,0
2BTY,B,97,0
2BTY,C,209,0
2BTY,B,155,0
2BTY,A,171,0
2BTY,A,80,0
2BTY,B,48,0
2BTY,B,255,0
2BTY,B,92,0
2BTY,C,27,0
2BTY,C,25,0
2BTY,C,185,0
2BTY,A,224,0
2BTY,C,104,0
2BTY,C,267,0
2BTY,B,156,0
3THO,A,31,1
3THO,A,12,1
3THO,A,32,1
3THO,A,62,1
3THO,A,64,1
3THO,A,54,1
3THO,A,35,1
3THO,A,60,1
3THO,A,36,1
3THO,A,58,1
3THO,A,14,1
3THO,A,63,1
3THO,A,33,1
3THO,A,13,1
3THO,A,61,1
3THO,A,37,1
3THO,A,65,1
3THO,A,59,1
3THO,A,798,1
3THO,A,828,1
3THO,A,53,1
3THO,A,39,1
3THO,A,38,1
3THO,A,34,1
3THO,B,89,0
3THO,A,702,0
3THO,B,284,0
3THO,B,75,0
3THO,B,288,0
3THO,A,76,0
3THO,B,361,0
3THO,A,725,0
3THO,B,287,0
3THO,A,19,0
3THO,B,78,0
3THO,B,262,0
3THO,B,303,0
3THO,B,320,0
3THO,B,348,0
3THO,A,814,0
3THO,A,723,0
3THO,B,332,0
3THO,A,121,0
3THO,A,159,0
3THO,B,79,0
3THO,A,127,0
3THO,A,740,0
3THO,A,729,0
3THO,A,743,0
3THO,A,694,0
3THO,B,377,0
3THO,B,149,0
3THO,B,91,0
3THO,A,730,0
3THO,A,22,0
3THO,A,83,0
3THO,A,785,0
3THO,B,177,0
3THO,B,37,0
3THO,B,227,0
3THO,B,16,0
3THO,A,124,0
3THO,B,374,0
3THO,A,104,0
3THO,A,699,0
3THO,B,185,0
3THO,B,345,0
3THO,B,47,0
3THO,A,101,0
3THO,B,129,0
3THO,B,269,0
3THO,B,329,0
3THO,B,133,0
3THO,B,362,0
3THO,A,85,0
3THO,A,839,0
3THO,B,293,0
3THO,B,55,0
3THO,B,46,0
3THO,A,782,0
3THO,B,344,0
3THO,B,266,0
3THO,A,824,0
3THO,A,134,0
3THO,B,52,0
3THO,B,119,0
3THO,A,114,0
3THO,A,84,0
3THO,A,809,0
3THO,A,817,0
3THO,B,117,0
3THO,B,94,0
3THO,B,201,0
3THO,B,318,0
3THO,A,79,0
3THO,B,187,0
3PG9,A,31,1
3PG9,A,32,1
3PG9,F,2,1
3PG9,F,39,1
3PG9,F,29,1
3PG9,F,1,1
3PG9,A,35,1
3PG9,F,26,1
3PG9,A,36,1
3PG9,F,41,1
3PG9,F,66,1
3PG9,F,40,1
3PG9,F,42,1
3PG9,A,33,1
3PG9,A,37,1
3PG9,F,45,1
3PG9,F,65,1
3PG9,F,44,1
3PG9,A,38,1
3PG9,A,34,1
3PG9,F,43,1
3PG9,G,71,0
3PG9,F,110,0
3PG9,A,155,0
3PG9,G,169,0
3PG9,F,134,0
3PG9,A,64,0
3PG9,A,319,0
3PG9,G,337,0
3PG9,G,274,0
3PG9,A,191,0
3PG9,B,31,0
3PG9,B,313,0
3PG9,G,231,0
3PG9,G,65,0
3PG9,B,7,0
3PG9,A,208,0
3PG9,G,328,0
3PG9,G,25,0
3PG9,A,220,0
3PG9,G,131,0
3PG9,G,6,0
3PG9,B,36,0
3PG9,G,76,0
3PG9,G,167,0
3PG9,G,149,0
3PG9,G,50,0
3PG9,A,16,0
3PG9,F,141,0
3PG9,B,102,0
3PG9,F,117,0
3PG9,B,272,0
3PG9,A,56,0
3PG9,G,138,0
3PG9,A,231,0
3PG9,G,213,0
3PG9,F,106,0
3PG9,F,153,0
3PG9,B,103,0
3PG9,A,314,0
3PG9,A,230,0
3PG9,A,288,0
3PG9,A,23,0
3PG9,F,197,0
3PG9,B,265,0
3PG9,F,186,0
3PG9,G,120,0
3PG9,B,184,0
3PG9,B,46,0
3PG9,B,136,0
3PG9,A,203,0
3PG9,F,278,0
3PG9,G,125,0
3PG9,A,276,0
3PG9,G,70,0
3PG9,F,172,0
3PG9,F,259,0
3PG9,A,311,0
3PG9,B,232,0
3PG9,A,143,0
3PG9,A,226,0
3PG9,B,333,0
3PG9,F,245,0
3PG9,A,187,0
3D2P,A,336,1
3D2P,A,269,1
3D2P,A,277,1
3D2P,A,270,1
3D2P,A,274,1
3D2P,A,276,1
3D2P,A,201,1
3D2P,A,221,1
3D2P,A,257,1
3D2P,A,275,1
3D2P,A,334,1
3D2P,A,255,1
3D2P,A,220,1
3D2P,A,278,1
3D2P,A,280,1
3D2P,A,259,1
3D2P,A,273,1
3D2P,A,17,1
3D2P,A,272,1
3D2P,A,218,1
3D2P,A,279,1
3D2P,A,286,1
3D2P,A,271,1
3D2P,B,150,0
3D2P,A,111,0
3D2P,B,227,0
3D2P,B,265,0
3D2P,B,128,0
3D2P,B,210,0
3D2P,B,25,0
3D2P,B,428,0
3D2P,B,171,0
3D2P,B,295,0
3D2P,A,298,0
3D2P,A,166,0
3D2P,A,122,0
3D2P,B,121,0
3D2P,B,100,0
3D2P,B,80,0
3D2P,A,427,0
3D2P,B,293,0
3D2P,A,169,0
3D2P,B,408,0
3D2P,A,121,0
3D2P,A,23,0
3D2P,B,81,0
3D2P,B,305,0
3D2P,B,220,0
3D2P,A,321,0
3D2P,A,97,0
3D2P,B,352,0
3D2P,B,219,0
3D2P,A,302,0
3D2P,B,105,0
3D2P,A,125,0
3D2P,A,34,0
3D2P,B,48,0
3D2P,A,402,0
3D2P,A,94,0
3D2P,A,410,0
3D2P,B,73,0
3D2P,B,222,0
3D2P,A,118,0
3D2P,B,407,0
3D2P,A,318,0
3D2P,B,184,0
3D2P,A,128,0
3D2P,B,273,0
3D2P,B,119,0
3D2P,A,375,0
3D2P,B,50,0
3D2P,B,185,0
3D2P,B,118,0
3D2P,B,431,0
3D2P,B,263,0
3D2P,A,72,0
3D2P,A,73,0
3D2P,A,103,0
3D2P,A,108,0
3D2P,B,27,0
3D2P,A,371,0
3D2P,A,115,0
3D2P,B,59,0
3D2P,B,361,0
3D2P,B,114,0
3D2P,A,105,0
3D2P,A,43,0
3D2P,B,9,0
3D2P,A,432,0
3D2P,A,360,0
3D2P,B,409,0
3D2P,A,312,0
4KZT,A,226,1
4KZT,A,32,1
4KZT,A,277,1
4KZT,A,283,1
4KZT,A,289,1
4KZT,A,287,1
4KZT,A,365,1
4KZT,A,206,1
4KZT,A,268,1
4KZT,A,370,1
4KZT,A,205,1
4KZT,A,224,1
4KZT,A,281,1
4KZT,A,285,1
4KZT,A,276,1
4KZT,A,284,1
4KZT,A,282,1
4KZT,A,265,1
4KZT,A,278,1
4KZT,A,28,1
4KZT,A,280,1
4KZT,A,366,1
4KZT,A,267,1
4KZT,A,279,1
4KZT,A,225,1
4KZT,A,286,1
4KZT,B,84,0
4KZT,X,25,0
4KZT,B,44,0
4KZT,X,100,0
4KZT,B,192,0
4KZT,A,75,0
4KZT,Y,307,0
4KZT,Y,180,0
4KZT,Y,396,0
4KZT,B,380,0
4KZT,A,383,0
4KZT,B,271,0
4KZT,B,407,0
4KZT,A,426,0
4KZT,X,199,0
4KZT,B,135,0
4KZT,B,136,0
4KZT,A,61,0
4KZT,X,381,0
4KZT,Y,429,0
4KZT,Y,431,0
4KZT,Y,173,0
4KZT,X,74,0
4KZT,B,188,0
4KZT,B,363,0
4KZT,B,168,0
4KZT,A,106,0
4KZT,B,88,0
4KZT,X,378,0
4KZT,X,36,0
4KZT,B,321,0
4KZT,A,337,0
4KZT,Y,244,0
4KZT,A,324,0
4KZT,X,160,0
4KZT,Y,101,0
4KZT,X,33,0
4KZT,X,312,0
4KZT,Y,109,0
4KZT,Y,393,0
4KZT,A,79,0
4KZT,B,328,0
4KZT,Y,421,0
4KZT,B,113,0
4KZT,Y,186,0
4KZT,B,346,0
4KZT,X,40,0
4KZT,Y,324,0
4KZT,X,306,0
4KZT,A,336,0
4KZT,X,360,0
4KZT,X,382,0
4KZT,X,304,0
4KZT,B,300,0
4KZT,B,419,0
4KZT,Y,345,0
4KZT,A,349,0
4KZT,Y,288,0
4KZT,A,111,0
4KZT,B,193,0
4KZT,Y,188,0
4KZT,A,93,0
4KZT,X,169,0
4KZT,Y,239,0
4KZT,B,335,0
4KZT,A,419,0
4KZT,B,308,0
4KZT,A,303,0
4KZT,Y,102,0
4KZT,B,16,0
4KZT,X,209,0
4KZT,B,80,0
4KZT,Y,412,0
4KZT,Y,322,0
4KZT,A,255,0
4KZT,B,353,0
4KZT,A,66,0
4KZT,B,73,0
3PJG,A,344,1
3PJG,A,326,1
3PJG,A,316,1
3PJG,A,319,1
3PJG,A,347,1
3PJG,A,345,1
3PJG,A,256,1
3PJG,A,281,1
3PJG,A,284,1
3PJG,A,257,1
3PJG,A,322,1
3PJG,A,324,1
3PJG,A,317,1
3PJG,A,259,1
3PJG,A,314,1
3PJG,A,87,1
3PJG,A,320,1
3PJG,A,323,1
3PJG,A,258,1
3PJG,A,90,1
3PJG,A,229,0
3PJG,A,46,0
3PJG,A,173,0
3PJG,A,241,0
3PJG,A,357,0
3PJG,A,107,0
3PJG,A,52,0
3PJG,A,336,0
3PJG,A,193,0
3PJG,A,210,0
3PJG,A,383,0
3PJG,A,45,0
3PJG,A,51,0
3PJG,A,378,0
3PJG,A,38,0
3PJG,A,355,0
3PJG,A,296,0
3PJG,A,94,0
3PJG,A,192,0
3PJG,A,17,0
3PJG,A,11,0
3PJG,A,302,0
3PJG,A,104,0
3PJG,A,169,0
3PJG,A,32,0
3PJG,A,352,0
3PJG,A,108,0
3PJG,A,112,0
3PJG,A,387,0
3PJG,A,240,0
3PJG,A,358,0
3PJG,A,7,0
3PJG,A,308,0
3PJG,A,374,0
3PJG,A,225,0
3PJG,A,60,0
3PJG,A,243,0
3PJG,A,130,0
3PJG,A,29,0
3PJG,A,166,0
3PJG,A,27,0
3PJG,A,146,0
3PJG,A,8,0
3PJG,A,109,0
3PJG,A,39,0
3PJG,A,83,0
3PJG,A,115,0
3PJG,A,230,0
3PJG,A,44,0
3PJG,A,238,0
3PJG,A,195,0
3PJG,A,202,0
3PJG,A,10,0
3PJG,A,69,0
3PJG,A,177,0
3PJG,A,164,0
3PJG,A,179,0
3PJG,A,152,0
3PJG,A,376,0
3PJG,A,337,0
4A7W,A,109,1
4A7W,A,114,1
4A7W,A,110,1
4A7W,A,91,1
4A7W,A,113,1
4A7W,A,115,1
4A7W,A,127,1
4A7W,A,103,1
4A7W,A,101,1
4A7W,A,120,1
4A7W,A,124,1
4A7W,A,129,1
4A7W,A,102,1
4A7W,A,112,1
4A7W,A,111,1
4A7W,A,123,1
4A7W,B,93,0
4A7W,B,202,0
4A7W,B,239,0
4A7W,A,157,0
4A7W,A,156,0
4A7W,B,236,0
4A7W,B,229,0
4A7W,B,36,0
4A7W,A,17,0
4A7W,B,35,0
4A7W,B,17,0
4A7W,B,88,0
4A7W,B,31,0
4A7W,B,87,0
4A7W,B,226,0
4A7W,A,209,0
4A7W,A,46,0
4A7W,A,173,0
4A7W,B,120,0
4A7W,B,175,0
4A7W,A,7,0
4A7W,B,152,0
4A7W,A,205,0
4A7W,A,222,0
4A7W,B,178,0
4A7W,B,71,0
4A7W,A,151,0
4A7W,B,84,0
4A7W,B,38,0
4A7W,A,58,0
4A7W,A,70,0
4A7W,A,38,0
4A7W,B,82,0
4A7W,B,133,0
4A7W,A,219,0
4A7W,B,124,0
4A7W,A,76,0
4A7W,B,180,0
4A7W,A,226,0
4A7W,A,237,0
4A7W,A,231,0
4A7W,B,230,0
4A7W,B,224,0
4A7W,A,239,0
4A7W,B,218,0
4A7W,B,147,0
4A7W,B,198,0
4A7W,A,232,0
1UM8,A,395,1
1UM8,A,158,1
1UM8,A,153,1
1UM8,A,92,1
1UM8,A,398,1
1UM8,A,155,1
1UM8,A,214,1
1UM8,A,96,1
1UM8,A,212,1
1UM8,A,154,1
1UM8,A,351,1
1UM8,A,156,1
1UM8,A,340,1
1UM8,A,95,1
1UM8,A,278,1
1UM8,A,150,1
1UM8,A,152,1
1UM8,A,93,1
1UM8,A,157,1
1UM8,A,94,1
1UM8,A,355,1
1UM8,A,343,1
1UM8,A,160,1
1UM8,A,151,1
1UM8,A,396,1
1UM8,A,409,0
1UM8,A,248,0
1UM8,A,303,0
1UM8,A,111,0
1UM8,A,124,0
1UM8,A,118,0
1UM8,A,375,0
1UM8,A,200,0
1UM8,A,438,0
1UM8,A,317,0
1UM8,A,386,0
1UM8,A,367,0
1UM8,A,194,0
1UM8,A,333,0
1UM8,A,295,0
1UM8,A,411,0
1UM8,A,382,0
1UM8,A,318,0
1UM8,A,141,0
1UM8,A,426,0
1UM8,A,326,0
1UM8,A,131,0
1UM8,A,285,0
1UM8,A,246,0
1UM8,A,290,0
1UM8,A,283,0
1UM8,A,289,0
1UM8,A,316,0
1UM8,A,372,0
1UM8,A,198,0
1UM8,A,366,0
1UM8,A,137,0
1UM8,A,434,0
1UM8,A,85,0
1UM8,A,413,0
1UM8,A,412,0
1UM8,A,286,0
1UM8,A,302,0
1UM8,A,107,0
1UM8,A,380,0
1UM8,A,273,0
1UM8,A,420,0
1UM8,A,167,0
1UM8,A,105,0
1UM8,A,235,0
1UM8,A,192,0
1UM8,A,271,0
1UM8,A,249,0
1UM8,A,379,0
1UM8,A,189,0
1UM8,A,130,0
1UM8,A,329,0
1UM8,A,377,0
1UM8,A,298,0
1UM8,A,239,0
1UM8,A,328,0
1UM8,A,321,0
1UM8,A,120,0
1UM8,A,243,0
1UM8,A,307,0
1UM8,A,427,0
1UM8,A,84,0
1UM8,A,206,0
1UM8,A,115,0
1UM8,A,109,0
1UM8,A,127,0
1UM8,A,190,0
1UM8,A,76,0
1UM8,A,374,0
1UM8,A,288,0
1UM8,A,121,0
1UM8,A,369,0
1UM8,A,122,0
1UM8,A,391,0
1UM8,A,244,0
4BQH,A,371,1
4BQH,A,239,1
4BQH,A,376,1
4BQH,A,395,1
4BQH,A,368,1
4BQH,A,207,1
4BQH,A,50,1
4BQH,A,398,1
4BQH,A,209,1
4BQH,A,45,1
4BQH,A,235,1
4BQH,A,206,1
4BQH,A,370,1
4BQH,A,242,1
4BQH,A,233,1
4BQH,A,238,1
4BQH,A,44,1
4BQH,A,367,1
4BQH,A,208,1
4BQH,A,232,1
4BQH,A,49,1
4BQH,A,236,1
4BQH,A,53,1
4BQH,A,234,1
4BQH,A,397,1
4BQH,A,46,1
4BQH,A,396,1
4BQH,A,256,0
4BQH,A,419,0
4BQH,A,478,0
4BQH,A,105,0
4BQH,A,155,0
4BQH,A,342,0
4BQH,A,291,0
4BQH,A,480,0
4BQH,A,525,0
4BQH,A,315,0
4BQH,A,135,0
4BQH,A,358,0
4BQH,A,253,0
4BQH,A,413,0
4BQH,A,311,0
4BQH,A,153,0
4BQH,A,202,0
4BQH,A,534,0
4BQH,A,73,0
4BQH,A,459,0
4BQH,A,142,0
4BQH,A,462,0
4BQH,A,95,0
4BQH,A,35,0
4BQH,A,481,0
4BQH,A,21,0
4BQH,A,143,0
4BQH,A,188,0
4BQH,A,317,0
4BQH,A,392,0
4BQH,A,110,0
4BQH,A,194,0
4BQH,A,145,0
4BQH,A,302,0
4BQH,A,2,0
4BQH,A,288,0
4BQH,A,345,0
4BQH,A,456,0
4BQH,A,128,0
4BQH,A,91,0
4BQH,A,33,0
4BQH,A,495,0
4BQH,A,290,0
4BQH,A,488,0
4BQH,A,247,0
4BQH,A,151,0
4BQH,A,487,0
4BQH,A,5,0
4BQH,A,330,0
4BQH,A,328,0
4BQH,A,338,0
4BQH,A,454,0
4BQH,A,505,0
4BQH,A,506,0
4BQH,A,537,0
4BQH,A,180,0
4BQH,A,80,0
4BQH,A,344,0
4BQH,A,96,0
4BQH,A,519,0
4BQH,A,82,0
4BQH,A,412,0
4BQH,A,7,0
4BQH,A,429,0
4BQH,A,508,0
4BQH,A,168,0
4BQH,A,148,0
4BQH,A,214,0
4BQH,A,72,0
4BQH,A,350,0
4BQH,A,491,0
4BQH,A,286,0
4BQH,A,24,0
4BQH,A,8,0
4BQH,A,324,0
4BQH,A,113,0
4BQH,A,415,0
4BQH,A,411,0
4BQH,A,388,0
4BQH,A,158,0
4BQH,A,497,0
1JLR,A,104,1
1JLR,D,59,1
1JLR,A,158,1
1JLR,A,103,1
1JLR,A,81,1
1JLR,C,65,1
1JLR,A,78,1
1JLR,A,105,1
1JLR,C,44,1
1JLR,A,124,1
1JLR,C,68,1
1JLR,A,129,1
1JLR,A,126,1
1JLR,D,60,1
1JLR,A,161,1
1JLR,A,101,1
1JLR,A,83,1
1JLR,A,75,1
1JLR,A,128,1
1JLR,A,125,1
1JLR,A,102,1
1JLR,C,64,1
1JLR,A,212,0
1JLR,B,140,0
1JLR,C,132,0
1JLR,A,42,0
1JLR,A,175,0
1JLR,B,185,0
1JLR,D,78,0
1JLR,B,180,0
1JLR,A,226,0
1JLR,C,225,0
1JLR,C,226,0
1JLR,B,73,0
1JLR,C,173,0
1JLR,A,231,0
1JLR,B,113,0
1JLR,D,183,0
1JLR,A,112,0
1JLR,A,37,0
1JLR,C,190,0
1JLR,B,85,0
1JLR,A,145,0
1JLR,C,17,0
1JLR,A,165,0
1JLR,B,34,0
1JLR,D,11,0
1JLR,D,217,0
1JLR,C,96,0
1JLR,C,78,0
1JLR,B,166,0
1JLR,B,96,0
1JLR,B,82,0
1JLR,D,37,0
1JLR,C,87,0
1JLR,B,232,0
1JLR,A,36,0
1JLR,A,147,0
1JLR,B,160,0
1JLR,C,57,0
1JLR,B,37,0
1JLR,A,232,0
1JLR,A,31,0
1JLR,C,147,0
1JLR,B,151,0
1JLR,D,39,0
1JLR,A,20,0
1JLR,B,59,0
1JLR,D,54,0
1JLR,D,222,0
1JLR,C,184,0
1JLR,D,120,0
1JLR,A,35,0
1JLR,B,115,0
1JLR,D,136,0
1JLR,D,235,0
1JLR,B,161,0
1JLR,B,17,0
1JLR,D,24,0
1JLR,C,189,0
1JLR,C,113,0
1JLR,C,117,0
1JLR,C,168,0
1JLR,B,87,0
1JLR,A,148,0
1JLR,B,44,0
1JLR,B,66,0
1JLR,A,172,0
2VD3,A,239,1
2VD3,A,235,1
2VD3,A,238,1
2VD3,A,234,1
2VD3,A,255,1
2VD3,A,240,1
2VD3,A,254,1
2VD3,A,237,1
2VD3,A,256,1
2VD3,A,216,1
2VD3,A,236,1
2VD3,B,65,0
2VD3,A,168,0
2VD3,B,101,0
2VD3,B,181,0
2VD3,A,34,0
2VD3,A,207,0
2VD3,A,176,0
2VD3,A,283,0
2VD3,B,148,0
2VD3,A,141,0
2VD3,B,125,0
2VD3,B,28,0
2VD3,B,62,0
2VD3,B,172,0
2VD3,B,98,0
2VD3,B,49,0
2VD3,B,1,0
2VD3,A,190,0
2VD3,A,167,0
2VD3,B,196,0
2VD3,B,17,0
2VD3,B,68,0
2VD3,B,221,0
2VD3,B,204,0
2VD3,B,244,0
2VD3,B,163,0
2VD3,B,169,0
2VD3,B,88,0
2VD3,A,60,0
2VD3,A,89,0
2VD3,A,187,0
2VD3,B,212,0
2VD3,B,137,0
1LVW,A,249,1
1LVW,A,113,1
1LVW,A,248,1
1LVW,A,117,1
1LVW,A,40,1
1LVW,C,216,1
1LVW,A,219,1
1LVW,A,111,1
1LVW,A,253,1
1LVW,A,115,1
1LVW,A,247,1
1LVW,A,250,1
1LVW,A,114,1
1LVW,A,257,1
1LVW,A,43,1
1LVW,A,120,1
1LVW,C,218,1
1LVW,A,112,1
1LVW,A,39,1
1LVW,A,254,1
1LVW,C,217,1
1LVW,A,118,1
1LVW,A,116,1
1LVW,B,269,0
1LVW,C,242,0
1LVW,C,60,0
1LVW,B,70,0
1LVW,B,289,0
1LVW,B,256,0
1LVW,C,272,0
1LVW,D,261,0
1LVW,D,150,0
1LVW,A,29,0
1LVW,B,282,0
1LVW,A,271,0
1LVW,C,59,0
1LVW,D,241,0
1LVW,A,90,0
1LVW,D,12,0
1LVW,A,69,0
1LVW,D,167,0
1LVW,D,84,0
1LVW,A,97,0
1LVW,C,139,0
1LVW,C,252,0
1LVW,A,86,0
1LVW,C,258,0
1LVW,D,82,0
1LVW,B,99,0
1LVW,A,234,0
1LVW,D,240,0
1LVW,C,150,0
1LVW,B,200,0
1LVW,C,227,0
1LVW,B,114,0
1LVW,C,4,0
1LVW,C,122,0
1LVW,C,14,0
1LVW,A,57,0
1LVW,C,255,0
1LVW,B,270,0
1LVW,D,137,0
1LVW,C,83,0
1LVW,D,139,0
1LVW,D,146,0
1LVW,D,271,0
1LVW,B,14,0
1LVW,C,193,0
1LVW,D,42,0
1LVW,D,147,0
1LVW,C,78,0
1LVW,B,262,0
1LVW,A,178,0
1LVW,A,208,0
1LVW,A,92,0
1LVW,B,154,0
1LVW,D,231,0
1LVW,A,202,0
1LVW,B,277,0
1LVW,A,140,0
1LVW,C,233,0
1LVW,D,46,0
1LVW,D,144,0
1LVW,B,123,0
1LVW,C,52,0
1LVW,C,84,0
1LVW,B,177,0
1LVW,C,282,0
1LVW,B,176,0
1LVW,C,16,0
1LVW,B,25,0
1LVW,B,255,0
4MBS,A,248,1
4MBS,A,86,1
4MBS,A,283,1
4MBS,A,180,1
4MBS,A,287,1
4MBS,A,109,1
4MBS,A,179,1
4MBS,A,89,1
4MBS,A,198,1
4MBS,A,79,1
4MBS,A,33,1
4MBS,A,105,1
4MBS,A,37,1
4MBS,A,178,1
4MBS,A,284,1
4MBS,A,255,1
4MBS,A,194,1
4MBS,A,82,1
4MBS,A,112,1
4MBS,A,280,1
4MBS,A,191,1
4MBS,A,259,1
4MBS,A,190,1
4MBS,A,83,1
4MBS,A,251,1
4MBS,A,108,1
4MBS,A,279,1
4MBS,A,167,1
4MBS,A,195,1
4MBS,A,182,1
4MBS,A,258,1
4MBS,A,90,1
4MBS,B,216,0
4MBS,A,54,0
4MBS,B,255,0
4MBS,B,1053,0
4MBS,B,41,0
4MBS,B,265,0
4MBS,B,86,0
4MBS,B,143,0
4MBS,A,1014,0
4MBS,B,42,0
4MBS,B,247,0
4MBS,A,232,0
4MBS,A,302,0
4MBS,B,313,0
4MBS,A,294,0
4MBS,B,73,0
4MBS,B,244,0
4MBS,A,1030,0
4MBS,A,125,0
4MBS,B,1048,0
4MBS,B,272,0
4MBS,A,308,0
4MBS,B,27,0
4MBS,A,64,0
4MBS,A,234,0
4MBS,B,1017,0
4MBS,B,238,0
4MBS,B,47,0
4MBS,A,1038,0
4MBS,A,1047,0
4MBS,B,151,0
4MBS,A,214,0
4MBS,A,25,0
4MBS,A,223,0
4MBS,A,20,0
4MBS,B,215,0
4MBS,A,1054,0
4MBS,A,61,0
4MBS,A,1036,0
4MBS,B,184,0
4MBS,A,1011,0
4MBS,B,159,0
4MBS,A,239,0
4MBS,A,240,0
4MBS,B,237,0
4MBS,B,139,0
4MBS,B,241,0
4MBS,B,30,0
4MBS,B,1027,0
4MBS,B,264,0
4MBS,B,270,0
4MBS,B,37,0
4MBS,B,308,0
4MBS,A,50,0
4MBS,B,281,0
4MBS,B,203,0
4MBS,A,1032,0
4MBS,A,213,0
4MBS,A,270,0
4MBS,A,1012,0
4MBS,A,136,0
4MBS,A,1008,0
4MBS,B,254,0
4MBS,B,207,0
4MBS,B,1001,0
4MBS,A,57,0
4MBS,B,93,0
4MBS,B,1049,0
4MBS,B,200,0
4MBS,A,1009,0
4MBS,A,1051,0
4MBS,B,278,0
4MBS,B,150,0
4MBS,B,29,0
4MBS,B,127,0
4MBS,B,279,0
4MBS,A,292,0
4MBS,B,302,0
4MBS,B,1033,0
4MBS,A,1017,0
4MBS,A,133,0
4MBS,B,1029,0
4MBS,A,1035,0
4MBS,A,22,0
4MBS,B,74,0
4MBS,B,1006,0
4MBS,B,1005,0
4MBS,A,1007,0
4MBS,B,142,0
4MBS,B,206,0
4MBS,A,221,0
4MBS,A,149,0
4MBS,B,83,0
4MBS,B,105,0
4MBS,B,223,0
4MBS,A,298,0
1I7S,A,41,1
1I7S,A,455,1
1I7S,A,40,1
1I7S,A,292,1
1I7S,A,463,1
1I7S,A,42,1
1I7S,A,50,1
1I7S,A,141,1
1I7S,A,51,1
1I7S,A,465,1
1I7S,A,464,1
1I7S,A,454,1
1I7S,A,453,1
1I7S,A,291,1
1I7S,A,49,1
1I7S,A,293,1
1I7S,A,39,1
1I7S,A,38,1
1I7S,A,294,1
1I7S,A,52,1
1I7S,A,503,0
1I7S,A,471,0
1I7S,D,57,0
1I7S,C,352,0
1I7S,C,418,0
1I7S,A,180,0
1I7S,A,341,0
1I7S,C,221,0
1I7S,B,134,0
1I7S,A,484,0
1I7S,C,112,0
1I7S,A,159,0
1I7S,D,51,0
1I7S,A,334,0
1I7S,C,439,0
1I7S,A,498,0
1I7S,C,483,0
1I7S,C,242,0
1I7S,A,328,0
1I7S,C,339,0
1I7S,B,21,0
1I7S,A,344,0
1I7S,A,79,0
1I7S,D,92,0
1I7S,C,102,0
1I7S,D,23,0
1I7S,D,162,0
1I7S,A,13,0
1I7S,A,28,0
1I7S,C,401,0
1I7S,C,422,0
1I7S,C,103,0
1I7S,A,56,0
1I7S,C,266,0
1I7S,B,123,0
1I7S,C,174,0
1I7S,A,250,0
1I7S,D,85,0
1I7S,C,382,0
1I7S,A,408,0
1I7S,A,445,0
1I7S,B,173,0
1I7S,C,271,0
1I7S,C,506,0
1I7S,D,80,0
1I7S,D,138,0
1I7S,A,197,0
1I7S,C,220,0
1I7S,C,397,0
1I7S,A,72,0
1I7S,C,194,0
1I7S,B,178,0
1I7S,C,42,0
1I7S,A,216,0
1I7S,C,20,0
1I7S,C,264,0
1I7S,C,223,0
1I7S,A,199,0
1I7S,A,111,0
1I7S,C,161,0
2BE9,B,22,1
2BE9,B,16,1
2BE9,B,60,1
2BE9,B,93,1
2BE9,B,13,1
2BE9,B,98,1
2BE9,B,90,1
2BE9,B,94,1
2BE9,B,56,1
2BE9,B,88,1
2BE9,B,95,1
2BE9,B,14,1
2BE9,B,15,1
2BE9,B,62,1
2BE9,B,64,1
2BE9,B,20,1
2BE9,B,86,1
2BE9,B,23,1
2BE9,B,42,0
2BE9,B,116,0
2BE9,A,177,0
2BE9,B,127,0
2BE9,A,4,0
2BE9,B,147,0
2BE9,A,81,0
2BE9,A,196,0
2BE9,B,119,0
2BE9,A,143,0
2BE9,A,227,0
2BE9,A,52,0
2BE9,A,248,0
2BE9,A,127,0
2BE9,A,151,0
2BE9,B,126,0
2BE9,A,259,0
2BE9,A,2,0
2BE9,A,213,0
2BE9,A,243,0
2BE9,A,69,0
2BE9,A,235,0
2BE9,A,34,0
2BE9,A,206,0
2BE9,B,107,0
2BE9,A,136,0
2BE9,A,118,0
2BE9,A,188,0
2BE9,A,153,0
2BE9,A,165,0
2BE9,B,158,0
2BE9,A,214,0
2BE9,A,103,0
2BE9,A,282,0
2BE9,A,269,0
2BE9,A,197,0
2BE9,A,86,0
2BE9,B,160,0
2BE9,A,54,0
2BE9,A,271,0
2BE9,A,19,0
2BE9,B,118,0
2BE9,A,225,0
2BE9,A,110,0
2BE9,A,46,0
2BE9,A,210,0
2BE9,A,55,0
2BE9,A,205,0
2BE9,B,152,0
2BE9,A,160,0
2BE9,B,103,0
2BE9,A,48,0
2BE9,B,132,0
2BE9,A,242,0
3MWB,B,207,1
3MWB,A,226,1
3MWB,B,209,1
3MWB,A,229,1
3MWB,A,246,1
3MWB,B,212,1
3MWB,B,242,1
3MWB,B,205,1
3MWB,B,213,1
3MWB,A,228,1
3MWB,A,227,1
3MWB,B,208,1
3MWB,B,232,1
3MWB,A,221,1
3MWB,B,210,1
3MWB,A,230,1
3MWB,B,211,1
3MWB,A,225,1
3MWB,B,244,1
3MWB,A,217,1
3MWB,B,121,0
3MWB,A,9,0
3MWB,B,126,0
3MWB,A,261,0
3MWB,A,92,0
3MWB,B,224,0
3MWB,A,108,0
3MWB,B,173,0
3MWB,B,12,0
3MWB,B,297,0
3MWB,A,282,0
3MWB,A,241,0
3MWB,B,57,0
3MWB,A,273,0
3MWB,B,158,0
3MWB,A,65,0
3MWB,B,153,0
3MWB,A,84,0
3MWB,B,266,0
3MWB,B,96,0
3MWB,A,86,0
3MWB,A,138,0
3MWB,B,52,0
3MWB,A,26,0
3MWB,A,52,0
3MWB,B,50,0
3MWB,A,85,0
3MWB,A,279,0
3MWB,A,191,0
3MWB,B,193,0
3MWB,B,105,0
3MWB,B,69,0
3MWB,B,104,0
3MWB,B,185,0
3MWB,A,175,0
3MWB,B,134,0
3MWB,B,196,0
3MWB,A,50,0
3MWB,A,24,0
3MWB,A,16,0
3MWB,A,58,0
3MWB,B,163,0
3MWB,B,278,0
3MWB,B,130,0
3MWB,B,118,0
3MWB,B,140,0
3MWB,B,222,0
3MWB,B,137,0
3MWB,A,61,0
3MWB,B,164,0
3MWB,A,233,0
3MWB,A,128,0
3MWB,A,22,0
3MWB,B,280,0
3MWB,A,34,0
3MWB,B,148,0
3MWB,A,236,0
3MWB,B,306,0
3MWB,A,283,0
3MWB,A,173,0
2QMX,B,207,1
2QMX,A,226,1
2QMX,B,209,1
2QMX,A,223,1
2QMX,B,206,1
2QMX,B,212,1
2QMX,A,219,1
2QMX,B,242,1
2QMX,A,215,1
2QMX,A,228,1
2QMX,A,227,1
2QMX,A,224,1
2QMX,B,208,1
2QMX,B,210,1
2QMX,B,230,1
2QMX,B,204,1
2QMX,B,211,1
2QMX,A,225,1
2QMX,B,240,1
2QMX,B,56,0
2QMX,B,154,0
2QMX,A,57,0
2QMX,A,263,0
2QMX,A,128,0
2QMX,A,59,0
2QMX,B,33,0
2QMX,B,106,0
2QMX,A,81,0
2QMX,A,252,0
2QMX,A,174,0
2QMX,A,183,0
2QMX,B,167,0
2QMX,A,102,0
2QMX,A,71,0
2QMX,B,53,0
2QMX,A,50,0
2QMX,B,143,0
2QMX,B,66,0
2QMX,A,40,0
2QMX,A,25,0
2QMX,B,246,0
2QMX,A,43,0
2QMX,B,61,0
2QMX,A,82,0
2QMX,A,21,0
2QMX,B,94,0
2QMX,A,121,0
2QMX,B,186,0
2QMX,A,31,0
2QMX,B,218,0
2QMX,B,58,0
2QMX,B,177,0
2QMX,B,136,0
2QMX,B,196,0
2QMX,B,75,0
2QMX,A,85,0
2QMX,B,118,0
2QMX,A,265,0
2QMX,B,149,0
2QMX,A,11,0
2QMX,B,184,0
2QMX,A,10,0
2QMX,A,36,0
2QMX,B,63,0
2QMX,A,187,0
2QMX,A,83,0
2QMX,B,135,0
2QMX,B,179,0
2QMX,A,67,0
2QMX,A,137,0
2QMX,A,15,0
2QMX,B,187,0
2QMX,A,112,0
2QMX,A,48,0
2QMX,A,231,0
2QMX,B,67,0
4P2T,A,50,1
4P2T,A,76,1
4P2T,A,109,1
4P2T,A,79,1
4P2T,A,192,1
4P2T,A,80,1
4P2T,A,105,1
4P2T,A,106,1
4P2T,A,193,1
4P2T,A,196,1
4P2T,A,44,1
4P2T,A,194,1
4P2T,A,189,1
4P2T,A,191,1
4P2T,A,83,1
4P2T,A,110,1
4P2T,A,139,1
4P2T,A,52,1
4P2T,A,90,1
4P2T,B,8,0
4P2T,A,29,0
4P2T,B,45,0
4P2T,B,70,0
4P2T,A,176,0
4P2T,B,105,0
4P2T,B,148,0
4P2T,B,47,0
4P2T,B,152,0
4P2T,B,156,0
4P2T,B,86,0
4P2T,A,116,0
4P2T,B,187,0
4P2T,A,179,0
4P2T,B,135,0
4P2T,A,146,0
4P2T,B,34,0
4P2T,B,107,0
4P2T,B,181,0
4P2T,B,96,0
4P2T,B,20,0
4P2T,A,143,0
4P2T,B,169,0
4P2T,A,171,0
4P2T,B,28,0
4P2T,B,110,0
4P2T,B,77,0
4P2T,A,131,0
4P2T,B,186,0
4P2T,A,96,0
4P2T,B,189,0
4P2T,B,155,0
4P2T,A,177,0
4P2T,B,131,0
4P2T,B,153,0
4P2T,B,59,0
4P2T,B,184,0
4P2T,A,127,0
4P2T,B,15,0
4P2T,B,66,0
4P2T,B,76,0
4P2T,B,49,0
4P2T,B,103,0
4P2T,A,170,0
4P2T,B,167,0
4P2T,B,194,0
4P2T,B,130,0
4P2T,B,38,0
4P2T,A,128,0
4P2T,A,118,0
4P2T,B,142,0
4P2T,B,151,0
4P2T,B,81,0
4P2T,B,121,0
4P2T,B,98,0
4P2T,B,5,0
4P2T,B,183,0
3NJQ,A,193,1
3NJQ,A,109,1
3NJQ,A,83,1
3NJQ,A,110,1
3NJQ,A,52,1
3NJQ,A,79,1
3NJQ,A,84,1
3NJQ,A,44,1
3NJQ,A,192,1
3NJQ,A,139,1
3NJQ,A,106,1
3NJQ,A,80,1
3NJQ,A,105,1
3NJQ,A,50,1
3NJQ,A,189,1
3NJQ,A,102,1
3NJQ,A,76,1
3NJQ,A,90,1
3NJQ,A,33,0
3NJQ,B,121,0
3NJQ,B,110,0
3NJQ,B,77,0
3NJQ,B,98,0
3NJQ,B,81,0
3NJQ,A,119,0
3NJQ,B,35,0
3NJQ,A,11,0
3NJQ,A,179,0
3NJQ,B,89,0
3NJQ,B,87,0
3NJQ,A,144,0
3NJQ,B,130,0
3NJQ,A,153,0
3NJQ,B,64,0
3NJQ,B,114,0
3NJQ,B,94,0
3NJQ,B,134,0
3NJQ,B,118,0
3NJQ,A,38,0
3NJQ,B,10,0
3NJQ,A,12,0
3NJQ,B,168,0
3NJQ,B,184,0
3NJQ,B,158,0
3NJQ,B,129,0
3NJQ,A,171,0
3NJQ,A,176,0
3NJQ,B,116,0
3NJQ,B,132,0
3NJQ,A,67,0
3NJQ,B,53,0
3NJQ,A,181,0
3NJQ,B,173,0
3NJQ,A,56,0
3NJQ,A,26,0
3NJQ,B,172,0
3NJQ,B,187,0
3NJQ,B,112,0
3NJQ,B,19,0
3NJQ,A,168,0
3NJQ,B,149,0
3NJQ,A,120,0
3NJQ,A,64,0
3NJQ,B,183,0
3NJQ,A,129,0
3NJQ,A,15,0
3NJQ,B,21,0
3NJQ,B,92,0
3NJQ,A,145,0
3NJQ,A,125,0
3NJQ,A,185,0
3NJQ,B,153,0
1NJJ,A,344,1
1NJJ,A,21,1
1NJJ,A,342,1
1NJJ,A,243,1
1NJJ,A,242,1
1NJJ,A,285,1
1NJJ,A,25,1
1NJJ,A,341,1
1NJJ,A,340,1
1NJJ,A,282,1
1NJJ,A,382,1
1NJJ,A,339,1
1NJJ,A,23,1
1NJJ,A,384,1
1NJJ,A,241,1
1NJJ,A,337,1
1NJJ,A,385,1
1NJJ,A,22,1
1NJJ,A,343,1
1NJJ,A,26,1
1NJJ,B,129,0
1NJJ,A,350,0
1NJJ,B,204,0
1NJJ,B,334,0
1NJJ,B,119,0
1NJJ,B,176,0
1NJJ,A,312,0
1NJJ,B,254,0
1NJJ,B,139,0
1NJJ,B,368,0
1NJJ,B,116,0
1NJJ,A,133,0
1NJJ,B,359,0
1NJJ,B,112,0
1NJJ,B,276,0
1NJJ,B,246,0
1NJJ,B,46,0
1NJJ,B,168,0
1NJJ,A,131,0
1NJJ,A,139,0
1NJJ,B,331,0
1NJJ,A,295,0
1NJJ,A,122,0
1NJJ,B,292,0
1NJJ,B,208,0
1NJJ,B,221,0
1NJJ,A,67,0
1NJJ,A,69,0
1NJJ,A,86,0
1NJJ,A,116,0
1NJJ,B,327,0
1NJJ,B,180,0
1NJJ,A,356,0
1NJJ,B,226,0
1NJJ,B,89,0
1NJJ,A,322,0
1NJJ,B,291,0
1NJJ,B,28,0
1NJJ,B,30,0
1NJJ,B,110,0
1NJJ,B,333,0
1NJJ,B,274,0
1NJJ,B,328,0
1NJJ,A,179,0
1NJJ,A,124,0
1NJJ,A,258,0
1NJJ,B,319,0
1NJJ,A,146,0
1NJJ,B,107,0
1NJJ,A,79,0
1NJJ,B,335,0
1NJJ,B,265,0
1NJJ,A,52,0
1NJJ,B,189,0
1NJJ,B,51,0
1NJJ,B,106,0
1NJJ,A,63,0
1NJJ,B,358,0
1NJJ,A,50,0
1NJJ,A,265,0
2HVW,A,42,1
2HVW,A,18,1
2HVW,A,21,1
2HVW,A,50,1
2HVW,A,45,1
2HVW,A,51,1
2HVW,A,47,1
2HVW,A,69,1
2HVW,A,48,1
2HVW,A,44,1
2HVW,A,23,1
2HVW,A,43,1
2HVW,A,70,1
2HVW,A,49,1
2HVW,B,108,1
2HVW,A,72,1
2HVW,A,53,1
2HVW,A,75,1
2HVW,A,46,1
2HVW,A,9,0
2HVW,B,114,0
2HVW,A,36,0
2HVW,C,27,0
2HVW,A,131,0
2HVW,A,62,0
2HVW,B,115,0
2HVW,B,97,0
2HVW,A,120,0
2HVW,B,123,0
2HVW,C,54,0
2HVW,A,8,0
2HVW,B,117,0
2HVW,B,73,0
2HVW,A,144,0
2HVW,C,36,0
2HVW,C,107,0
2HVW,B,71,0
2HVW,C,23,0
2HVW,B,13,0
2HVW,A,107,0
2HVW,B,98,0
2HVW,B,134,0
2HVW,C,98,0
2HVW,A,5,0
2HVW,B,89,0
2HVW,A,118,0
2HVW,A,143,0
2HVW,C,65,0
2HVW,A,86,0
2HVW,B,53,0
2HVW,B,62,0
2HVW,C,120,0
2HVW,C,52,0
2HVW,C,59,0
2HVW,A,147,0
2HVW,A,99,0
2HVW,C,60,0
2HVW,C,81,0
2HVW,B,19,0
2HVW,B,144,0
2HVW,C,103,0
2HVW,B,54,0
2HVW,B,20,0
2HVW,B,6,0
2HVW,C,115,0
2HVW,B,127,0
2HVW,C,94,0
2HVW,B,43,0
2HVW,B,135,0
2HVW,C,39,0
2HVW,C,113,0
2HVW,C,141,0
2HVW,C,37,0
2HVW,A,111,0
2HVW,C,18,0
2HVW,C,121,0
2VPR,A,113,1
2VPR,A,104,1
2VPR,A,64,1
2VPR,A,86,1
2VPR,A,117,1
2VPR,A,103,1
2VPR,A,60,1
2VPR,A,141,1
2VPR,A,109,1
2VPR,A,79,1
2VPR,A,131,1
2VPR,A,78,1
2VPR,A,105,1
2VPR,A,135,1
2VPR,A,138,1
2VPR,A,134,1
2VPR,A,82,1
2VPR,A,112,1
2VPR,A,100,1
2VPR,A,83,1
2VPR,A,116,1
2VPR,A,67,1
2VPR,A,137,1
2VPR,A,28,0
2VPR,A,10,0
2VPR,A,40,0
2VPR,A,12,0
2VPR,A,205,0
2VPR,A,37,0
2VPR,A,21,0
2VPR,A,20,0
2VPR,A,9,0
2VPR,A,170,0
2VPR,A,153,0
2VPR,A,185,0
2VPR,A,31,0
2VPR,A,18,0
2VPR,A,183,0
2VPR,A,26,0
2VPR,A,167,0
2VPR,A,184,0
2VPR,A,7,0
2VPR,A,157,0
2VPR,A,182,0
2VPR,A,43,0
2VPR,A,166,0
2VPR,A,38,0
2VPR,A,172,0
2VPR,A,2,0
2VPR,A,201,0
2VPR,A,188,0
2VPR,A,47,0
2VPR,A,36,0
2VPR,A,173,0
2VPR,A,195,0
2VPR,A,181,0
2VPR,A,44,0
2VPR,A,19,0
2VPR,A,41,0
2VPR,A,176,0
2VPR,A,14,0
2VPR,A,48,0
2VPR,A,198,0
2VPR,A,15,0
2VPR,A,30,0
2VPR,A,29,0
2VPR,A,33,0
2VPR,A,154,0
2VPR,A,155,0
2VPR,A,180,0
2VPR,A,4,0
2VPR,A,199,0
2VPR,A,16,0
2VPR,A,5,0
2VPR,A,50,0
2VPR,A,94,0
2VPR,A,197,0
2VPR,A,13,0
2VPR,A,51,0
2VPR,A,203,0
2VPR,A,202,0
2VPR,A,124,0
2VPR,A,23,0
2VPR,A,192,0
2VPR,A,6,0
2VPR,A,152,0
2VPR,A,204,0
2VPR,A,27,0
2VPR,A,169,0
2VPR,A,32,0
2VPR,A,22,0
2VPR,A,165,0
3ETL,A,113,1
3ETL,A,158,1
3ETL,A,153,1
3ETL,A,111,1
3ETL,A,109,1
3ETL,A,296,1
3ETL,A,316,1
3ETL,A,107,1
3ETL,A,106,1
3ETL,A,114,1
3ETL,A,257,1
3ETL,A,112,1
3ETL,A,317,1
3ETL,A,161,1
3ETL,A,288,1
3ETL,A,110,1
3ETL,A,108,1
3ETL,A,315,1
3ETL,A,151,1
3ETL,A,210,0
3ETL,A,180,0
3ETL,A,128,0
3ETL,A,135,0
3ETL,A,178,0
3ETL,A,175,0
3ETL,A,71,0
3ETL,A,204,0
3ETL,A,229,0
3ETL,A,146,0
3ETL,A,124,0
3ETL,A,48,0
3ETL,A,200,0
3ETL,A,92,0
3ETL,A,279,0
3ETL,A,203,0
3ETL,A,220,0
3ETL,A,235,0
3ETL,A,249,0
3ETL,A,60,0
3ETL,A,59,0
3ETL,A,188,0
3ETL,A,62,0
3ETL,A,191,0
3ETL,A,94,0
3ETL,A,61,0
3ETL,A,35,0
3ETL,A,6,0
3ETL,A,145,0
3ETL,A,208,0
3ETL,A,41,0
3ETL,A,68,0
3ETL,A,195,0
3ETL,A,90,0
3ETL,A,284,0
3ETL,A,32,0
3ETL,A,281,0
3ETL,A,34,0
3ETL,A,147,0
3ETL,A,127,0
3ETL,A,30,0
3ETL,A,225,0
3ETL,A,57,0
3ETL,A,28,0
3ETL,A,245,0
3ETL,A,194,0
3ETL,A,126,0
3ETL,A,309,0
3ETL,A,174,0
3ETL,A,251,0
3ETL,A,221,0
3ETL,A,187,0
3ETL,A,250,0
3ETL,A,122,0
3ETL,A,222,0
3ETL,A,139,0
3ETL,A,223,0
3HO6,A,211,1
3HO6,A,35,1
3HO6,A,237,1
3HO6,A,60,1
3HO6,A,253,1
3HO6,A,235,1
3HO6,A,206,1
3HO6,A,252,1
3HO6,A,212,1
3HO6,A,107,1
3HO6,A,224,1
3HO6,A,33,1
3HO6,A,105,1
3HO6,A,154,1
3HO6,A,61,1
3HO6,A,37,1
3HO6,A,156,1
3HO6,A,57,1
3HO6,A,152,1
3HO6,A,210,1
3HO6,A,39,1
3HO6,A,234,1
3HO6,A,225,1
3HO6,B,156,0
3HO6,A,22,0
3HO6,A,77,0
3HO6,A,179,0
3HO6,A,145,0
3HO6,B,28,0
3HO6,A,72,0
3HO6,A,15,0
3HO6,A,20,0
3HO6,A,193,0
3HO6,B,19,0
3HO6,B,172,0
3HO6,A,88,0
3HO6,B,127,0
3HO6,A,132,0
3HO6,B,179,0
3HO6,A,187,0
3HO6,A,133,0
3HO6,B,197,0
3HO6,B,232,0
3HO6,B,236,0
3HO6,B,132,0
3HO6,B,24,0
3HO6,B,225,0
3HO6,A,21,0
3HO6,B,261,0
3HO6,B,166,0
3HO6,B,173,0
3HO6,B,80,0
3HO6,B,72,0
3HO6,B,136,0
3HO6,B,188,0
3HO6,B,103,0
3HO6,B,71,0
3HO6,A,79,0
3HO6,B,12,0
3HO6,B,81,0
3HO6,B,171,0
3HO6,B,141,0
3HO6,B,157,0
3HO6,B,181,0
3HO6,B,190,0
3HO6,B,169,0
3HO6,A,242,0
3HO6,A,82,0
3HO6,A,130,0
3HO6,A,244,0
3HO6,B,79,0
3HO6,B,47,0
3HO6,B,202,0
3HO6,A,92,0
3HO6,A,180,0
3HO6,B,99,0
3HO6,A,117,0
3HO6,B,14,0
3HO6,B,241,0
3HO6,A,125,0
3HO6,B,226,0
3HO6,B,42,0
3HO6,B,206,0
3HO6,B,234,0
3HO6,B,22,0
3HO6,A,121,0
3HO6,B,82,0
3HO6,B,170,0
3HO6,A,219,0
3HO6,B,46,0
3HO6,A,168,0
3HO6,B,163,0
3R6S,A,41,1
3R6S,A,86,1
3R6S,A,81,1
3R6S,A,85,1
3R6S,A,92,1
3R6S,A,60,1
3R6S,A,91,1
3R6S,A,96,1
3R6S,A,80,1
3R6S,C,138,1
3R6S,A,84,1
3R6S,A,95,1
3R6S,C,135,1
3R6S,A,130,1
3R6S,C,134,1
3R6S,A,132,1
3R6S,A,93,1
3R6S,A,82,1
3R6S,A,72,1
3R6S,A,94,1
3R6S,A,133,1
3R6S,A,83,1
3R6S,A,75,1
3R6S,A,73,1
3R6S,A,137,1
3R6S,D,77,0
3R6S,C,73,0
3R6S,E,184,0
3R6S,C,62,0
3R6S,D,100,0
3R6S,E,153,0
3R6S,A,147,0
3R6S,D,55,0
3R6S,C,65,0
3R6S,C,149,0
3R6S,C,220,0
3R6S,C,36,0
3R6S,F,106,0
3R6S,B,177,0
3R6S,B,3,0
3R6S,B,181,0
3R6S,E,203,0
3R6S,C,197,0
3R6S,F,111,0
3R6S,E,75,0
3R6S,D,56,0
3R6S,F,217,0
3R6S,E,221,0
3R6S,A,20,0
3R6S,E,179,0
3R6S,B,67,0
3R6S,E,119,0
3R6S,C,92,0
3R6S,A,150,0
3R6S,F,156,0
3R6S,B,62,0
3R6S,E,122,0
3R6S,E,104,0
3R6S,E,69,0
3R6S,D,135,0
3R6S,B,137,0
3R6S,E,110,0
3R6S,F,163,0
3R6S,F,176,0
3R6S,D,124,0
3R6S,E,8,0
3R6S,B,119,0
3R6S,F,215,0
3R6S,B,187,0
3R6S,F,146,0
3R6S,B,12,0
3R6S,A,155,0
3R6S,B,89,0
3R6S,E,72,0
3R6S,D,176,0
3R6S,F,115,0
3R6S,E,127,0
3R6S,C,226,0
3R6S,E,199,0
3R6S,E,137,0
3R6S,F,97,0
3R6S,F,155,0
3R6S,A,19,0
3R6S,C,45,0
3R6S,A,214,0
3R6S,E,47,0
3R6S,F,193,0
3R6S,E,157,0
3R6S,F,159,0
3R6S,A,208,0
3R6S,B,17,0
3R6S,D,23,0
3R6S,A,224,0
3R6S,A,36,0
3R6S,C,97,0
3R6S,A,207,0
3R6S,E,95,0
3R6S,F,30,0
3R6S,D,32,0
3R6S,F,203,0
3HFR,A,243,1
3HFR,A,153,1
3HFR,A,246,1
3HFR,A,156,1
3HFR,A,247,1
3HFR,A,152,1
3HFR,A,154,1
3HFR,A,250,1
3HFR,A,155,1
3HFR,B,101,0
3HFR,A,76,0
3HFR,A,61,0
3HFR,A,145,0
3HFR,A,265,0
3HFR,B,175,0
3HFR,A,171,0
3HFR,B,184,0
3HFR,A,38,0
3HFR,B,34,0
3HFR,A,9,0
3HFR,B,116,0
3HFR,A,88,0
3HFR,A,236,0
3HFR,A,10,0
3HFR,A,4,0
3HFR,B,47,0
3HFR,B,78,0
3HFR,B,145,0
3HFR,B,137,0
3HFR,A,129,0
3HFR,B,171,0
3HFR,A,89,0
3HFR,B,246,0
3HFR,A,125,0
3HFR,B,17,0
3HFR,B,103,0
1QW7,A,94,1
1QW7,A,350,1
1QW7,A,333,1
1QW7,A,51,1
1QW7,A,329,1
1QW7,A,96,1
1QW7,A,343,1
1QW7,A,347,1
1QW7,A,351,1
1QW7,A,93,1
1QW7,A,346,1
1QW7,B,138,0
1QW7,B,276,0
1QW7,A,58,0
1QW7,A,315,0
1QW7,B,82,0
1QW7,B,341,0
1QW7,B,154,0
1QW7,A,304,0
1QW7,B,93,0
1QW7,A,145,0
1QW7,B,256,0
1QW7,B,145,0
1QW7,A,237,0
1QW7,A,115,0
1QW7,B,135,0
1QW7,B,299,0
1QW7,B,99,0
1QW7,B,364,0
1QW7,B,39,0
1QW7,A,147,0
1QW7,A,114,0
1QW7,A,271,0
1QW7,B,289,0
1QW7,A,137,0
1QW7,B,32,0
1QW7,B,219,0
1QW7,A,142,0
1QW7,B,274,0
1QW7,B,310,0
1QW7,B,156,0
1QW7,B,197,0
1QW7,A,225,0
1QW7,B,57,0
1MP3,A,12,1
1MP3,A,56,1
1MP3,A,86,1
1MP3,A,85,1
1MP3,A,27,1
1MP3,A,111,1
1MP3,A,109,1
1MP3,A,91,1
1MP3,A,10,1
1MP3,A,89,1
1MP3,A,14,1
1MP3,A,15,1
1MP3,A,228,1
1MP3,A,13,1
1MP3,A,197,1
1MP3,A,11,1
1MP3,A,9,1
1MP3,A,163,1
1MP3,A,112,1
1MP3,A,83,1
1MP3,A,110,1
1MP3,A,17,1
1MP3,A,87,1
1MP3,A,16,1
1MP3,A,88,1
1MP3,A,26,1
1MP3,A,55,1
1MP3,A,195,1
1MP3,B,187,0
1MP3,A,72,0
1MP3,B,82,0
1MP3,B,15,0
1MP3,A,284,0
1MP3,B,220,0
1MP3,A,241,0
1MP3,B,12,0
1MP3,B,89,0
1MP3,A,185,0
1MP3,B,106,0
1MP3,B,155,0
1MP3,B,198,0
1MP3,A,156,0
1MP3,A,139,0
1MP3,B,276,0
1MP3,A,251,0
1MP3,A,281,0
1MP3,A,154,0
1MP3,B,43,0
1MP3,B,215,0
1MP3,A,264,0
1MP3,B,183,0
1MP3,B,127,0
1MP3,B,63,0
1MP3,A,115,0
1MP3,B,288,0
1MP3,A,270,0
1MP3,B,57,0
1MP3,B,31,0
1MP3,B,38,0
1MP3,B,97,0
1MP3,B,118,0
1MP3,B,56,0
1MP3,B,140,0
1MP3,A,204,0
1MP3,A,239,0
1MP3,A,150,0
1MP3,B,138,0
1MP3,B,235,0
1MP3,A,158,0
1MP3,B,25,0
1MP3,A,268,0
1MP3,A,75,0
1MP3,B,112,0
1MP3,B,121,0
1MP3,B,76,0
1MP3,B,208,0
1MP3,A,141,0
1MP3,B,222,0
1MP3,B,67,0
1MP3,B,137,0
1MP3,B,148,0
1MP3,B,273,0
1MP3,B,22,0
1MP3,B,274,0
1MP3,B,277,0
1MP3,A,122,0
1MP3,B,78,0
1MP3,B,95,0
1MP3,B,61,0
1MP3,A,240,0
1MP3,B,152,0
1MP3,B,275,0
1MP3,A,269,0
1MP3,B,149,0
1MP3,A,100,0
1MP3,B,253,0
1MP3,B,143,0
1MP3,B,85,0
1MP3,B,284,0
1MP3,B,217,0
1MP3,B,233,0
1MP3,B,163,0
1MP3,B,114,0
1MP3,B,83,0
1MP3,B,147,0
1MP3,A,2,0
1MP3,B,24,0
1MP3,B,227,0
1MP3,B,46,0
1MP3,B,191,0
1MP3,B,243,0
1MP3,B,162,0
2PTM,A,614,1
2PTM,A,612,1
2PTM,A,621,1
2PTM,A,592,1
2PTM,A,620,1
2PTM,A,594,1
2PTM,A,600,1
2PTM,A,619,1
2PTM,A,608,1
2PTM,A,611,1
2PTM,A,601,1
2PTM,A,658,1
2PTM,A,662,1
2PTM,A,623,1
2PTM,A,610,1
2PTM,A,609,1
2PTM,A,622,1
2PTM,A,603,1
2PTM,A,661,1
2PTM,A,613,1
2PTM,A,573,1
2PTM,A,624,1
2PTM,A,564,0
2PTM,A,508,0
2PTM,A,546,0
2PTM,A,630,0
2PTM,A,488,0
2PTM,A,493,0
2PTM,A,509,0
2PTM,A,631,0
2PTM,A,651,0
2PTM,A,567,0
2PTM,A,499,0
2PTM,A,500,0
2PTM,A,527,0
2PTM,A,502,0
2PTM,A,525,0
2PTM,A,513,0
2PTM,A,538,0
2PTM,A,539,0
2PTM,A,526,0
2PTM,A,521,0
2PTM,A,628,0
2PTM,A,476,0
2PTM,A,549,0
2PTM,A,498,0
2PTM,A,519,0
2PTM,A,536,0
2PTM,A,511,0
2PTM,A,648,0
2PTM,A,481,0
2PTM,A,544,0
2PTM,A,551,0
2PTM,A,474,0
2PTM,A,561,0
2PTM,A,478,0
2PTM,A,532,0
2PTM,A,554,0
2PTM,A,556,0
2PTM,A,487,0
2PTM,A,547,0
2PTM,A,497,0
2PTM,A,477,0
2PTM,A,484,0
2PTM,A,482,0
2PTM,A,587,0
2PTM,A,562,0
2PTM,A,524,0
2PTM,A,646,0
2PTM,A,548,0
2PTM,A,503,0
2PTM,A,505,0
2PTM,A,473,0
2PTM,A,555,0
2PTM,A,541,0
2PTM,A,550,0
2PTM,A,479,0
2PTM,A,558,0
2PTM,A,512,0
2PTM,A,531,0
2PTM,A,560,0
2PTM,A,514,0
2PTM,A,494,0
2PTM,A,629,0
2PTM,A,483,0
2PTM,A,639,0
2PTM,A,475,0
2PTM,A,649,0
