chain_id,res_num,res_name,sasa,depth,secondary_structure,ca_x,ca_y,ca_z
A,57,GLN,161.8000641370675,0.3493554568096081,C,1.828,-4.934,44.511
A,58,GLN,93.70150691071697,0.6231993201898383,C,5.593,-5.099,44.776
A,59,GLN,33.63445643600997,0.8647461874630288,C,8.566,-4.475,42.487
A,60,GLN,0.0,1.0,C,6.478,-1.998,40.43
A,61,LEU,41.84978405700034,0.8317099948284542,C,4.437,-4.782,38.782
A,62,PRO,54.950225422469785,0.7790293563300196,C,1.516,-2.489,37.984
A,63,ALA,0.0,1.0,C,3.935,-0.023,36.36
A,64,ALA,4.46940563818544,0.9820272358648372,C,5.483,-3.185,34.746
A,65,MET,103.04645071897333,0.5856206163265814,C,2.111,-3.883,33.06
A,66,ALA,4.247433267653399,0.9829198505395963,C,1.444,-0.415,31.54
A,67,ASP,52.20271415134629,0.7900778885135187,C,0.722,-0.334,27.848
A,68,THR,26.200882730938872,0.894638723003131,C,3.086,2.597,27.156
A,69,PHE,76.82073683970047,0.6910817465049113,C,6.129,4.196,28.587
A,70,LEU,12.742299802960197,0.9487595516187889,C,4.169,7.168,29.872
A,71,GLU,71.24956209153049,0.7134850407705189,C,1.485,5.091,31.632
A,72,HIS,2.1871768054292144,0.9912047336876235,C,4.328,3.167,33.058
A,73,LEU,12.117751183426547,0.9512710410512801,C,5.793,6.216,34.739
A,74,CYS,15.021387043062836,0.9395946870426449,C,2.333,7.334,35.773
A,75,LEU,74.4853522592455,0.7004729988608855,C,2.185,4.007,37.591
A,76,LEU,4.46940563818544,0.9820272358648372,C,5.449,4.001,39.675
A,77,ASP,42.426379406269604,0.829391339272711,C,4.623,3.593,43.385
A,78,ILE,2.77043233112408,0.9888592956489987,C,6.701,4.776,46.306
A,79,ASP,71.29093058359295,0.713318686178733,C,5.005,2.274,48.549
A,80,SER,1.6989733070613597,0.9931679402158385,C,5.739,-0.562,46.132
A,81,GLU,94.25099659857105,0.620989664286125,C,8.681,-2.135,48.092
A,82,PRO,6.1683789452468,0.9751951760806757,C,11.224,-3.846,45.813
A,83,VAL,83.2879943436392,0.6650750460330241,C,11.728,-7.511,46.331
A,84,ALA,44.62004045893582,0.8205699979392649,C,14.583,-8.791,44.307
A,85,ALA,22.996671852577723,0.907523775517516,C,18.318,-9.045,44.677
A,86,ARG,23.30427147247601,0.906286829072274,C,19.773,-5.863,43.463
A,87,SER,27.84949002457788,0.8880091994291389,C,21.449,-6.703,40.107
A,88,THR,1.0714590240627204,0.9956913554331601,C,23.681,-3.707,39.281
A,89,SER,3.8418913551868004,0.9845506510821589,C,27.166,-4.477,40.575
A,90,ILE,0.0,1.0,C,28.991,-2.214,42.922
A,91,ILE,0.0,1.0,C,32.684,-1.45,42.365
A,92,ALA,0.0,1.0,C,34.305,0.241,45.371
A,93,THR,3.756088176631956,0.9848956903144537,C,37.772,1.746,45.146
A,94,ILE,3.214377072188161,0.9870740662994805,C,40.142,0.692,47.911
A,95,GLY,3.3979466141227195,0.9863358804316771,C,41.942,3.503,49.679
A,96,PRO,106.25057363274016,0.5727359175431024,C,42.934,4.399,53.272
A,97,ALA,22.039252641840314,0.9113738332312399,C,39.337,4.753,54.247
A,98,SER,0.0,1.0,C,38.748,1.172,53.262
A,99,ARG,50.24349130886155,0.7979564864495291,C,41.958,-0.819,53.365
A,100,SER,55.685672262675155,0.7760719132910547,C,41.551,-2.468,56.78
A,101,VAL,30.448315998592268,0.8775585735427273,C,40.078,-5.934,56.775
A,102,GLU,108.94068172289727,0.5619182200422517,C,37.422,-5.048,59.285
A,103,ARG,93.17743899061574,0.6253067478617219,C,36.144,-2.237,57.163
A,104,LEU,0.0,1.0,C,36.447,-4.54,54.168
A,105,LYS,66.50406072457696,0.7325680651535945,C,34.324,-7.103,55.932
A,106,GLU,79.33285485647579,0.6809797982258272,C,31.634,-4.368,56.462
A,107,MET,0.0,1.0,C,31.691,-3.108,52.841
A,108,ILE,0.0,1.0,C,31.09,-6.621,51.505
A,109,LYS,137.2034671106108,0.4482654400761148,C,28.21,-7.197,53.771
A,110,ALA,15.687304154658955,0.9369168430183676,C,26.927,-3.903,52.483
A,111,GLY,8.494866535306798,0.9658397010791926,C,26.993,-5.161,48.891
A,112,MET,0.0,1.0,C,30.46,-4.455,47.506
A,113,ASN,16.720360350124196,0.9327626272584834,C,31.237,-6.79,44.6
A,114,ILE,0.0,1.0,C,34.291,-5.585,42.929
A,115,ALA,0.0,1.0,C,37.179,-3.899,44.57
A,116,ARG,17.477936568981452,0.92971619563017,C,39.094,-1.392,42.477
A,117,LEU,0.0,1.0,C,42.876,-0.759,42.68
A,118,ASN,36.749898472351276,0.8522180999657689,C,43.751,2.707,41.426
A,119,PHE,7.056268427374962,0.9716247173816394,C,47.241,2.469,40.09
A,120,SER,9.915469600518875,0.9601270480135129,C,47.277,6.193,39.698
A,121,HIS,95.54808480701459,0.6157736999454345,C,48.462,6.147,43.299
A,122,GLY,49.93011115848067,0.7992166780685929,C,50.674,4.152,45.542
A,123,SER,64.1301727845596,0.7421141505804167,C,53.416,1.63,45.241
A,124,HIS,47.14933670434096,0.8103989710675407,C,53.02,-2.014,44.206
A,125,GLU,124.89735859804563,0.497751837960521,C,53.835,-3.043,47.763
A,126,TYR,66.92874121948923,0.7308603028724869,C,50.856,-0.895,48.757
A,127,HIS,1.6989733070613597,0.9931679402158385,C,48.489,-2.606,46.364
A,128,ALA,24.948819828406577,0.8996736276529439,C,49.743,-6.036,47.187
A,129,GLU,93.27981721201093,0.6248950556201422,C,48.401,-5.34,50.658
A,130,SER,0.0,1.0,C,45.099,-4.343,49.336
A,131,ILE,1.2076282160399163,0.9951437799906959,C,44.513,-7.532,47.426
A,132,ALA,51.45451244496734,0.7930866225338513,C,45.809,-9.481,50.336
A,133,ASN,37.04867650007828,0.8510166276770987,C,43.256,-7.734,52.464
A,134,VAL,0.0,1.0,C,40.28,-8.021,50.193
A,135,ARG,97.29481032241051,0.6087496148123099,C,40.915,-11.716,49.852
A,136,GLU,101.8424918831528,0.5904620807038072,C,41.076,-12.093,53.609
A,137,ALA,0.0,1.0,C,37.878,-10.167,54.333
A,138,VAL,6.795893228245439,0.972671760863354,C,36.399,-12.286,51.61
A,139,GLU,86.24747515428571,0.6531741234320751,C,37.366,-15.69,52.931
A,140,SER,56.51850847514181,0.7727228396061783,C,36.165,-14.619,56.301
A,141,PHE,41.316969942951516,0.83385259345899,C,32.8,-15.834,55.114
A,142,ALA,47.64499206048313,0.8084057984782901,C,34.057,-19.089,53.565
A,143,GLY,71.07067980583508,0.7142043778343321,C,32.148,-20.158,56.715
A,144,SER,56.219730447414804,0.7739243118948486,C,29.053,-21.273,54.763
A,145,PRO,64.29457861130726,0.7414530275171314,C,29.252,-22.162,51.063
A,146,LEU,39.168120567896096,0.8424937341623304,C,25.616,-21.01,50.805
A,147,SER,39.78070600260487,0.840030352133053,C,26.449,-17.406,51.827
A,148,TYR,8.349699821969722,0.9664234581400405,C,30.013,-17.002,50.446
A,149,ARG,78.49538165325244,0.6843475185827479,C,30.167,-13.908,48.241
A,150,PRO,0.0,1.0,C,33.125,-13.903,45.799
A,151,VAL,4.063863725718841,0.9836580364073998,C,34.538,-10.483,45.008
A,152,ALA,0.0,1.0,C,36.326,-9.303,41.962
A,153,ILE,0.8494866535306799,0.9965839701079192,C,39.603,-7.522,42.04
A,154,ALA,0.0,1.0,C,40.036,-4.963,39.342
A,155,LEU,0.0,1.0,C,43.158,-3.104,38.504
A,156,ASP,1.0714590240627204,0.9956913554331601,C,42.551,0.399,37.252
A,157,THR,1.9209456775934002,0.9922753255410794,C,45.482,1.217,35.029
A,158,LYS,51.457402710208655,0.7930749999469404,C,47.162,4.578,35.61
A,159,GLY,3.214377072188161,0.9870740662994805,C,47.589,5.575,32.042
A,160,PRO,12.15318834855904,0.9511285380291549,C,48.942,8.748,30.442
A,161,GLU,32.69447934768529,0.8685261053913946,C,48.031,11.275,33.19
A,162,ILE,8.494866535306798,0.9658397010791926,C,49.29,14.816,33.551
A,163,ARG,29.370749718410966,0.8818917771410397,C,49.595,15.656,37.265
A,164,THR,0.8494866535306799,0.9965839701079192,C,51.273,18.765,38.575
A,165,GLY,8.263896643414878,0.9667684973723353,C,54.262,19.512,40.83
A,166,ILE,51.685482336859266,0.7921578262407086,C,54.428,19.098,44.621
A,167,LEU,3.61991898465476,0.985443265756918,C,53.878,22.545,46.088
A,168,GLN,102.49657147363018,0.5878318387528783,C,56.449,24.779,47.918
A,169,GLY,82.46918220077816,0.6683677249048894,C,57.814,22.629,50.767
A,170,GLY,0.8494866535306799,0.9965839701079192,C,54.283,21.346,50.7
A,171,PRO,97.35016518496676,0.6085270170064725,C,53.222,17.736,50.048
A,172,GLU,170.61492073369834,0.31390838591880144,C,50.618,18.863,52.527
A,173,SER,46.87537725857732,0.8115006407077368,C,50.745,22.616,51.57
A,174,GLU,130.23314009186745,0.47629512759932835,C,48.024,24.54,49.702
A,175,VAL,28.391201129021674,0.8858308234441121,C,48.689,27.711,47.735
A,176,GLU,92.28085358002245,0.6289121753874641,C,45.588,29.571,46.645
A,177,LEU,0.0,1.0,C,45.013,30.512,43.002
A,178,VAL,91.79482406377086,0.6308666397090028,C,43.449,33.969,42.508
A,179,LYS,153.38077175463545,0.38321185034918814,C,41.08,34.855,39.627
A,180,GLY,47.976241589877645,0.8070737489523249,C,42.713,37.524,37.351
A,181,SER,20.387679684736316,0.9180152825900622,C,46.239,36.426,38.279
A,182,GLN,102.75306366423989,0.5868004099640134,C,49.166,35.817,35.984
A,183,VAL,0.0,1.0,C,50.272,32.208,36.341
A,184,LEU,43.415553835549495,0.8254135847019266,C,53.366,30.549,34.899
A,185,VAL,0.0,1.0,C,53.104,26.976,33.825
A,186,THR,7.645379881776119,0.9692557309712733,C,56.693,25.612,33.477
A,187,VAL,46.89030610686718,0.8114406075196925,C,58.464,22.438,32.393
A,188,ASP,55.100318153087684,0.7784257903384366,C,61.634,22.998,34.268
A,189,PRO,118.25015066690928,0.5244821708000797,C,63.066,20.247,36.38
A,190,ALA,39.65649999545255,0.8405298201723034,C,63.598,23.198,38.783
A,191,PHE,60.72195944564494,0.7558195555987669,C,60.004,24.156,39.52
A,192,ARG,147.8144476255226,0.40559563888198,C,59.186,20.4,39.981
A,193,THR,72.91365115376638,0.7067932605570737,C,58.856,21.442,43.632
A,194,ARG,118.30075544137331,0.5242786744631653,C,59.02,25.111,43.387
A,195,GLY,5.455061483693315,0.9780636305302921,C,55.321,25.583,43.253
A,196,ASN,42.823049461082455,0.8277962150186664,C,53.934,28.965,44.27
A,197,ALA,31.164599123610742,0.8746781933082804,C,50.63,30.792,43.445
A,198,ASN,99.88912496937436,0.5983171302680765,C,52.16,32.468,40.402
A,199,THR,10.859756953964279,0.9563297972707538,C,53.92,29.284,39.194
A,200,VAL,3.3979466141227195,0.9863358804316771,C,53.013,25.674,38.621
A,201,TRP,33.97946614122719,0.8633588043167703,C,54.916,22.735,37.139
A,202,VAL,1.9209456775934002,0.9922753255410794,C,53.427,19.927,35.08
A,203,ASP,44.67606133913464,0.8203447218851392,C,54.916,16.379,34.474
A,204,TYR,2.0571148695705963,0.9917277500986151,C,54.074,16.807,30.746
A,205,PRO,75.0685323867167,0.69812786402018,C,56.807,18.782,29.039
A,206,ASN,78.58063191150026,0.6840047028018621,C,55.596,18.999,25.489
A,207,ILE,0.0,1.0,C,52.611,21.183,26.726
A,208,VAL,32.23605814767346,0.8703695487414407,C,54.278,24.388,25.681
A,209,ARG,157.82250624472806,0.36535035985045083,C,54.445,23.362,21.984
A,210,VAL,21.056562459797426,0.9153255127809545,C,50.782,22.171,22.344
A,211,VAL,4.35833148832512,0.9824738969331227,C,48.837,25.011,23.975
A,212,PRO,93.04392130283816,0.6258436608440202,C,48.208,28.051,21.77
A,213,VAL,96.46227570283861,0.6120974757055087,C,47.51,31.64,22.75
A,214,GLY,52.33340440573563,0.7895523454531985,C,43.942,31.75,24.049
A,215,GLY,22.311591025794705,0.9102786823463113,C,43.657,28.032,24.938
A,216,ARG,107.50781387996557,0.5676801933028229,C,42.325,26.9,28.377
A,217,ILE,0.8494866535306799,0.9965839701079192,C,44.339,24.735,30.837
A,218,TYR,17.694053010807202,0.9288471293271523,C,42.614,22.938,33.607
A,219,ILE,0.8494866535306799,0.9965839701079192,C,44.094,22.175,36.92
A,220,ASP,19.286262433128968,0.922444397796883,C,42.866,19.685,39.499
A,221,ASP,53.37490520225372,0.7853641715263397,C,39.375,18.22,38.677
A,222,GLY,1.6989733070613597,0.9931679402158385,C,38.504,21.033,36.212
A,223,LEU,22.66973258830394,0.9088384922290879,C,37.811,23.205,39.374
A,224,ILE,0.8494866535306799,0.9965839701079192,C,40.844,25.373,38.801
A,225,SER,2.5484599605920395,0.9897519103237578,C,40.92,27.124,35.397
A,226,LEU,0.0,1.0,C,43.641,28.867,33.203
A,227,VAL,23.785626298859036,0.9043511630217392,C,43.942,30.317,29.675
A,228,VAL,0.0,1.0,C,47.334,30.41,27.789
A,229,GLN,78.53791881778206,0.6841764644232109,C,47.557,34.177,27.131
A,230,LYS,137.59453256412965,0.44669285353408006,C,51.216,34.028,26.059
A,231,ILE,76.26716308139673,0.6933078256292595,C,53.37,31.32,24.545
A,232,GLY,26.191885209578988,0.8946749046215146,C,57.149,31.931,24.749
A,233,PRO,156.04154993577862,0.37251209683899,C,60.761,30.997,25.736
A,234,GLU,100.71518790807988,0.5949952938629608,C,59.967,28.793,28.876
A,235,GLY,3.8418913551868004,0.9845506510821589,C,56.699,29.45,30.528
A,236,LEU,0.0,1.0,C,53.338,29.801,29.072
A,237,VAL,52.26856193336553,0.7898130956638958,C,51.892,33.039,30.559
A,238,THR,0.0,1.0,C,48.195,32.368,31.534
A,239,GLN,81.20472885682013,0.6734524550794596,C,45.281,34.27,33.216
A,240,VAL,0.0,1.0,C,43.426,32.437,36.055
A,241,GLU,76.93855913058071,0.6906079492228381,C,39.954,32.082,34.592
A,242,ASN,15.978806253800247,0.9357446293289209,C,39.458,29.853,37.611
A,243,GLY,15.959642538613348,0.935821692133439,C,40.09,30.281,41.3
A,244,GLY,30.33427618526696,0.8780171603958431,C,40.626,28.056,44.332
A,245,VAL,67.82986308987431,0.7272366329385933,C,43.148,26.144,46.418
A,246,LEU,3.3979466141227195,0.9863358804316771,C,45.663,24.034,44.44
A,247,GLY,8.469595564001324,0.9659413229151833,C,47.5,20.911,45.695
A,248,SER,13.40821691455632,0.9460817075945116,C,50.608,18.835,45.18
A,249,ARG,91.30777667149954,0.6328251972024534,C,50.281,16.502,42.211
A,250,LYS,100.83852683565979,0.5944993125997837,C,46.775,17.311,40.88
A,251,GLY,16.140246417082917,0.9350954320504659,C,45.351,16.497,37.465
A,252,VAL,7.905755080905642,0.9682086874895586,C,45.763,18.352,34.206
A,253,ASN,9.38275601743496,0.9622692423801562,C,43.676,18.289,31.114
A,254,LEU,0.8494866535306799,0.9965839701079192,C,44.033,20.208,27.964
A,255,PRO,31.780150221784513,0.8722028854941727,C,40.797,20.031,25.958
A,256,GLY,101.19025954915571,0.5930848943057107,C,40.941,21.071,22.256
A,257,ALA,18.58194249293536,0.9252766706281159,C,44.596,20.157,22.633
A,258,GLN,172.49419632633453,0.30635127884334445,C,45.867,16.839,21.153
A,259,VAL,30.42735529240752,0.8776428625643247,C,47.805,14.793,23.752
A,260,ASP,82.10931904549477,0.6698148380412727,C,50.59,12.561,22.374
A,261,LEU,53.020282223516496,0.7867902124073238,C,51.326,10.373,25.434
A,262,PRO,86.38123160310494,0.6526362503230321,C,51.691,6.644,24.9
A,263,GLY,18.910678748206998,0.9239547276994646,C,48.542,4.833,26.233
A,264,LEU,49.59840923974404,0.8005505467820746,C,50.932,2.258,27.681
A,265,SER,37.735554317859155,0.8482544946312239,C,54.02,3.489,29.395
A,266,GLU,132.94162021586274,0.4654035508721134,C,56.758,1.331,30.821
A,267,GLN,62.75309962715567,0.7476517573806206,C,54.995,1.677,34.203
A,268,ASP,0.0,1.0,C,51.619,0.676,32.831
A,269,VAL,55.175163456466805,0.7781248158704303,C,53.342,-2.448,31.554
A,270,ARG,121.40109270023615,0.5118113276157619,C,54.916,-2.929,34.906
A,271,ASP,2.142918048125441,0.9913827108663203,C,51.57,-2.562,36.561
A,272,LEU,0.0,1.0,C,49.823,-5.164,34.447
A,273,ARG,101.93242939763977,0.5901004161189312,C,52.615,-7.576,35.139
A,274,PHE,18.93280812685888,0.9238657391101162,C,52.017,-7.077,38.797
A,275,GLY,0.0,1.0,C,48.315,-7.55,38.153
A,276,VAL,19.751167880377796,0.9205748794257674,C,48.733,-10.858,36.393
A,277,GLU,155.73518182020064,0.3737440910515477,C,51.242,-11.963,39.045
A,278,HIS,61.95238305797932,0.7508716687518261,C,48.644,-11.421,41.71
A,279,GLY,35.51996494847087,0.8571640160262335,C,45.542,-12.776,39.97
A,280,VAL,0.0,1.0,C,43.407,-9.709,39.579
A,281,ASP,0.0,1.0,C,40.299,-10.461,37.559
A,282,ILE,0.0,1.0,C,39.738,-7.38,35.483
A,283,VAL,0.0,1.0,C,41.717,-4.625,33.989
A,284,PHE,0.0,1.0,C,40.033,-1.225,33.768
A,285,ALA,2.5484599605920395,0.9897519103237578,C,42.114,0.46,31.074
A,286,SER,6.428754144376322,0.974148132598961,C,42.646,4.275,31.382
A,287,PHE,24.057864151848513,0.9032564164007031,C,42.532,6.533,28.296
A,288,VAL,4.247433267653399,0.9829198505395963,C,41.789,3.884,25.729
A,289,ARG,39.07010287710409,0.8428878914575705,C,41.433,5.957,22.595
A,290,LYS,72.69456904847564,0.7076742526449218,C,41.53,3.364,19.688
A,291,ALA,14.30806958150935,0.9424631414922613,C,41.292,-0.421,19.405
A,292,SER,70.73935487821687,0.7155367305582168,C,45.12,-0.846,18.885
A,293,ASP,17.326913926938083,0.9303235010627593,C,45.313,0.418,22.491
A,294,VAL,0.0,1.0,C,43.56,-2.619,23.883
A,295,ALA,48.86764965577782,0.8034891410170492,C,45.68,-4.995,21.83
A,296,ALA,33.24087770836824,0.8663288806023774,C,48.476,-3.222,23.643
A,297,VAL,1.6989733070613597,0.9931679402158385,C,47.013,-4.02,27.062
A,298,ARG,67.82629424061983,0.7272509843067789,C,46.255,-7.554,26.162
A,299,ALA,82.47394485524103,0.6683485729029796,C,49.877,-7.872,24.844
A,300,ALA,21.075726174984325,0.9152484499764365,C,51.39,-6.566,28.064
A,301,LEU,0.0,1.0,C,48.98,-8.771,30.063
A,302,GLY,11.623440428940116,0.9532588066109678,C,50.911,-11.645,28.48
A,303,PRO,112.29178090736964,0.5484424874478588,C,50.216,-15.396,28.035
A,304,GLU,149.92791010092802,0.39709679906881845,C,49.636,-16.056,31.706
A,305,GLY,3.3979466141227195,0.9863358804316771,C,46.535,-13.828,31.549
A,306,HIS,140.3283339249129,0.43569945283892797,C,44.105,-14.325,28.719
A,307,GLY,39.0511150911058,0.8429642468002766,C,41.725,-14.995,31.558
A,308,ILE,5.31889229171612,0.9786112059727564,C,41.509,-11.37,32.586
A,309,LYS,63.57829548628878,0.7443334077515782,C,38.652,-9.252,31.26
A,310,ILE,0.0,1.0,C,39.601,-5.917,29.687
A,311,ILE,0.0,1.0,C,37.289,-2.962,30.347
A,312,SER,0.0,1.0,C,38.21,-0.052,28.102
A,313,LYS,21.237166338266995,0.9145992526979815,C,37.918,3.306,29.754
A,314,ILE,0.0,1.0,C,36.397,6.039,27.647
A,315,GLU,4.285836096250882,0.9827654217326407,C,37.923,9.327,28.768
A,316,ASN,7.645379881776119,0.9692557309712733,C,37.957,11.648,25.764
A,317,HIS,75.27098918368463,0.697313727073563,C,36.726,12.807,22.45
A,318,GLU,61.106088262584684,0.7542748632653182,C,38.776,10.467,20.235
A,319,GLY,0.0,1.0,C,37.754,7.419,22.194
A,320,VAL,2.142918048125441,0.9913827108663203,C,34.181,8.603,22.126
A,321,LYS,103.56001315324096,0.5835554342314696,C,34.659,9.006,18.356
A,322,ARG,81.90603286806629,0.6706323101650034,C,36.119,5.605,17.716
A,323,PHE,1.6989733070613597,0.9931679402158385,C,33.81,4.022,20.279
A,324,ASP,75.23958582351935,0.6974400090069995,C,32.742,1.262,17.97
A,325,GLU,60.49656902230579,0.7567259152458728,C,36.116,-0.104,17.092
A,326,ILE,0.0,1.0,C,36.853,0.092,20.783
A,327,LEU,15.290759763552238,0.9385114619425466,C,33.687,-1.815,21.837
A,328,GLU,135.78596793894047,0.45396561149411185,C,34.399,-4.667,19.509
A,329,VAL,67.1063794344938,0.7301459685743442,C,37.718,-5.708,21.03
A,330,SER,1.0714590240627204,0.9956913554331601,C,37.01,-5.195,24.773
A,331,ASP,33.80434120034549,0.8640630320175993,C,35.05,-7.095,27.262
A,332,GLY,0.0,1.0,C,33.13,-4.049,28.306
A,333,ILE,0.0,1.0,C,33.396,-0.323,28.705
A,334,MET,2.5735927018207594,0.9896508443506192,C,33.735,2.248,31.419
A,335,VAL,0.0,1.0,C,32.176,5.626,31.003
A,336,ALA,4.247433267653399,0.9829198505395963,C,34.777,7.777,32.627
A,337,ARG,1.6989733070613597,0.9931679402158385,C,32.801,10.912,33.448
A,338,GLY,14.30806958150935,0.9424631414922613,C,35.77,12.263,35.326
A,339,ASP,32.14377072188161,0.8707406629948051,C,38.103,13.081,32.497
A,340,LEU,0.0,1.0,C,35.597,12.744,29.787
A,341,GLY,3.214377072188161,0.9870740662994805,C,33.679,15.695,31.447
A,342,ILE,8.31129699337224,0.9665778869469961,C,36.789,17.846,31.163
A,343,GLU,28.130273009585125,0.8868800903772358,C,37.924,16.658,27.803
A,344,ILE,12.694899453002835,0.9489501620441281,C,34.612,17.636,26.121
A,345,PRO,64.42778213981947,0.7409173778594975,C,32.056,20.147,27.201
A,346,ALA,6.304548137223996,0.9746476006382114,C,30.511,19.069,30.469
A,347,GLU,27.1949831774996,0.8906411595016113,C,27.032,19.507,28.932
A,348,LYS,11.043326495898837,0.9555916114029503,C,27.807,16.65,26.565
A,349,VAL,4.605574830162636,0.9814796604223729,C,28.794,13.81,28.782
A,350,PHE,2.5484599605920395,0.9897519103237578,C,25.147,12.697,29.308
A,351,LEU,0.0,1.0,C,24.937,12.005,25.631
A,352,ALA,0.0,1.0,C,28.205,10.009,25.666
A,353,GLN,2.1871768054292144,0.9912047336876235,C,26.997,8.001,28.651
A,354,LYS,15.290759763552236,0.9385114619425466,C,23.48,7.383,27.302
A,355,MET,2.9066015231012763,0.9883117202065343,C,24.757,6.443,23.828
A,356,MET,0.0,1.0,C,27.543,4.201,25.219
A,357,ILE,0.0,1.0,C,25.35,2.334,27.682
A,358,GLY,0.0,1.0,C,22.917,1.821,24.76
A,359,ARG,61.01430349161739,0.7546439561992201,C,25.405,0.495,22.25
A,360,CYS,0.0,1.0,C,26.933,-1.684,24.94
A,361,ASN,9.962869950476238,0.9599364375881737,C,23.535,-3.054,25.889
A,362,LEU,58.525709720632165,0.7646513067274464,C,23.041,-4.044,22.226
A,363,ALA,52.59081394140016,0.7885172277563142,C,26.386,-5.724,21.971
A,364,GLY,15.725706983256437,0.936762414211412,C,25.811,-7.803,25.048
A,365,LYS,44.26207482561519,0.8220094805946763,C,28.83,-6.408,26.933
A,366,PRO,6.304548137223996,0.9746476006382114,C,28.982,-5.139,30.532
A,367,VAL,0.0,1.0,C,29.235,-1.419,30.891
A,368,VAL,0.0,1.0,C,30.184,0.713,33.838
A,369,CYS,0.0,1.0,C,29.078,4.169,34.892
A,370,ALA,0.0,1.0,C,31.661,6.099,36.842
A,371,THR,29.231690261192472,0.8824509751704149,C,32.922,8.986,38.999
A,372,GLN,13.230503301328051,0.9467963450905739,C,31.148,11.407,41.335
A,373,MET,0.0,1.0,C,27.848,9.505,41.657
A,374,LEU,0.0,1.0,C,27.992,10.07,45.426
A,375,GLU,52.01914460941174,0.7908160743813221,C,30.739,12.766,46.057
A,376,SER,23.785626298859036,0.9043511630217392,C,29.113,14.766,48.785
A,377,MET,2.9857696579717397,0.9879933623911481,C,29.376,11.604,50.875
A,378,ILE,40.10637606344661,0.8387207392531245,C,33.165,11.947,50.864
A,379,THR,92.06967572184813,0.6297613822267603,C,32.352,14.477,53.547
A,380,LYS,64.31374232649415,0.7413759647126135,C,28.739,13.892,54.484
A,381,PRO,15.551134962681761,0.937464418460832,C,26.562,11.125,55.765
A,382,ARG,78.49206413141026,0.684360859291202,C,23.812,11.7,53.127
A,383,PRO,1.9209456775934002,0.9922753255410794,C,23.806,12.209,49.384
A,384,THR,11.043326495898839,0.9555916114029503,C,22.528,15.356,47.603
A,385,ARG,11.77563174345062,0.9526468016106278,C,19.319,14.923,45.566
A,386,ALA,0.0,1.0,C,21.441,15.143,42.431
A,387,GLU,0.0,1.0,C,23.515,12.238,43.491
A,388,THR,1.6989733070613597,0.9931679402158385,C,20.797,9.832,44.523
A,389,SER,2.5484599605920395,0.9897519103237578,C,19.109,10.737,41.288
A,390,ASP,0.0,1.0,C,22.289,10.214,39.27
A,391,VAL,0.0,1.0,C,22.529,6.613,40.364
A,392,ALA,0.0,1.0,C,18.841,5.666,39.543
A,393,ASN,2.992404701656121,0.9879666809742396,C,19.29,6.832,36.011
A,394,ALA,0.0,1.0,C,22.582,4.968,35.608
A,395,VAL,1.0714590240627204,0.9956913554331601,C,20.643,1.882,36.38
A,396,LEU,50.93924098429617,0.7951586771151364,C,17.528,2.848,34.378
A,397,ASP,14.334509225281964,0.9423568200885196,C,19.885,3.786,31.468
A,398,GLY,5.946406574714759,0.9760877907554348,C,21.144,0.25,31.427
A,399,ALA,0.0,1.0,C,24.372,0.442,33.367
A,400,ASP,8.571672192501763,0.9655308434652814,C,25.923,-2.924,34.168
A,401,CYS,0.0,1.0,C,27.659,-1.67,37.369
A,402,ILE,0.0,1.0,C,28.024,1.628,39.163
A,403,MET,2.4152564320798326,0.9902875599813917,C,31.156,2.654,40.935
A,404,LEU,0.8494866535306799,0.9965839701079192,C,32.499,4.668,43.919
A,405,SER,26.692227821960312,0.8926628832282736,C,35.838,6.529,44.213
A,406,GLY,8.247623193469282,0.9668339375899424,C,36.457,9.217,46.762
A,407,GLU,0.0,1.0,C,33.307,7.879,48.353
A,408,THR,0.0,1.0,C,35.061,4.63,49.304
A,409,ALA,11.759609620917312,0.9527112311685035,C,38.764,5.424,49.162
A,410,LYS,144.57633267924393,0.4186170293941287,C,38.966,8.633,51.228
A,411,GLY,4.913350379249521,0.980242006515319,C,35.845,9.715,52.737
A,412,ASN,120.16535351313193,0.5167805899160212,C,34.414,9.591,56.135
A,413,PHE,38.18543038585321,0.8464454137120451,C,31.582,7.31,54.985
A,414,PRO,8.003521444285354,0.96781554085405,C,32.737,4.262,53.015
A,415,VAL,7.645379881776119,0.9692557309712733,C,30.213,1.715,54.219
A,416,GLU,66.79211963816991,0.7314096975024678,C,27.38,4.083,54.022
A,417,ALA,0.0,1.0,C,28.292,5.073,50.417
A,418,VAL,0.0,1.0,C,28.035,1.397,49.468
A,419,LYS,136.25073515611254,0.45209664898584845,C,24.768,0.93,51.461
A,420,MET,16.93192776578755,0.9319118538966036,C,23.273,3.708,49.337
A,421,GLN,0.0,1.0,C,24.187,2.48,45.899
A,422,HIS,57.83483579699593,0.7674295092630502,C,22.605,-0.67,47.122
A,423,ALA,29.240687782552353,0.8824147935520313,C,19.325,0.851,48.163
A,424,ILE,0.0,1.0,C,19.013,3.158,45.144
A,425,ALA,0.0,1.0,C,19.758,0.39,42.671
A,426,ARG,80.18807177500662,0.677540725291871,C,17.196,-1.916,44.189
A,427,GLU,10.270645499563123,0.9586987836811198,C,14.349,0.576,43.457
A,428,ALA,0.0,1.0,C,15.669,1.684,40.094
A,429,GLU,17.30047428316547,0.930429822466501,C,15.81,-2.004,39.101
A,430,ALA,3.3979466141227195,0.9863358804316771,C,12.271,-2.696,40.34
A,431,ALA,2.992404701656121,0.9879666809742396,C,11.285,0.221,38.347
A,432,VAL,8.003521444285354,0.96781554085405,C,12.739,-1.137,35.16
A,433,TYR,14.441273110021555,0.9419274918346274,C,10.164,-1.352,32.404
A,434,HIS,16.384348166266843,0.9341138287863584,C,11.283,-4.795,31.231
A,435,ARG,54.611247575147445,0.780392483642725,C,8.191,-4.93,29.103
A,436,GLN,28.775782335303518,0.884284311923147,C,9.338,-2.505,26.418
A,437,LEU,38.58504097138983,0.8448384647391431,C,12.905,-3.476,27.222
A,438,PHE,7.645379881776119,0.9692557309712733,C,12.874,-7.269,26.495
A,439,GLU,25.45464137837577,0.8976395738775588,C,10.72,-6.539,23.433
A,440,GLU,19.431429146466044,0.9218606407360352,C,13.197,-3.985,22.085
A,441,LEU,2.5484599605920395,0.9897519103237578,C,16.079,-6.495,22.373
A,442,ARG,40.446623114201,0.8373525081087757,C,14.394,-9.44,20.647
A,443,ARG,79.88171622579917,0.6787726689714425,C,13.729,-6.956,17.83
A,444,ALA,32.97581525299956,0.8673947728880824,C,17.162,-5.359,17.818
A,445,ALA,5.984809403312242,0.9759333619484792,C,18.934,-8.618,18.461
A,446,PRO,96.30866438844868,0.6127151909333312,C,19.959,-10.225,15.132
A,447,LEU,95.57142055724546,0.6156798601893754,C,18.986,-13.9,14.509
A,448,SER,18.863278398249633,0.9241453381248037,C,21.437,-16.485,15.817
A,449,ARG,135.17355843342028,0.45642828606157737,C,22.265,-20.122,15.33
A,450,ASP,57.91563756004625,0.76710458215941,C,24.295,-20.737,18.437
A,451,PRO,44.39824401759238,0.821461905152212,C,22.507,-23.229,20.706
A,452,THR,2.5484599605920395,0.9897519103237578,C,23.434,-21.248,23.819
A,453,GLU,26.259693345414075,0.8944022286259868,C,21.916,-17.926,22.726
A,454,VAL,0.0,1.0,C,18.967,-19.879,21.677
A,455,THR,0.0,1.0,C,18.585,-21.538,25.015
A,456,ALA,0.8494866535306799,0.9965839701079192,C,19.008,-18.34,26.955
A,457,ILE,2.0571148695705963,0.9917277500986151,C,16.479,-16.391,25.08
A,458,GLY,0.0,1.0,C,14.269,-19.43,25.71
A,459,ALA,0.0,1.0,C,15.047,-19.682,29.313
A,460,VAL,0.0,1.0,C,14.322,-15.993,29.659
A,461,GLU,5.357295120313602,0.9784567771658008,C,10.989,-15.896,27.867
A,462,ALA,0.0,1.0,C,10.041,-18.956,29.948
A,463,ALA,3.350546264165357,0.9865264908570162,C,10.933,-17.009,33.097
A,464,PHE,47.57115206675316,0.8087027303073709,C,8.602,-14.194,32.215
A,465,LYS,9.344353188837477,0.9624236711871118,C,5.741,-16.512,31.569
A,466,CYS,0.8494866535306799,0.9965839701079192,C,5.776,-17.797,35.144
A,467,CYS,69.84996999798562,0.7191132026826548,C,7.352,-15.133,37.29
A,468,ALA,5.357295120313602,0.9784567771658008,C,10.162,-17.579,37.699
A,469,ALA,24.76228462300703,0.9004237393055777,C,12.144,-16.612,40.71
A,470,ALA,0.0,1.0,C,15.489,-17.611,39.339
A,471,ILE,0.0,1.0,C,17.268,-19.081,36.391
A,472,ILE,0.0,1.0,C,19.925,-21.541,37.513
A,473,VAL,0.0,1.0,C,22.806,-22.062,35.118
A,474,LEU,0.0,1.0,C,25.706,-24.392,35.199
A,475,THR,0.8494866535306799,0.9965839701079192,C,28.592,-22.542,33.664
A,476,THR,45.15589563467332,0.8184151703259792,C,32.32,-23.173,33.272
A,477,THR,68.04166926657933,0.7263848994499686,C,33.493,-19.824,31.968
A,478,GLY,4.472371301650429,0.9820153100800069,C,30.345,-17.813,32.635
A,479,ARG,119.63844559327185,0.5188994380428695,C,29.662,-17.25,28.945
A,480,SER,0.0,1.0,C,26.165,-18.844,29.257
A,481,ALA,0.0,1.0,C,25.272,-16.925,32.322
A,482,GLN,29.497921389028285,0.881380383316959,C,26.137,-13.877,30.337
A,483,LEU,7.5121763532639125,0.9697913806289072,C,23.842,-14.777,27.467
A,484,LEU,0.8494866535306799,0.9965839701079192,C,21.018,-15.044,29.914
A,485,SER,5.135322749781562,0.9793493918405599,C,21.506,-11.553,31.281
A,486,TRP,36.80016395480871,0.852015968019492,C,21.873,-10.043,27.851
A,487,TYR,0.0,1.0,C,18.11,-10.146,27.901
A,488,ARG,9.699353158693127,0.9609961143165308,C,17.86,-8.986,31.415
A,489,PRO,9.826700758499042,0.960484013030638,C,15.504,-11.479,32.853
A,490,ARG,59.22409833389579,0.7618428854658742,C,14.037,-10.221,36.032
A,491,ALA,11.709243607494958,0.9529137673786731,C,14.413,-13.555,37.809
A,492,ALA,9.344353188837479,0.9624236711871118,C,17.876,-13.924,39.233
A,493,VAL,1.6989733070613597,0.9931679402158385,C,20.497,-15.705,37.218
A,494,ILE,0.0,1.0,C,22.218,-18.022,39.658
A,495,ALA,0.0,1.0,C,25.416,-19.396,38.088
A,496,VAL,0.0,1.0,C,26.971,-22.571,39.587
A,497,THR,0.8494866535306799,0.9965839701079192,C,30.614,-22.955,38.522
A,498,ARG,72.85114602633057,0.7070446116322691,C,33.852,-24.529,39.774
A,499,SER,46.798571601382356,0.811809498321648,C,36.121,-21.821,38.403
A,500,ALA,31.655944214632186,0.8727023535334231,C,36.351,-19.318,41.317
A,501,GLN,54.93943091011205,0.7790727641654825,C,37.696,-16.988,38.654
A,502,ALA,4.46940563818544,0.9820272358648372,C,34.788,-17.13,36.308
A,503,ALA,0.0,1.0,C,32.588,-17.033,39.395
A,504,ARG,58.98245959335228,0.7628145842646141,C,34.128,-13.576,40.054
A,505,GLN,15.0981927002578,0.9392858294287337,C,34.333,-12.232,36.556
A,506,VAL,6.795893228245439,0.972671760863354,C,30.675,-12.936,36.411
A,507,HIS,10.193839842368158,0.9590076412950311,C,30.054,-9.89,38.53
A,508,LEU,1.6989733070613597,0.9931679402158385,C,30.432,-7.651,35.505
A,509,CYS,10.928520133966058,0.9560532807682469,C,26.966,-8.868,34.507
A,510,ARG,10.770812182755847,0.9566874697496909,C,23.652,-7.487,35.571
A,511,GLY,9.344353188837477,0.9624236711871118,C,21.767,-9.872,37.921
A,512,VAL,6.428754144376322,0.974148132598961,C,24.146,-12.923,37.749
A,513,PHE,25.21819254889598,0.8985904025528456,C,24.956,-14.319,41.187
A,514,PRO,1.6989733070613597,0.9931679402158385,C,27.947,-16.604,41.177
A,515,LEU,0.8494866535306799,0.9965839701079192,C,28.044,-19.651,43.458
A,516,LEU,13.949928019000115,0.9439033316094847,C,31.407,-21.37,43.616
A,517,TYR,8.31129699337224,0.9665778869469961,C,31.036,-25.113,43.763
A,518,ARG,119.32955163720028,0.5201415893857281,C,33.827,-26.854,45.636
A,519,GLU,91.02113775778601,0.6339778546260979,C,32.935,-30.638,45.839
A,520,PRO,116.73474690178249,0.5305760447164377,C,35.059,-33.102,43.864
A,521,PRO,105.04294541670025,0.5775921375524065,C,33.271,-34.511,40.733
A,522,GLU,59.839096511762534,0.7593698011031755,C,30.996,-37.579,41.037
A,523,ALA,111.28202276302343,0.5525030150506437,C,31.731,-40.726,39.08
A,524,ILE,107.84333597536896,0.5663309625614241,C,28.658,-40.147,36.892
A,525,TRP,79.82944012404343,0.6789828861955705,C,28.378,-36.872,34.992
A,526,ALA,58.70631359910173,0.7639250466444732,C,24.564,-36.916,35.277
A,527,ASP,57.34100256459285,0.7694153545692481,C,24.634,-37.202,39.079
A,528,ASP,3.214377072188161,0.9870740662994805,C,27.247,-34.418,39.226
A,529,VAL,11.892813149429518,0.9521755815108696,C,25.198,-32.037,37.171
A,530,ASP,66.68535575343033,0.7318390257563601,C,22.271,-32.708,39.473
A,531,ARG,141.56365842178687,0.43073185812722525,C,24.22,-32.067,42.684
A,532,ARG,2.792561709775967,0.9887703070596503,C,25.376,-28.788,41.108
A,533,VAL,0.0,1.0,C,21.8,-27.795,40.218
A,534,GLN,89.86572281164875,0.6386241100762068,C,20.381,-28.707,43.618
A,535,PHE,18.688706377674954,0.9248473423742236,C,23.402,-26.95,45.126
A,536,GLY,0.0,1.0,C,22.107,-23.738,43.506
A,537,ILE,7.645379881776119,0.9692557309712733,C,18.62,-24.462,44.888
A,538,GLU,90.83756821585148,0.6347160404939012,C,19.859,-25.018,48.414
A,539,SER,0.0,1.0,C,21.995,-21.856,48.232
A,540,GLY,0.8494866535306799,0.9965839701079192,C,18.93,-20.184,46.73
A,541,LYS,100.80443427218304,0.5946364085923461,C,16.644,-21.114,49.529
A,542,LEU,107.36646734329526,0.5682485883357538,C,19.266,-20.29,52.182
A,543,ARG,63.87824218648292,0.7431272358951571,C,19.854,-16.666,51.059
A,544,GLY,45.83332354175221,0.8156910380860045,C,16.162,-16.17,50.102
A,545,PHE,49.03025849152763,0.8028352441708432,C,16.009,-16.017,46.275
A,546,LEU,0.8494866535306799,0.9965839701079192,C,13.438,-18.787,46.242
A,547,ARG,173.7520648920907,0.30129302795373636,C,10.834,-20.246,48.56
A,548,VAL,111.17588719681456,0.5529298166552075,C,8.969,-23.549,48.196
A,549,GLY,58.68831855638197,0.7639974098812404,C,6.243,-23.433,45.587
A,550,ASP,25.851185769482484,0.8960449549533798,C,8.347,-21.156,43.385
A,551,LEU,5.946406574714759,0.9760877907554348,C,9.09,-22.286,39.876
A,552,VAL,0.0,1.0,C,12.614,-22.174,38.548
A,553,ILE,0.0,1.0,C,14.31,-22.459,35.225
A,554,VAL,0.0,1.0,C,17.399,-24.598,34.92
A,555,VAL,0.0,1.0,C,19.881,-24.286,32.048
A,556,THR,5.946406574714759,0.9760877907554348,C,22.473,-26.982,31.33
A,557,GLY,5.357295120313602,0.9784567771658008,C,24.297,-28.971,28.647
A,558,TRP,153.386326090447,0.38318951476912444,C,24.397,-32.36,26.882
A,559,ARG,101.18410202755467,0.5931096554691295,C,28.05,-33.188,27.641
A,560,PRO,65.94615156841125,0.7348115781583091,C,30.977,-31.921,29.836
A,561,GLY,21.83940964996016,0.9121774593166505,C,32.957,-28.808,28.894
A,562,SER,55.8141885349482,0.7755551124374112,C,32.413,-25.216,27.823
A,563,GLY,43.071888731988004,0.8267955608186223,C,30.506,-24.315,24.706
A,564,TYR,77.53963376980674,0.6881908554092581,C,27.677,-26.823,24.783
A,565,THR,0.0,1.0,C,24.884,-25.478,26.901
A,566,ASN,8.738968284490726,0.964858097815085,C,21.632,-26.5,25.253
A,567,ILE,24.726847457874538,0.900566242327703,C,18.802,-27.498,27.581
A,568,MET,0.0,1.0,C,16.179,-25.667,29.541
A,569,ARG,49.124456005652874,0.8024564489035201,C,13.833,-27.265,32.103
A,570,VAL,2.992404701656121,0.9879666809742396,C,11.099,-26.096,34.382
A,571,LEU,33.12997948769651,0.866774834208851,C,11.071,-27.251,37.961
A,572,SER,86.11733782020339,0.6536974430409863,C,8.909,-26.446,40.941
A,573,ILE,44.433128262417846,0.8213216255814957,C,10.663,-26.024,44.297
B,57,GLN,155.37156132010347,0.3752063135509156,C,14.888,-14.924,0.011
B,58,GLN,84.23005744948586,0.6612867396288877,C,12.136,-17.501,0.438
B,59,GLN,38.569936193911374,0.8448992053889994,C,9.066,-17.727,2.693
B,60,GLN,0.0,1.0,C,8.608,-13.933,2.505
B,61,LEU,29.956970907570824,0.8795344133175845,C,11.402,-13.47,5.079
B,62,PRO,49.4477635888191,0.8011563362250667,C,12.181,-9.906,3.918
B,63,ALA,0.0,1.0,C,8.463,-9.11,4.388
B,64,ALA,7.683782710373601,0.9691013021643177,C,8.672,-11.055,7.67
B,65,MET,88.7317460937796,0.6431841562512286,C,11.266,-8.476,8.93
B,66,ALA,3.3979466141227195,0.9863358804316771,C,9.46,-5.253,8.081
B,67,ASP,46.88382185963018,0.8114666825407622,C,8.977,-2.82,10.914
B,68,THR,19.046847940184193,0.9234071522570002,C,5.264,-2.148,10.347
B,69,PHE,74.04733884511141,0.7022343766407428,C,2.375,-3.868,8.71
B,70,LEU,8.003521444285354,0.96781554085405,C,2.503,-1.569,5.728
B,71,GLU,57.311597257355245,0.7695336017578203,C,6.163,-2.04,4.859
B,72,HIS,1.943075056245287,0.992186336951731,C,5.499,-5.708,5.33
B,73,LEU,8.003521444285356,0.96781554085405,C,2.906,-5.794,2.582
B,74,CYS,11.043326495898837,0.9555916114029503,C,5.146,-3.465,0.604
B,75,LEU,74.26041422524848,0.7013775393204749,C,7.637,-6.382,0.761
B,76,LEU,3.8418913551868004,0.9845506510821589,C,5.613,-9.471,-0.294
B,77,ASP,33.89311004236532,0.8637060670004741,C,7.353,-11.159,-3.264
B,78,ILE,1.6989733070613597,0.9931679402158385,C,5.707,-13.273,-5.909
B,79,ASP,66.61151575970035,0.7321359575854409,C,9.049,-14.875,-6.665
B,80,SER,1.6989733070613597,0.9931679402158385,C,9.654,-15.727,-2.996
B,81,GLU,85.93673394173382,0.6544237031239594,C,8.83,-19.447,-3.226
B,82,PRO,9.344353188837479,0.9624236711871118,C,7.324,-20.911,-0.036
B,83,VAL,87.98233801582167,0.6461977414382719,C,9.326,-23.578,1.641
B,84,ALA,44.956052642793175,0.8192187964113898,C,7.3,-24.99,4.476
B,85,ALA,15.956676875148357,0.9358336179182694,C,4.702,-27.665,4.982
B,86,ARG,22.92400053131489,0.9078160077788459,C,1.382,-25.966,4.566
B,87,SER,25.966947175581957,0.895579445081104,C,-0.136,-25.711,7.967
B,88,THR,0.0,1.0,C,-3.768,-25.014,7.38
B,89,SER,4.913350379249521,0.980242006515319,C,-5.709,-28.22,7.439
B,90,ILE,0.0,1.0,C,-7.958,-29.311,4.619
B,91,ILE,0.0,1.0,C,-11.407,-30.741,5.257
B,92,ALA,0.0,1.0,C,-13.004,-32.351,2.127
B,93,THR,4.247433267653399,0.9829198505395963,C,-16.537,-33.546,2.154
B,94,ILE,4.285836096250882,0.9827654217326407,C,-17.001,-37.083,0.842
B,95,GLY,3.3979466141227195,0.9863358804316771,C,-19.681,-37.516,-1.792
B,96,PRO,104.73516986761337,0.5788297914594605,C,-20.249,-39.466,-4.962
B,97,ALA,29.27909061114983,0.8822603647450757,C,-17.494,-37.579,-6.726
B,98,SER,0.0,1.0,C,-15.04,-38.738,-4.03
B,99,ARG,44.788429825168244,0.8198928559192369,C,-16.237,-41.94,-2.38
B,100,SER,58.348172036592494,0.7653652367616967,C,-14.215,-44.497,-4.317
B,101,VAL,30.939661089613708,0.8755827337678699,C,-11.024,-45.621,-2.716
B,102,GLU,103.9385625016279,0.5820331785440578,C,-8.896,-44.743,-5.679
B,103,ARG,90.29000118270136,0.6369179648506695,C,-10.156,-41.174,-5.686
B,104,LEU,0.0,1.0,C,-9.629,-41.058,-1.903
B,105,LYS,68.19989243898473,0.7257486386160754,C,-6.086,-42.265,-2.45
B,106,GLU,77.99202311192366,0.6863716678927654,C,-5.546,-39.272,-4.777
B,107,MET,0.0,1.0,C,-7.168,-36.725,-2.459
B,108,ILE,0.0,1.0,C,-4.977,-37.681,0.428
B,109,LYS,142.65852859430413,0.4263290706064069,C,-1.893,-37.393,-1.77
B,110,ALA,11.081729324496319,0.9554371825959947,C,-3.154,-34.004,-2.7
B,111,GLY,8.853008097816035,0.9643995109619692,C,-3.243,-32.981,0.949
B,112,MET,0.0,1.0,C,-6.613,-33.909,2.392
B,113,ASN,14.685374859205485,0.9409458885705199,C,-6.514,-34.222,6.175
B,114,ILE,0.0,1.0,C,-10.049,-34.51,7.335
B,115,ALA,0.0,1.0,C,-12.879,-36.199,5.63
B,116,ARG,18.32742322251213,0.9263001657380894,C,-16.337,-34.882,6.264
B,117,LEU,0.0,1.0,C,-19.55,-36.841,6.366
B,118,ASN,35.51699928500588,0.8571759418110638,C,-22.602,-34.784,5.727
B,119,PHE,7.056268427374962,0.9716247173816394,C,-25.439,-36.342,7.487
B,120,SER,19.422431625106164,0.9218968223544187,C,-27.839,-33.983,5.776
B,121,HIS,108.62639679383214,0.5631820500363485,C,-27.819,-36.636,3.014
B,122,GLY,50.1742129076646,0.7982350748044853,C,-27.551,-40.375,2.746
B,123,SER,63.08084313914876,0.7463338065579083,C,-28.477,-43.382,4.837
B,124,HIS,48.75343391326391,0.803948435331977,C,-26.375,-44.799,7.587
B,125,GLU,119.40389428575482,0.5198426362371845,C,-25.413,-47.691,5.404
B,126,TYR,64.0725057098103,0.7423460464557832,C,-24.199,-45.1,2.897
B,127,HIS,1.6989733070613597,0.9931679402158385,C,-21.855,-43.352,5.314
B,128,ALA,22.888739295370996,0.9079578033391591,C,-20.706,-46.61,6.836
B,129,GLU,87.24760745874133,0.6491523040970022,C,-19.2,-47.249,3.429
B,130,SER,0.0,1.0,C,-17.556,-43.859,3.354
B,131,ILE,0.8494866535306799,0.9965839701079192,C,-15.663,-44.322,6.577
B,132,ALA,57.4009190196821,0.7691744132892862,C,-14.798,-47.768,5.434
B,133,ASN,36.1991898465476,0.8544326575691794,C,-13.404,-46.278,2.29
B,134,VAL,0.0,1.0,C,-11.49,-43.466,3.887
B,135,ARG,88.44180222459448,0.6443501038503407,C,-9.828,-45.881,6.265
B,136,GLU,105.01846612674348,0.5776905758102434,C,-8.845,-48.163,3.433
B,137,ALA,0.0,1.0,C,-7.378,-45.35,1.29
B,138,VAL,4.247433267653399,0.9829198505395963,C,-5.586,-44.308,4.339
B,139,GLU,82.49435264111872,0.6682665073327911,C,-4.028,-47.594,5.28
B,140,SER,56.29653610460977,0.7736154542809373,C,-2.878,-48.022,1.736
B,141,PHE,44.090367937540584,0.8226999633231584,C,0.109,-45.955,2.777
B,142,ALA,43.3087899508099,0.8258429129558189,C,0.648,-47.914,5.969
B,143,GLY,70.97291344245538,0.7145975244698407,C,3.477,-48.801,3.568
B,144,SER,60.01422145264424,0.7586655734023465,C,6.107,-46.693,5.347
B,145,PRO,52.759907024386976,0.7878372558890385,C,5.701,-45.33,8.9
B,146,LEU,38.809979005386865,0.8439339242795537,C,7.659,-42.168,7.892
B,147,SER,38.30370506607556,0.8459697972424554,C,5.145,-41.026,5.31
B,148,TYR,7.278240797907002,0.9707321027068803,C,1.863,-42.412,6.672
B,149,ARG,73.15750157553802,0.7058126679526975,C,-0.654,-39.561,6.87
B,150,PRO,0.0,1.0,C,-3.46,-39.996,9.415
B,151,VAL,2.142918048125441,0.9913827108663203,C,-6.813,-38.684,8.31
B,152,ALA,0.0,1.0,C,-9.597,-37.543,10.606
B,153,ILE,1.6989733070613597,0.9931679402158385,C,-13.149,-38.476,10.161
B,154,ALA,0.0,1.0,C,-15.692,-35.85,11.08
B,155,LEU,0.0,1.0,C,-19.362,-36.237,11.119
B,156,ASP,1.0714590240627204,0.9956913554331601,C,-21.365,-33.233,10.076
B,157,THR,1.6989733070613597,0.9931679402158385,C,-24.606,-33.376,12.056
B,158,LYS,64.31374232649416,0.7413759647126134,C,-27.679,-32.762,10.03
B,159,GLY,3.214377072188161,0.9870740662994805,C,-29.523,-30.584,12.54
B,160,PRO,13.40821691455632,0.9460817075945116,C,-32.873,-28.71,12.282
B,161,GLU,36.75834307340413,0.8521841417987944,C,-32.906,-27.886,8.577
B,162,ILE,26.20088273093887,0.894638723003131,C,-36.085,-26.933,6.807
B,163,ARG,77.42706422184331,0.6886435299029454,C,-36.726,-28.448,3.372
B,164,THR,37.57239256180231,0.848910614928839,C,-39.813,-28.131,1.137
B,165,GLY,66.5154709890948,0.7325221812017897,C,-42.39,-29.936,-1.082
B,166,ILE,248.6765866715668,0.0,C,-41.17,-32.508,-3.737
B,183,VAL,36.895806601554604,0.8516313614587134,C,-47.101,-17.095,-3.041
B,184,LEU,88.19110313083802,0.6453582369323971,C,-48.961,-18.946,-0.214
B,185,VAL,22.16345864899264,0.9108743651919895,C,-46.56,-20.528,2.309
B,186,THR,104.66716066984846,0.5791032759827731,C,-48.372,-23.427,3.898
B,197,ALA,158.07899843533775,0.36431893106158597,C,-44.971,-22.893,-8.459
B,198,ASN,118.7684254901573,0.5223980388350045,C,-47.345,-20.746,-6.359
B,199,THR,80.14152593825104,0.6777278994741234,C,-47.649,-22.842,-3.287
B,200,VAL,54.73408384790281,0.7798985236990106,C,-45.313,-24.551,-0.928
B,203,ASP,132.69178820167866,0.46640819717809656,C,-41.792,-29.144,6.422
B,204,TYR,66.18556606135604,0.7338488236981919,C,-41.528,-26.786,9.462
B,205,PRO,108.55961910038742,0.5634505823269774,C,-45.038,-26.594,10.941
B,206,ASN,124.9956150498793,0.4973567205385361,C,-44.867,-23.437,13.081
B,207,ILE,46.95218291577229,0.8111917830938256,C,-43.434,-21.394,10.232
B,208,VAL,132.8595115502685,0.46573373340635693,C,-47.111,-20.521,10.467
B,217,ILE,40.528116027635114,0.8370248016908741,C,-38.708,-16.244,3.234
B,218,TYR,55.46197829936895,0.7769714509849738,C,-35.957,-17.807,1.218
B,219,ILE,24.99325451489895,0.899494943012435,C,-35.852,-21.053,-0.686
B,220,ASP,32.68548182632541,0.8685622870097782,C,-32.721,-22.752,-2.114
B,221,ASP,62.13914445804992,0.7501206475054341,C,-29.276,-21.361,-1.443
B,222,GLY,1.6989733070613597,0.9931679402158385,C,-31.045,-18.034,-0.865
B,223,LEU,25.709537639917425,0.8966145627779882,C,-31.582,-17.356,-4.566
B,224,ILE,24.993254514898954,0.899494943012435,C,-35.376,-17.481,-4.147
B,225,SER,2.142918048125441,0.9913827108663203,C,-37.224,-14.811,-2.089
B,226,LEU,7.645379881776119,0.9692557309712733,C,-40.831,-14.527,-0.714
B,227,VAL,95.85275646255973,0.6145485276860633,C,-42.45,-12.121,1.836
B,228,VAL,126.80975914362126,0.49006152593246755,C,-45.422,-12.555,4.342
B,237,VAL,147.33236394964393,0.4075342358457358,C,-50.314,-14.743,1.303
B,238,THR,32.907806055234644,0.8676682574113952,C,-46.909,-13.361,0.223
B,240,VAL,83.43270866763416,0.6644931081596928,C,-42.34,-13.5,-3.792
B,241,GLU,127.43330245350576,0.4875540791389018,C,-39.515,-10.867,-4.158
B,242,ASN,45.76964974184925,0.8159470887289508,C,-36.882,-12.758,-6.161
B,243,GLY,54.54154191734959,0.7806727901192245,C,-37.324,-15.29,-8.947
B,244,GLY,68.300247474711,0.7253450821853333,C,-35.628,-18.495,-10.08
B,245,VAL,214.54071948167328,0.13727012923407056,C,-36.137,-22.046,-11.346
B,250,LYS,153.0184958561941,0.3846686658189927,C,-33.949,-27.73,-0.436
B,251,GLY,23.65242277034683,0.9048868126793732,C,-32.805,-25.383,2.313
B,252,VAL,5.946406574714759,0.9760877907554348,C,-35.392,-23.047,3.759
B,253,ASN,9.826700758499042,0.960484013030638,C,-33.98,-20.194,5.782
B,254,LEU,57.20538629292268,0.7699607065603035,C,-35.991,-17.658,7.832
B,255,PRO,111.91544324021083,0.5499558493296344,C,-33.968,-14.796,9.35
B,261,LEU,81.3013265477327,0.6730640080117019,C,-36.814,-26.248,15.786
B,262,PRO,89.154629597694,0.6414836201872005,C,-34.959,-28.594,18.382
B,263,GLY,21.684076742796066,0.912802097563633,C,-31.175,-28.523,17.68
B,264,LEU,43.6135998364318,0.8246171848335954,C,-31.059,-32.213,18.514
B,265,SER,34.33760770373643,0.861918614199547,C,-33.752,-34.237,16.891
B,266,GLU,135.53748052641214,0.45496485077053206,C,-34.29,-37.967,17.418
B,267,GLN,64.65777185480347,0.7399925231393072,C,-32.303,-38.461,14.173
B,268,ASP,0.0,1.0,C,-29.394,-36.275,15.219
B,269,VAL,52.53496899038994,0.788741796348628,C,-29.192,-38.466,18.314
B,270,ARG,127.09034106669867,0.4889332254083495,C,-29.371,-41.531,16.138
B,271,ASP,2.142918048125441,0.9913827108663203,C,-26.643,-40.083,13.981
B,272,LEU,0.0,1.0,C,-24.179,-39.409,16.778
B,273,ARG,106.04980072943455,0.5735432830695192,C,-24.711,-42.895,18.076
B,274,PHE,16.384348166266843,0.9341138287863584,C,-23.694,-44.106,14.682
B,275,GLY,0.0,1.0,C,-20.691,-41.802,14.786
B,276,VAL,22.299627840969833,0.9103267897495252,C,-19.588,-43.137,18.137
B,277,GLU,140.54822027792295,0.43481522663993943,C,-20.116,-46.698,17.04
B,278,HIS,56.76669429477539,0.7717248131214358,C,-17.817,-46.071,14.048
B,279,GLY,32.36926167618567,0.8698338990838066,C,-14.986,-44.122,15.713
B,280,VAL,1.0714590240627204,0.9956913554331601,C,-15.389,-40.778,13.994
B,281,ASP,0.0,1.0,C,-12.976,-38.292,15.431
B,282,ILE,0.0,1.0,C,-14.861,-35.005,15.31
B,283,VAL,0.0,1.0,C,-18.414,-33.892,15.372
B,284,PHE,0.0,1.0,C,-19.167,-30.678,13.455
B,285,ALA,2.5484599605920395,0.9897519103237578,C,-22.432,-29.621,15.146
B,286,SER,7.683782710373601,0.9691013021643177,C,-25.086,-27.934,12.908
B,287,PHE,23.835891781316473,0.9041490310754623,C,-27.063,-24.901,14.144
B,288,VAL,3.3979466141227195,0.9863358804316771,C,-25.471,-24.564,17.571
B,289,ARG,78.25110397487992,0.6853298293086673,C,-27.215,-21.48,18.896
B,290,LYS,77.05604212945435,0.6901355163314022,C,-26.449,-21.587,22.647
B,291,ALA,19.985103435734707,0.9196341573477944,C,-24.08,-23.448,25.021
B,292,SER,67.72796239056247,0.7276464049266833,C,-26.851,-25.768,26.295
B,293,ASP,19.247859604531484,0.9225988266038386,C,-26.873,-27.07,22.673
B,294,VAL,0.0,1.0,C,-23.368,-28.442,22.86
B,295,ALA,51.282906087857654,0.7937767009984409,C,-24.034,-30.106,26.228
B,296,ALA,35.76720829030839,0.8561697795154837,C,-26.837,-31.79,24.284
B,297,VAL,2.5484599605920395,0.9897519103237578,C,-24.506,-33.167,21.624
B,298,ARG,63.82610431480395,0.7433368972564327,C,-21.999,-34.2,24.253
B,299,ALA,83.83690597844503,0.662867714646693,C,-24.853,-36.002,26.189
B,300,ALA,20.47034127063757,0.9176828766044097,C,-26.054,-37.852,23.069
B,301,LEU,0.8494866535306799,0.9965839701079192,C,-22.433,-38.681,22.235
B,302,GLY,11.576040078982754,0.953449417036307,C,-22.545,-40.709,25.411
B,303,PRO,109.21357302715867,0.5608208457059141,C,-19.89,-42.117,27.744
B,304,GLU,150.68862791243888,0.3940377341938628,C,-18.173,-44.145,25.048
B,305,GLY,2.5484599605920395,0.9897519103237578,C,-17.108,-40.87,23.371
B,306,HIS,145.06397069093416,0.41665609685030924,C,-15.701,-38.09,25.531
B,307,GLY,41.7962764509244,0.831925164285266,C,-12.808,-38.69,23.108
B,308,ILE,8.93881127637088,0.9640544717296744,C,-14.523,-36.907,20.212
B,309,LYS,75.71521038490222,0.6955273859983404,C,-13.901,-33.213,19.574
B,310,ILE,0.0,1.0,C,-16.972,-31.005,19.262
B,311,ILE,0.0,1.0,C,-16.76,-28.217,16.688
B,312,SER,0.0,1.0,C,-19.754,-25.903,17.067
B,313,LYS,14.441273110021559,0.9419274918346273,C,-21.11,-24.578,13.76
B,314,ILE,0.0,1.0,C,-22.203,-20.945,13.774
B,315,GLU,6.428754144376322,0.974148132598961,C,-25.015,-20.517,11.268
B,316,ASN,7.645379881776119,0.9692557309712733,C,-27.184,-17.654,12.471
B,317,HIS,82.91322747280716,0.6665820912914786,C,-27.706,-14.473,14.365
B,318,GLU,69.94713317557584,0.7187224816305013,C,-28.401,-15.927,17.811
B,319,GLY,0.0,1.0,C,-25.316,-18.145,17.666
B,320,VAL,3.214377072188161,0.9870740662994805,C,-23.314,-15.13,16.525
B,321,LYS,108.67906245307692,0.5629702662896368,C,-24.798,-13.23,19.389
B,322,ARG,78.1530862840879,0.6857239866039074,C,-24.022,-15.841,22.043
B,323,PHE,0.8494866535306799,0.9965839701079192,C,-20.738,-16.794,20.462
B,324,ASP,80.3778742367659,0.6767774750627291,C,-18.801,-16.37,23.68
B,325,GLU,67.06149235865932,0.7303264724023695,C,-20.783,-18.857,25.719
B,326,ILE,0.0,1.0,C,-20.613,-21.216,22.795
B,327,LEU,15.648901326061475,0.9370712718253232,C,-16.817,-20.851,22.326
B,328,GLU,143.69172301984614,0.4221742989836704,C,-16.194,-21.75,25.968
B,329,VAL,62.99214969535261,0.7466904683771141,C,-17.817,-25.175,25.886
B,330,SER,4.285836096250882,0.9827654217326407,C,-16.706,-26.372,22.452
B,331,ASP,34.87580022440821,0.8597543874507594,C,-13.438,-27.645,21.175
B,332,GLY,0.0,1.0,C,-13.515,-25.193,18.302
B,333,ILE,0.0,1.0,C,-15.855,-23.49,15.888
B,334,MET,1.2867963509103797,0.9948254221753097,C,-16.946,-23.546,12.331
B,335,VAL,0.0,1.0,C,-17.832,-20.367,10.538
B,336,ALA,4.247433267653399,0.9829198505395963,C,-20.688,-21.611,8.4
B,337,ARG,1.6989733070613597,0.9931679402158385,C,-20.952,-18.956,5.802
B,338,GLY,15.246325077059863,0.9386901465830555,C,-23.547,-20.974,3.971
B,339,ASP,32.279939913858804,0.8701930875523408,C,-26.499,-20.499,6.305
B,340,LEU,0.0,1.0,C,-25.014,-17.702,8.174
B,341,GLY,4.285836096250882,0.9827654217326407,C,-24.943,-15.713,4.95
B,342,ILE,12.153188348559041,0.9511285380291549,C,-28.658,-16.095,4.511
B,343,GLU,22.772977889271523,0.908423313211435,C,-29.667,-15.761,8.093
B,344,ILE,14.482641602084028,0.9417611372428414,C,-28.052,-12.311,8.31
B,345,PRO,64.42778213981947,0.7409173778594975,C,-27.297,-9.709,5.613
B,346,ALA,5.096919921184079,0.9795038206475155,C,-24.737,-11.115,3.178
B,347,GLU,28.26644220156232,0.8863325149347715,C,-22.616,-7.975,3.654
B,348,LYS,12.250954711938755,0.9507353913936462,C,-22.028,-8.777,7.335
B,349,VAL,2.9066015231012763,0.9883117202065343,C,-20.618,-12.294,7.271
B,350,PHE,2.5484599605920395,0.9897519103237578,C,-17.078,-11.009,6.747
B,351,LEU,0.0,1.0,C,-17.453,-9.397,10.192
B,352,ALA,0.0,1.0,C,-18.702,-12.561,11.792
B,353,GLN,2.1871768054292144,0.9912047336876235,C,-15.864,-14.546,10.216
B,354,LYS,18.688706377674958,0.9248473423742236,C,-13.169,-12.023,11.111
B,355,MET,3.756088176631956,0.9848956903144537,C,-14.466,-11.564,14.639
B,356,MET,0.0,1.0,C,-14.82,-15.293,15.235
B,357,ILE,0.8494866535306799,0.9965839701079192,C,-11.484,-16.292,13.857
B,358,GLY,0.8494866535306799,0.9965839701079192,C,-9.953,-13.668,16.154
B,359,ARG,62.339113113636216,0.7493165160901577,C,-11.721,-14.628,19.341
B,360,CYS,0.0,1.0,C,-10.962,-18.271,18.6
B,361,ASN,11.88381562806964,0.9522117631292532,C,-7.332,-17.383,17.948
B,362,LEU,63.977805540860494,0.742726863042569,C,-7.186,-15.754,21.41
B,363,ALA,44.46308648996247,0.8212011549415147,C,-8.774,-18.704,23.193
B,364,GLY,18.76847769833491,0.9245265589754821,C,-6.371,-21.229,21.678
B,365,LYS,45.713804790839035,0.8161716573212645,C,-9.107,-23.208,19.904
B,366,PRO,7.5121763532639125,0.9697913806289072,C,-9.147,-24.493,16.254
B,367,VAL,0.0,1.0,C,-11.37,-22.514,13.923
B,368,VAL,0.0,1.0,C,-12.714,-23.555,10.557
B,369,CYS,0.0,1.0,C,-13.755,-21.387,7.678
B,370,ALA,0.0,1.0,C,-16.443,-22.97,5.502
B,371,THR,27.038406199644676,0.8912708005142641,C,-18.533,-23.069,2.359
B,372,GLN,14.079989954858732,0.9433803151984931,C,-18.081,-21.772,-1.185
B,373,MET,0.0,1.0,C,-14.362,-21.179,-1.034
B,374,LEU,0.0,1.0,C,-13.911,-22.763,-4.426
B,375,GLU,50.72571321481697,0.796017333622921,C,-17.487,-23.247,-5.874
B,376,SER,25.842741168429633,0.8960789131203544,C,-16.752,-22.533,-9.486
B,377,MET,0.8494866535306799,0.9965839701079192,C,-14.551,-25.575,-9.416
B,378,ILE,40.239579591958815,0.8381850895954905,C,-17.709,-27.608,-8.879
B,379,THR,90.10736155219226,0.6376524112774669,C,-17.95,-27.074,-12.601
B,380,LYS,73.4139937661477,0.7047812391638327,C,-14.642,-25.834,-13.822
B,381,PRO,24.48994623905264,0.9015188901905064,C,-11.004,-26.68,-13.685
B,382,ARG,65.36635179463534,0.7371431196256274,C,-9.852,-23.287,-12.294
B,383,PRO,4.913350379249521,0.980242006515319,C,-11.13,-21.073,-9.593
B,384,THR,11.132095337918672,0.9552346463858252,C,-12.266,-17.494,-9.953
B,385,ARG,9.56318396671593,0.9615436897589951,C,-10.04,-14.712,-8.712
B,386,ALA,0.0,1.0,C,-12.562,-14.141,-5.893
B,387,GLU,0.0,1.0,C,-12.28,-17.695,-4.751
B,388,THR,0.8494866535306799,0.9965839701079192,C,-8.523,-17.934,-4.734
B,389,SER,4.247433267653399,0.9829198505395963,C,-8.432,-14.756,-2.846
B,390,ASP,0.0,1.0,C,-11.097,-16.031,-0.486
B,391,VAL,0.0,1.0,C,-8.748,-18.8,0.64
B,392,ALA,0.0,1.0,C,-5.691,-16.673,1.226
B,393,ASN,3.214377072188161,0.9870740662994805,C,-7.527,-14.395,3.484
B,394,ALA,0.0,1.0,C,-9.114,-17.148,5.541
B,395,VAL,0.0,1.0,C,-5.569,-18.275,6.175
B,396,LEU,41.1509430543946,0.8345202352775428,C,-4.27,-14.764,6.723
B,397,ASP,19.653401516998084,0.920968026061276,C,-7.231,-14.106,9.002
B,398,GLY,7.154034790754675,0.9712315707461306,C,-6.093,-16.965,11.23
B,399,ALA,0.0,1.0,C,-8.355,-19.852,10.332
B,400,ASP,5.357295120313602,0.9784567771658008,C,-7.216,-23.248,11.616
B,401,CYS,0.0,1.0,C,-8.647,-25.254,8.719
B,402,ILE,0.0,1.0,C,-10.409,-24.476,5.435
B,403,MET,2.4152564320798326,0.9902875599813917,C,-12.956,-26.703,3.851
B,404,LEU,0.0,1.0,C,-14.559,-27.904,0.601
B,405,SER,27.54171447549099,0.8892468533361928,C,-18.074,-29.138,-0.1
B,406,GLY,9.097109846999961,0.9634179076978616,C,-19.638,-29.159,-3.541
B,407,GLU,0.0,1.0,C,-16.049,-28.864,-4.65
B,408,THR,0.0,1.0,C,-15.259,-32.351,-3.371
B,409,ALA,10.91012296738663,0.9561272610605843,C,-18.558,-34.117,-3.092
B,410,LYS,137.0702635820986,0.44880108973374877,C,-20.175,-33.604,-6.489
B,411,GLY,4.913350379249521,0.980242006515319,C,-18.088,-31.731,-8.843
B,412,ASN,119.26235925352532,0.5204117892649138,C,-15.995,-32.649,-11.739
B,413,PHE,47.88792513719992,0.8074288947819335,C,-12.714,-31.688,-10.033
B,414,PRO,9.569291222834508,0.9615191307275224,C,-12.384,-33.11,-6.484
B,415,VAL,7.645379881776119,0.9692557309712733,C,-8.615,-33.736,-6.545
B,416,GLU,62.947262619518135,0.7468709722051392,C,-7.922,-30.466,-8.275
B,417,ALA,0.0,1.0,C,-10.051,-28.605,-5.682
B,418,VAL,0.0,1.0,C,-7.803,-30.084,-2.975
B,419,LYS,130.68163385909392,0.4744916053086722,C,-4.629,-29.39,-4.844
B,420,MET,13.752950159620038,0.9446954361739576,C,-5.5,-25.71,-4.927
B,421,GLN,0.0,1.0,C,-6.369,-25.088,-1.319
B,422,HIS,56.88418986001967,0.7712523296970133,C,-3.032,-26.672,-0.795
B,423,ALA,30.090174436083032,0.8789987636599506,C,-1.133,-24.3,-3.078
B,424,ILE,0.0,1.0,C,-2.915,-21.102,-1.973
B,425,ALA,0.0,1.0,C,-2.489,-21.968,1.727
B,426,ARG,74.59980676280111,0.7000127444192128,C,1.262,-22.491,1.275
B,427,GLU,7.056268427374962,0.9716247173816394,C,1.858,-18.914,0.089
B,428,ALA,0.0,1.0,C,-0.729,-17.423,2.385
B,429,GLU,14.257703568086999,0.9426656777024308,C,1.108,-18.963,5.297
B,430,ALA,4.247433267653399,0.9829198505395963,C,4.467,-17.732,4.082
B,431,ALA,4.063863725718841,0.9836580364073998,C,2.969,-14.145,4.279
B,432,VAL,9.344353188837479,0.9624236711871118,C,1.726,-14.212,7.871
B,433,TYR,18.910678748206994,0.9239547276994646,C,3.108,-11.282,9.837
B,434,HIS,15.893003075245401,0.9360896685612157,C,4.129,-13.369,12.804
B,435,ARG,53.51451757977924,0.7848027500455556,C,6.159,-10.396,14.074
B,436,GLN,36.70366679486106,0.8524040108233571,C,3.143,-8.425,15.201
B,437,LEU,31.43100618063516,0.8736068939930125,C,1.338,-11.666,15.765
B,438,PHE,6.795893228245439,0.972671760863354,C,3.491,-13.498,18.298
B,439,GLU,25.898586119439848,0.8958543445280406,C,4.002,-10.153,20.115
B,440,GLU,11.525674065560402,0.9536519532464766,C,0.26,-9.635,20.306
B,441,LEU,1.6989733070613597,0.9931679402158385,C,-0.324,-13.028,21.939
B,442,ARG,44.446813040016885,0.8212665951591218,C,2.335,-12.868,24.634
B,443,ARG,81.60281891151241,0.6718516205979326,C,0.771,-9.506,25.556
B,444,ALA,42.49474046241172,0.8291164398257744,C,-2.791,-10.804,25.396
B,445,ALA,6.834296056842922,0.9725173320563985,C,-2.085,-14.225,26.819
B,446,PRO,103.9510786067598,0.5819828476894349,C,-2.524,-14.116,30.635
B,447,LEU,116.7257493804226,0.5306122263348213,C,0.301,-15.29,32.822
B,448,SER,20.09303599294144,0.9192001295261512,C,0.392,-19.067,33.541
B,449,ARG,140.15347287781407,0.43640261934703906,C,1.915,-21.48,36.003
B,450,ASP,50.63443109867426,0.7963844052373601,C,1.443,-24.688,34.058
B,451,PRO,49.36196041026425,0.8015013754573614,C,4.829,-26.118,33.064
B,452,THR,5.096919921184079,0.9795038206475155,C,3.598,-27.063,29.617
B,453,GLU,28.130273009585125,0.8868800903772358,C,2.441,-23.583,28.642
B,454,VAL,0.0,1.0,C,5.658,-22.267,29.953
B,455,THR,0.0,1.0,C,7.787,-24.729,28.0
B,456,ALA,0.8494866535306799,0.9965839701079192,C,5.902,-24.187,24.766
B,457,ILE,0.0,1.0,C,6.11,-20.44,24.898
B,458,GLY,0.0,1.0,C,9.785,-21.02,25.556
B,459,ALA,0.0,1.0,C,10.189,-23.552,22.818
B,460,VAL,0.0,1.0,C,8.539,-21.055,20.462
B,461,GLU,3.214377072188161,0.9870740662994805,C,10.639,-18.02,21.373
B,462,ALA,0.0,1.0,C,13.61,-20.289,20.937
B,463,ALA,2.142918048125441,0.9913827108663203,C,12.42,-21.297,17.475
B,464,PHE,49.05111866674747,0.8027513594131381,C,12.229,-17.735,16.361
B,465,LYS,8.494866535306798,0.9658397010791926,C,15.723,-16.925,17.577
B,466,CYS,1.0714590240627204,0.9956913554331601,C,17.326,-19.464,15.276
B,467,CYS,49.98927363133307,0.7989787687678249,C,14.86,-19.896,12.348
B,468,ALA,4.285836096250882,0.9827654217326407,C,14.338,-23.331,13.766
B,469,ALA,23.332684036435076,0.9061725739896409,C,13.052,-25.624,11.052
B,470,ALA,0.0,1.0,C,10.698,-27.503,13.364
B,471,ILE,0.0,1.0,C,9.69,-28.119,16.958
B,472,ILE,0.0,1.0,C,9.39,-31.83,17.747
B,473,VAL,0.0,1.0,C,7.102,-32.814,20.55
B,474,LEU,0.0,1.0,C,6.334,-36.112,22.122
B,475,THR,0.8494866535306799,0.9965839701079192,C,2.722,-35.942,22.978
B,476,THR,44.08147094714562,0.8227357406776494,C,0.234,-38.535,24.32
B,477,THR,70.40359402177182,0.7168869214263602,C,-3.051,-36.659,23.839
B,478,GLY,5.185688763203913,0.9791468556303904,C,-1.624,-33.816,21.771
B,479,ARG,120.35787031094392,0.5160064245617804,C,-2.392,-31.182,24.367
B,480,SER,0.0,1.0,C,1.257,-30.098,24.356
B,481,ALA,0.0,1.0,C,1.39,-30.109,20.653
B,482,GLN,35.16884798713507,0.8585759582039647,C,-1.523,-27.693,20.87
B,483,LEU,7.870317915773149,0.9683511905116838,C,0.098,-25.353,23.339
B,484,LEU,0.0,1.0,C,2.935,-24.946,20.889
B,485,SER,5.984809403312242,0.9759333619484792,C,0.715,-23.816,18.025
B,486,TRP,45.247630140158144,0.8180462795240238,C,-1.291,-21.496,20.196
B,487,TYR,0.0,1.0,C,1.682,-19.154,19.604
B,488,ARG,13.5855032711837,0.9453687882199927,C,1.863,-19.975,15.961
B,489,PRO,10.89815978256176,0.9561753684637982,C,5.492,-20.829,15.608
B,490,ARG,62.32443559275864,0.7493755386184706,C,6.61,-20.71,12.04
B,491,ALA,8.31129699337224,0.9665778869469961,C,8.77,-23.77,12.458
B,492,ALA,10.193839842368158,0.9590076412950311,C,6.702,-26.9,11.933
B,493,VAL,0.0,1.0,C,5.347,-28.602,14.989
B,494,ILE,0.0,1.0,C,6.052,-32.299,14.454
B,495,ALA,0.0,1.0,C,4.112,-34.35,17.026
B,496,VAL,0.0,1.0,C,5.263,-37.965,17.738
B,497,THR,0.0,1.0,C,2.555,-39.976,19.481
B,498,ARG,68.24557119616793,0.7255649512098961,C,1.39,-43.584,19.79
B,499,SER,45.9106821192542,0.8153799570206843,C,-2.292,-42.74,19.938
B,500,ALA,31.03139559509853,0.8752138429659144,C,-3.45,-42.91,16.311
B,501,GLN,65.08272880986925,0.7382836491324951,C,-6.51,-40.956,17.539
B,502,ALA,4.247433267653399,0.9829198505395963,C,-4.68,-38.04,19.078
B,503,ALA,0.0,1.0,C,-2.393,-38.208,16.108
B,504,ARG,47.81535434690199,0.8077207227793709,C,-5.564,-37.466,14.101
B,505,GLN,16.39162409485256,0.9340845701871348,C,-7.367,-34.962,16.222
B,506,VAL,6.304548137223995,0.9746476006382114,C,-4.132,-33.0,16.131
B,507,HIS,15.290759763552238,0.9385114619425466,C,-5.157,-31.871,12.613
B,508,LEU,3.7560881766319563,0.9848956903144537,C,-7.501,-29.352,14.099
B,509,CYS,11.340697090117036,0.9543957988087758,C,-4.378,-27.317,14.939
B,510,ARG,17.921881310045535,0.9279309662806519,C,-2.451,-25.038,12.732
B,511,GLY,6.795893228245439,0.972671760863354,C,0.925,-26.353,11.669
B,512,VAL,5.357295120313602,0.9784567771658008,C,1.094,-29.539,13.815
B,513,PHE,23.74415727583165,0.9045179218774178,C,2.063,-32.578,11.805
B,514,PRO,1.6989733070613597,0.9931679402158385,C,1.226,-35.796,13.545
B,515,LEU,0.0,1.0,C,3.428,-38.843,13.192
B,516,LEU,13.100441365469434,0.9473193615015655,C,2.116,-42.116,14.456
B,517,TYR,7.239837969309519,0.9708865315138359,C,4.728,-44.114,16.309
B,518,ARG,107.10997515268558,0.5692800171246185,C,4.161,-47.869,16.112
B,519,GLU,84.98892800451641,0.6582351031029579,C,7.24,-49.606,17.761
B,520,PRO,113.33680028765974,0.5442401642847607,C,6.739,-51.455,21.051
B,521,PRO,105.5342905077217,0.5756162977775492,C,8.232,-49.567,24.075
B,522,GLU,56.846691810106414,0.771403120128936,C,11.876,-50.126,24.961
B,523,ALA,114.45799700661412,0.5397315101570798,C,12.788,-51.401,28.396
B,524,ILE,110.61673396995802,0.5551783324255926,C,14.298,-48.037,29.335
B,525,TRP,77.01457310642695,0.6903022751870809,C,12.084,-44.996,29.257
B,526,ALA,57.85682694557105,0.767341076536554,C,15.074,-42.773,28.396
B,527,ASP,58.634433959187604,0.7642140953276493,C,16.004,-44.849,25.304
B,528,ASP,0.0,1.0,C,12.335,-44.897,24.15
B,529,VAL,11.892813149429518,0.9521755815108696,C,11.92,-41.175,24.316
B,530,ASP,68.7808734515984,0.7234123470480196,C,15.053,-40.882,22.256
B,531,ARG,137.04999402629764,0.448882599441085,C,13.914,-43.334,19.559
B,532,ARG,1.6989733070613597,0.9931679402158385,C,10.681,-41.371,19.39
B,533,VAL,0.0,1.0,C,12.513,-38.039,18.993
B,534,GLN,93.4635124176516,0.6241563644224732,C,14.929,-39.364,16.335
B,535,PHE,14.799414672530794,0.940487301717404,C,11.929,-41.008,14.692
B,536,GLY,0.0,1.0,C,10.603,-37.445,14.256
B,537,ILE,8.003521444285354,0.96781554085405,C,13.903,-36.233,12.816
B,538,GLU,92.85628025682456,0.6265982193994721,C,14.143,-39.215,10.373
B,539,SER,0.0,1.0,C,10.545,-38.665,9.295
B,540,GLY,0.0,1.0,C,11.453,-34.99,9.157
B,541,LYS,101.32401599797494,0.5925470211966677,C,14.379,-35.426,6.797
B,542,LEU,113.37637178872437,0.5440810359100542,C,12.509,-37.979,4.66
B,543,ARG,67.98636466950555,0.7266072951238598,C,9.556,-35.654,3.833
B,544,GLY,48.334383152386884,0.8056335588351015,C,11.845,-32.514,3.759
B,545,PHE,40.177250393711596,0.838435733208874,C,10.988,-30.409,6.841
B,546,LEU,1.6989733070613597,0.9931679402158385,C,14.608,-30.451,7.843
B,547,ARG,177.86629463123185,0.28474852815096674,C,17.963,-30.785,6.145
B,548,VAL,112.24734622087728,0.5486211720883677,C,21.335,-31.357,7.842
B,549,GLY,53.14448823066883,0.7862907443680733,C,22.745,-28.217,9.482
B,550,ASP,23.708267721357046,0.9046622440870594,C,19.273,-27.107,10.521
B,551,LEU,4.247433267653399,0.9829198505395963,C,18.539,-26.438,14.119
B,552,VAL,0.0,1.0,C,15.6,-28.094,15.905
B,553,ILE,0.0,1.0,C,13.751,-27.648,19.141
B,554,VAL,0.0,1.0,C,12.671,-30.702,20.994
B,555,VAL,0.0,1.0,C,10.031,-30.69,23.708
B,556,THR,5.946406574714759,0.9760877907554348,C,9.548,-33.629,26.156
B,557,GLY,6.206781773844282,0.9750407472737201,C,8.734,-34.703,29.747
B,558,TRP,154.86036136351134,0.3772619954445523,C,10.463,-35.775,32.973
B,559,ARG,97.91935894194418,0.6062381253798186,C,8.422,-38.988,33.448
B,560,PRO,65.36603763536998,0.7371443829502916,C,5.91,-41.113,31.498
B,561,GLY,23.047037866000075,0.9073212393073464,C,2.281,-40.072,30.949
B,562,SER,55.72838535639336,0.7759001516697059,C,0.185,-37.109,29.926
B,563,GLY,48.52695021568132,0.8048591913489145,C,0.393,-33.842,31.783
B,564,TYR,77.76160614033877,0.687298240734499,C,4.057,-33.598,32.489
B,565,THR,0.0,1.0,C,5.765,-31.95,29.549
B,566,ASN,10.193839842368158,0.9590076412950311,C,8.546,-29.712,30.871
B,567,ILE,23.161077679325388,0.9068626524542305,C,11.803,-29.715,28.897
B,568,MET,0.0,1.0,C,13.063,-28.002,25.812
B,569,ARG,43.929518393676794,0.8233467855512446,C,16.316,-28.725,24.036
B,570,VAL,1.0714590240627204,0.9956913554331601,C,18.202,-27.376,21.123
B,571,LEU,28.033059566512435,0.8872710135613355,C,19.719,-29.855,18.706
B,572,SER,81.37559379806356,0.6727653580610776,C,21.558,-29.47,15.449
B,573,ILE,41.35492038220689,0.8336999838395509,C,20.818,-31.934,12.664
C,57,GLN,159.94889951549564,0.35679952159410955,C,23.403,16.24,11.387
C,58,GLN,87.97707270653426,0.6462189147596444,C,22.347,18.605,14.108
C,59,GLN,44.75458858910377,0.8200289412520679,C,19.838,18.46,16.957
C,60,GLN,0.0,1.0,C,20.305,14.69,17.224
C,61,LEU,27.183572912981756,0.8906870434534162,C,18.171,14.209,14.073
C,62,PRO,53.828400384984704,0.783540537107029,C,19.6,10.761,13.211
C,63,ALA,0.0,1.0,C,18.736,9.632,16.806
C,64,ALA,11.931215978027002,0.952021152703914,C,15.449,11.506,16.27
C,65,MET,103.17588433630124,0.585100126564918,C,14.578,8.994,13.458
C,66,ALA,2.5484599605920395,0.9897519103237578,C,15.456,5.734,15.227
C,67,ASP,53.71811791647309,0.7839840145971606,C,12.884,3.008,15.202
C,68,THR,19.896334593714872,0.9199911223649195,C,13.067,2.163,18.899
C,69,PHE,66.04381740082606,0.734418835786693,C,14.162,3.835,22.043
C,70,LEU,11.401468058408074,0.9541514212857269,C,17.286,1.709,22.085
C,71,GLU,60.120432417076806,0.7582384685998633,C,18.621,2.498,18.683
C,72,HIS,0.0,1.0,C,17.672,6.01,19.519
C,73,LEU,6.304548137223995,0.9746476006382114,C,20.248,6.131,22.312
C,74,CYS,12.11478551996156,0.9512829668361105,C,22.61,4.114,20.217
C,75,LEU,66.61503434347236,0.7321218083492016,C,22.573,7.173,17.964
C,76,LEU,1.9209456775934002,0.9922753255410794,C,23.085,10.196,20.227
C,77,ASP,35.89985889851357,0.8556363533092587,C,26.014,12.208,18.997
C,78,ILE,0.8494866535306799,0.9965839701079192,C,28.254,14.381,21.091
C,79,ASP,57.311597257355245,0.7695336017578203,C,29.372,16.215,17.934
C,80,SER,3.6199189846547597,0.985443265756918,C,25.765,16.941,16.973
C,81,GLU,89.64245610494345,0.6395219296485825,C,25.639,20.586,17.987
C,82,PRO,5.096919921184079,0.9795038206475155,C,22.189,21.692,19.204
C,83,VAL,84.40685371765927,0.6605757910408452,C,20.59,24.444,17.25
C,84,ALA,38.046119601222415,0.8470056224011517,C,17.431,25.328,18.97
C,85,ALA,13.8521616556204,0.9442964782449934,C,16.339,27.839,21.583
C,86,ARG,20.88901504039618,0.9159992690908823,C,16.62,26.02,24.886
C,87,SER,26.410891916646037,0.8937942157315858,C,13.047,25.459,26.01
C,88,THR,1.0714590240627204,0.9956913554331601,C,13.268,24.53,29.657
C,89,SER,3.8418913551868004,0.9845506510821589,C,12.788,27.644,31.733
C,90,ILE,0.0,1.0,C,15.299,28.643,34.393
C,91,ILE,0.0,1.0,C,14.246,29.831,37.798
C,92,ALA,0.0,1.0,C,17.008,31.59,39.747
C,93,THR,5.455061483693315,0.9780636305302921,C,16.346,32.495,43.346
C,94,ILE,3.214377072188161,0.9870740662994805,C,17.37,35.999,44.281
C,95,GLY,2.5484599605920395,0.9897519103237578,C,19.643,36.6,47.242
C,96,PRO,100.6713061418945,0.5951717550520608,C,22.654,38.631,48.258
C,97,ALA,27.22197574157924,0.8905326146464606,C,24.822,37.016,45.578
C,98,SER,0.0,1.0,C,22.322,38.102,42.923
C,99,ARG,51.34022130422974,0.7935462200466986,C,20.511,41.193,44.234
C,100,SER,62.348361962408376,0.7492793238120428,C,22.426,43.998,42.567
C,101,VAL,33.84626261271499,0.8638944539744042,C,21.138,45.251,39.274
C,102,GLU,114.29797684321086,0.5403749972080525,C,24.328,44.64,37.37
C,103,ARG,82.14039568002407,0.669689869965487,C,24.529,41.03,38.411
C,104,LEU,0.0,1.0,C,20.815,40.762,37.551
C,105,LYS,64.31374232649415,0.7413759647126135,C,21.551,42.194,34.142
C,106,GLU,78.26139583241307,0.6852884427926671,C,24.163,39.428,33.719
C,107,MET,0.0,1.0,C,21.912,36.592,34.87
C,108,ILE,0.0,1.0,C,19.243,37.573,32.429
C,109,LYS,141.34296782105747,0.43161931843735435,C,21.663,37.599,29.615
C,110,ALA,11.931215978027,0.952021152703914,C,22.732,34.171,30.773
C,111,GLY,9.344353188837479,0.9624236711871118,C,19.185,32.795,30.405
C,112,MET,0.0,1.0,C,17.326,33.499,33.617
C,113,ASN,17.839219724144275,0.9282633722663044,C,13.624,33.579,33.073
C,114,ILE,0.0,1.0,C,12.04,33.582,36.478
C,115,ALA,0.0,1.0,C,13.284,35.172,39.608
C,116,ARG,16.628449915450773,0.9331322255222508,C,12.298,33.547,42.873
C,117,LEU,0.0,1.0,C,11.702,35.27,46.149
C,118,ASN,33.21264107359777,0.8664424282231985,C,12.179,33.021,49.096
C,119,PHE,7.056268427374962,0.9716247173816394,C,10.001,34.252,51.827
C,120,SER,5.3572951203136014,0.9784567771658008,C,11.597,31.838,54.213
C,121,HIS,72.84630797364404,0.7070640668320982,C,14.026,34.672,54.722
C,122,GLY,50.10757344429665,0.7985030512322621,C,14.14,38.423,54.779
C,123,SER,68.04455953182062,0.7263732768630577,C,11.719,41.191,55.562
C,124,HIS,50.658181539135406,0.7962888978927442,C,9.196,42.594,53.176
C,125,GLU,126.37435953457494,0.49181239285111866,C,11.229,45.709,52.673
C,126,TYR,62.10119401879455,0.7502732571248731,C,14.053,43.422,51.609
C,127,HIS,0.8494866535306799,0.9965839701079192,C,12.03,41.637,48.915
C,128,ALA,24.321305545407938,0.9021970428702656,C,10.458,44.841,47.765
C,129,GLU,90.06840580328776,0.6378090635358314,C,13.931,45.873,46.742
C,130,SER,0.0,1.0,C,14.515,42.662,44.947
C,131,ILE,1.6989733070613597,0.9931679402158385,C,11.495,42.977,42.731
C,132,ALA,57.895229774168534,0.7671866477295984,C,12.372,46.572,42.169
C,133,ASN,34.50021653948624,0.8612647173533409,C,15.798,45.395,41.084
C,134,VAL,0.8494866535306799,0.9965839701079192,C,14.604,42.575,38.816
C,135,ARG,90.51808080935197,0.6360007911444377,C,12.298,44.971,37.054
C,136,GLU,102.13399398229411,0.5892898670143605,C,15.058,47.46,36.534
C,137,ALA,0.0,1.0,C,17.581,44.99,35.136
C,138,VAL,3.3979466141227195,0.9863358804316771,C,14.728,43.808,33.021
C,139,GLU,76.55694358776384,0.6921425349589728,C,13.744,47.114,31.542
C,140,SER,58.353650974180354,0.7653432043795525,C,17.351,47.875,30.807
C,141,PHE,40.331314097443645,0.8378161987935351,C,16.758,45.984,27.572
C,142,ALA,43.13421793023522,0.8265449172052388,C,13.444,47.597,26.726
C,143,GLY,76.61451013154823,0.6919110433474991,C,15.914,49.16,24.239
C,144,SER,59.83964943206956,0.7593675776517665,C,14.847,46.874,21.341
C,145,PRO,49.003818847755014,0.8029415655745848,C,11.353,45.287,21.32
C,146,LEU,42.207925619509574,0.8302698047112308,C,12.943,42.507,19.237
C,147,SER,40.09144721515675,0.8387807724411688,C,15.324,41.382,21.987
C,148,TYR,4.285836096250882,0.9827654217326407,C,13.396,42.27,25.235
C,149,ARG,74.50129898355513,0.7004088725009291,C,13.134,39.184,27.447
C,150,PRO,0.0,1.0,C,10.299,39.419,29.974
C,151,VAL,1.0714590240627204,0.9956913554331601,C,11.095,37.902,33.37
C,152,ALA,0.0,1.0,C,8.636,36.402,35.774
C,153,ILE,2.5484599605920395,0.9897519103237578,C,8.603,37.114,39.422
C,154,ALA,0.0,1.0,C,7.601,34.287,41.667
C,155,LEU,0.0,1.0,C,7.084,34.375,45.36
C,156,ASP,2.142918048125441,0.9913827108663203,C,8.002,31.316,47.307
C,157,THR,1.6989733070613597,0.9931679402158385,C,5.782,31.036,50.289
C,158,LYS,54.367145825963505,0.7813740869068325,C,7.584,30.306,53.496
C,159,GLY,3.214377072188161,0.9870740662994805,C,4.898,28.006,54.952
C,160,PRO,17.288511098340603,0.9304779298697148,C,5.114,25.796,58.081
C,161,GLU,39.92531979563493,0.8394488185236141,C,8.967,25.637,58.349
C,162,ILE,21.595307900776234,0.9131590625807581,C,10.886,24.722,61.475
C,163,ARG,33.01279808171762,0.8672460543086091,C,14.182,26.452,62.061
C,164,THR,5.31889229171612,0.9786112059727564,C,16.642,26.633,64.974
C,165,GLY,1.9209456775934002,0.9922753255410794,C,17.905,29.794,66.653
C,166,ILE,48.37333890129139,0.8054769065767369,C,20.781,32.123,66.22
C,167,LEU,9.655094401389352,0.9611740914952276,C,23.913,30.985,67.913
C,168,GLN,101.23551104973802,0.5929029250210749,C,25.208,32.317,71.234
C,169,GLY,80.01534701091225,0.6782353011922653,C,26.553,35.511,69.54
C,170,GLY,0.8494866535306799,0.9965839701079192,C,26.686,33.583,66.329
C,171,PRO,99.356914041115,0.6004573033152572,C,25.112,34.897,63.138
C,172,GLU,152.3707120173945,0.38727359074365053,C,28.068,33.249,61.243
C,173,SER,49.85033983782071,0.7995374614673344,C,29.744,31.145,63.896
C,174,GLU,124.2512963520202,0.5003498398660189,C,29.112,27.464,64.705
C,175,VAL,16.140246417082917,0.9350954320504659,C,28.773,24.948,67.468
C,176,GLU,94.23606775028121,0.6210496974741693,C,30.069,21.461,66.69
C,177,LEU,1.0714590240627204,0.9956913554331601,C,27.598,18.702,67.518
C,178,VAL,85.75668298357128,0.6551477397555234,C,29.551,15.542,68.508
C,179,LYS,167.25523871809634,0.32741863254302106,C,28.254,11.985,67.843
C,180,GLY,48.19821396040968,0.8061811342775658,C,26.785,10.335,70.957
C,181,SER,37.73555431785915,0.8482544946312239,C,26.51,13.361,73.261
C,182,GLN,99.16409565040829,0.6012326814611755,C,23.537,14.883,75.09
C,183,VAL,0.0,1.0,C,21.696,17.638,73.312
C,184,LEU,47.7961906317151,0.8077977855838889,C,19.022,19.588,75.047
C,185,VAL,0.0,1.0,C,16.327,20.626,72.643
C,186,THR,4.605574830162636,0.9814796604223729,C,14.434,23.597,74.048
C,187,VAL,32.493467683338,0.8693344310445562,C,11.355,25.711,73.488
C,188,ASP,46.00789556232688,0.8149890338365846,C,12.197,28.48,75.947
C,189,PRO,115.38195197240546,0.5360160217865899,C,12.266,31.889,74.227
C,190,ALA,61.73712112935534,0.7517372988117572,C,14.937,32.959,76.767
C,191,PHE,82.05086028939677,0.6700499174947929,C,17.321,30.535,75.18
C,192,ARG,94.42653622968304,0.6202837689967393,C,16.426,31.636,71.604
C,193,THR,84.03674897032516,0.6620640885612825,C,19.757,33.459,71.438
C,194,ARG,128.70731880550136,0.4824308933615522,C,21.693,30.936,73.534
C,195,GLY,2.77043233112408,0.9888592956489987,C,22.886,28.165,71.137
C,196,ASN,55.94579613439238,0.7750258804690715,C,25.782,25.955,72.179
C,197,ALA,41.444242144533746,0.8333407953710168,C,27.088,22.375,71.647
C,198,ASN,89.44101718399526,0.6403319734232875,C,24.518,21.185,74.15
C,199,THR,17.87762255274176,0.9281089434593488,C,21.36,23.073,73.33
C,200,VAL,2.5484599605920395,0.9897519103237578,C,19.588,23.821,70.048
C,201,TRP,29.240687782552357,0.8824147935520313,C,16.627,26.192,70.159
C,202,VAL,1.0714590240627204,0.9956913554331601,C,13.686,25.652,67.874
C,203,ASP,50.74963958446672,0.7959211188164932,C,10.9,28.054,66.771
C,204,TYR,8.361663006794592,0.9663753507368266,C,8.194,25.31,66.848
C,205,PRO,95.45917773491799,0.6161312208254119,C,6.585,25.373,70.328
C,206,ASN,47.601399320821926,0.8085810974086988,C,4.436,22.313,69.787
C,207,ILE,0.0,1.0,C,7.478,20.249,68.753
C,208,VAL,34.73711775830813,0.8603120694905376,C,7.414,19.132,72.395
C,209,ARG,193.5830040931284,0.22154712398076237,C,3.894,17.676,72.468
C,210,VAL,43.86966477044059,0.823587474166274,C,4.427,16.217,68.954
C,211,VAL,3.350546264165357,0.9865264908570162,C,7.825,14.429,68.815
C,212,PRO,86.0230900405957,0.6540764404402555,C,7.67,11.087,70.683
C,213,VAL,72.85428761898416,0.7070319783856267,C,10.447,9.502,72.688
C,214,GLY,51.62008694418214,0.792420799902815,C,12.343,7.171,70.369
C,215,GLY,18.083321473328205,0.9272817690021968,C,11.626,9.849,67.716
C,216,ARG,109.33684912288557,0.5603251171076697,C,14.239,11.219,65.342
C,217,ILE,0.0,1.0,C,15.121,14.95,64.773
C,218,TYR,44.415686140005114,0.8213917653668539,C,17.046,15.988,61.671
C,219,ILE,0.0,1.0,C,18.727,19.373,61.661
C,220,ASP,27.857934625630733,0.8879752412621644,C,20.179,21.404,58.809
C,221,ASP,49.09806662736272,0.8025625681753155,C,19.316,19.61,55.602
C,222,GLY,3.3979466141227195,0.9863358804316771,C,18.908,16.269,57.331
C,223,LEU,26.4258207649359,0.8937341825435415,C,22.616,16.216,57.946
C,224,ILE,1.2076282160399163,0.9951437799906959,C,22.611,16.643,61.706
C,225,SER,1.6989733070613597,0.9931679402158385,C,20.653,13.928,63.467
C,226,LEU,0.0,1.0,C,19.102,13.584,66.869
C,227,VAL,33.48812105020575,0.8653346440916276,C,17.138,10.788,68.618
C,228,VAL,0.0,1.0,C,14.515,11.729,71.27
C,229,GLN,74.56299986327164,0.7001607555368741,C,15.044,9.59,74.362
C,230,LYS,158.6067608683996,0.3621966466916511,C,13.228,11.683,77.065
C,231,ILE,100.76007498391434,0.5948147900349356,C,10.396,14.246,76.927
C,232,GLY,10.01323596389859,0.9597339013780042,C,10.978,16.991,79.533
C,233,PRO,152.23806140918933,0.3878070169498754,C,8.637,19.589,81.09
C,234,GLU,93.95221857084404,0.6221911365747954,C,10.849,22.209,79.373
C,235,GLY,0.0,1.0,C,12.356,20.416,76.381
C,236,LEU,0.0,1.0,C,13.899,17.364,74.799
C,237,VAL,46.230420853165946,0.8140941957104165,C,16.889,15.331,75.935
C,238,THR,0.0,1.0,C,18.367,13.637,72.816
C,239,GLN,84.82736217752759,0.6588848057112786,C,21.502,11.751,72.027
C,240,VAL,0.0,1.0,C,23.231,12.969,68.899
C,241,GLU,67.99974785420983,0.7265534774931637,C,23.145,10.064,66.308
C,242,ASN,30.56327315697243,0.8770962977815918,C,24.683,12.038,63.517
C,243,GLY,24.433548367735398,0.9017456822342291,C,26.965,14.918,64.261
C,244,GLY,24.63511295238972,0.9009351331296584,C,28.287,17.87,62.247
C,245,VAL,90.1667250869745,0.6374136934489137,C,29.085,21.609,62.182
C,246,LEU,1.6989733070613597,0.9931679402158385,C,25.758,23.29,63.164
C,247,GLY,3.3979466141227195,0.9863358804316771,C,24.884,26.912,62.158
C,248,SER,18.321567293805842,0.9263237141098306,C,21.905,29.373,62.773
C,249,ARG,88.3024914399637,0.6449103125394473,C,18.259,29.663,61.761
C,250,LYS,79.84860383923032,0.6789058233910525,C,18.447,26.222,60.178
C,251,GLY,23.294281207837592,0.9063270027965966,C,15.696,24.058,58.796
C,252,VAL,4.285836096250882,0.9827654217326407,C,14.214,21.386,61.048
C,253,ASN,7.239837969309519,0.9708865315138359,C,12.467,18.223,59.876
C,254,LEU,21.49754153739652,0.9135522092162668,C,10.374,15.958,62.168
C,255,PRO,26.90520267113247,0.8918064501718981,C,9.424,13.096,59.858
C,256,GLY,102.06187558133828,0.5895798758242814,C,6.825,10.538,60.853
C,257,ALA,61.724605024223436,0.7517876296663802,C,6.02,13.146,63.53
C,260,ASP,120.1479113907192,0.5168507297013794,C,-0.127,20.652,63.488
C,261,LEU,56.67563837330375,0.7720909751421164,C,1.458,23.606,61.751
C,262,PRO,81.15110815340866,0.6736680793331505,C,-1.279,25.186,59.448
C,263,GLY,26.755725692674673,0.8924075400471392,C,-0.177,25.384,55.783
C,264,LEU,45.48714516406783,0.817083120800014,C,-1.253,29.02,55.832
C,265,SER,35.903377482285585,0.8556222040730194,C,-0.141,30.959,58.837
C,266,GLU,134.79889209355318,0.45793492705613925,C,-0.964,34.614,59.523
C,267,GLN,65.19362703054097,0.7378376955260216,C,2.423,35.503,57.981
C,268,ASP,0.0,1.0,C,1.796,33.429,54.88
C,269,VAL,51.552278808347054,0.7926934758983426,C,-1.334,35.45,54.435
C,270,ARG,126.21890096370471,0.4924375364279667,C,0.704,38.585,55.024
C,271,ASP,0.0,1.0,C,3.196,37.466,52.42
C,272,LEU,0.0,1.0,C,0.67,36.813,49.653
C,273,ARG,112.12312764735435,0.5491206906606045,C,-0.822,40.125,50.298
C,274,PHE,16.140246417082917,0.9350954320504659,C,2.556,41.617,49.716
C,275,GLY,0.0,1.0,C,2.886,39.482,46.62
C,276,VAL,21.450141187439158,0.9137428196416059,C,-0.373,40.737,45.182
C,277,GLU,147.96263026780713,0.4049997539043555,C,0.43,44.298,46.119
C,278,HIS,59.381793718735395,0.7612087470174168,C,3.581,44.173,44.063
C,279,GLY,33.44072070024839,0.8655252545169668,C,2.415,42.248,41.029
C,280,VAL,1.0714590240627204,0.9956913554331601,C,4.281,39.0,41.394
C,281,ASP,0.0,1.0,C,3.312,36.59,38.643
C,282,ILE,0.0,1.0,C,3.489,33.178,40.336
C,283,VAL,0.0,1.0,C,3.161,31.798,43.826
C,284,PHE,0.0,1.0,C,5.179,28.682,44.558
C,285,ALA,3.3979466141227195,0.9863358804316771,C,3.23,27.299,47.556
C,286,SER,8.127727451437682,0.9673160728147996,C,5.307,25.453,50.238
C,287,PHE,23.702688252804265,0.9046846807330962,C,4.084,22.262,51.921
C,288,VAL,1.6989733070613597,0.9931679402158385,C,0.891,21.828,49.97
C,289,ARG,88.08366066208524,0.6457902939675642,C,-0.455,18.606,51.396
C,290,LYS,77.79148896965972,0.6871780732924373,C,-4.092,18.542,50.099
C,291,ALA,16.229015259102752,0.9347384670333407,C,-6.312,20.364,47.598
C,292,SER,72.99631273966763,0.7064608545714213,C,-8.048,22.43,50.349
C,293,ASP,16.882969185874003,0.9321087304122774,C,-4.557,23.945,50.94
C,294,VAL,0.0,1.0,C,-4.53,25.622,47.523
C,295,ALA,57.895229774168534,0.7671866477295984,C,-8.09,26.925,47.923
C,296,ALA,35.275863199286945,0.858145619290341,C,-6.621,28.555,51.008
C,297,VAL,2.9066015231012763,0.9883117202065343,C,-3.756,30.18,49.022
C,298,ARG,64.94182209617044,0.7388502755108961,C,-6.141,31.252,46.346
C,299,ALA,72.54947773336225,0.7082577065078504,C,-8.451,32.714,49.089
C,300,ALA,16.384348166266843,0.9341138287863584,C,-5.625,34.655,50.66
C,301,LEU,0.8494866535306799,0.9965839701079192,C,-4.435,35.824,47.263
C,302,GLY,12.203554361981393,0.9509260018189853,C,-7.813,37.49,47.059
C,303,PRO,109.51838291278057,0.5595951175836906,C,-9.909,39.137,44.285
C,304,GLU,153.32585671505075,0.38343267950049553,C,-7.117,41.431,43.077
C,305,GLY,3.3979466141227195,0.9863358804316771,C,-5.117,38.321,42.052
C,306,HIS,145.44738322474885,0.4151142848970951,C,-6.924,35.522,40.192
C,307,GLY,40.34454648570056,0.8377629875586776,C,-4.299,36.457,37.689
C,308,ILE,7.01786559877748,0.971779146188595,C,-1.535,34.81,39.59
C,309,LYS,68.67521540747286,0.7238372283990938,C,-0.5,31.205,38.744
C,310,ILE,0.0,1.0,C,-0.366,28.812,41.729
C,311,ILE,0.0,1.0,C,2.355,26.196,41.677
C,312,SER,0.0,1.0,C,1.713,23.691,44.472
C,313,LYS,15.290759763552238,0.9385114619425466,C,4.965,22.498,46.149
C,314,ILE,0.0,1.0,C,5.2,18.762,46.935
C,315,GLU,4.285836096250882,0.9827654217326407,C,7.503,18.313,49.929
C,316,ASN,8.853008097816035,0.9643995109619692,C,6.062,15.345,51.801
C,317,HIS,77.21406423992991,0.6895000640252941,C,4.478,11.933,51.858
C,318,GLU,64.58983805526225,0.7402657044647005,C,0.86,13.008,52.224
C,319,GLY,0.0,1.0,C,1.246,15.45,49.351
C,320,VAL,2.142918048125441,0.9913827108663203,C,2.811,12.717,47.297
C,321,LYS,111.22752241366895,0.5527221766133945,C,-0.023,10.49,48.274
C,322,ARG,82.39737795908772,0.6686564703901461,C,-2.789,12.986,47.446
C,323,PHE,0.0,1.0,C,-0.937,14.313,44.439
C,324,ASP,81.70674279649316,0.6714337127990049,C,-3.905,13.845,42.09
C,325,GLU,65.4704516088047,0.7367245043648878,C,-6.272,15.987,44.023
C,326,ILE,0.0,1.0,C,-3.52,18.57,44.291
C,327,LEU,12.742299802960199,0.9487595516187889,C,-2.626,18.527,40.565
C,328,GLU,147.58398038845527,0.4065224138556598,C,-6.189,19.14,39.625
C,329,VAL,65.90171688191887,0.7349902627988181,C,-6.598,22.436,41.421
C,330,SER,3.214377072188161,0.9870740662994805,C,-3.236,24.049,40.78
C,331,ASP,36.796745902001604,0.8520297129918388,C,-1.605,25.594,37.841
C,332,GLY,0.0,1.0,C,1.478,23.445,38.102
C,333,ILE,0.0,1.0,C,3.636,21.561,40.56
C,334,MET,1.2867963509103797,0.9948254221753097,C,7.105,21.799,41.978
C,335,VAL,0.0,1.0,C,8.863,18.61,42.969
C,336,ALA,6.304548137223995,0.9746476006382114,C,10.605,19.911,46.073
C,337,ARG,2.5484599605920395,0.9897519103237578,C,13.421,17.401,46.427
C,338,GLY,13.325379399466463,0.946414821041976,C,14.683,19.251,49.415
C,339,ASP,36.70194520208689,0.8524109338425172,C,12.138,18.483,52.095
C,340,LEU,0.0,1.0,C,10.768,15.635,50.044
C,341,GLY,5.357295120313602,0.9784567771658008,C,14.199,13.992,50.25
C,342,ILE,14.518078767216519,0.9416186342207162,C,14.098,14.073,54.048
C,343,GLU,37.637235034172406,0.8486498647181416,C,10.434,13.42,54.684
C,344,ILE,12.425526732513433,0.9500333871442262,C,10.618,10.129,52.766
C,345,PRO,65.63541035585936,0.7360611578501934,C,13.514,7.731,52.18
C,346,ALA,4.247433267653399,0.9829198505395963,C,16.173,9.416,49.987
C,347,GLU,32.5522782978132,0.8690979366674122,C,16.132,6.427,47.659
C,348,LYS,14.799414672530794,0.940487301717404,C,12.518,7.121,46.75
C,349,VAL,0.8494866535306799,0.9965839701079192,C,12.489,10.701,45.615
C,350,PHE,0.0,1.0,C,13.497,9.663,42.047
C,351,LEU,0.0,1.0,C,10.207,7.846,41.818
C,352,ALA,0.0,1.0,C,8.155,10.778,43.142
C,353,GLN,1.0935884027146072,0.9956023668438118,C,9.934,13.001,40.636
C,354,LYS,22.330754740981604,0.9102016195417931,C,9.472,10.59,37.695
C,355,MET,2.0571148695705963,0.9917277500986151,C,5.888,9.896,38.536
C,356,MET,0.0,1.0,C,5.059,13.551,39.018
C,357,ILE,0.8494866535306799,0.9965839701079192,C,6.679,14.831,35.95
C,358,GLY,1.6989733070613597,0.9931679402158385,C,4.735,12.216,34.013
C,359,ARG,54.09148992016693,0.7824825785002154,C,1.293,12.774,35.379
C,360,CYS,0.0,1.0,C,1.96,16.518,34.984
C,361,ASN,11.034328974538958,0.9556277930213339,C,3.02,15.943,31.442
C,362,LEU,63.30892276579938,0.7454166328516765,C,-0.265,14.135,30.848
C,363,ALA,50.27332387270005,0.7978365211394137,C,-2.44,16.81,32.379
C,364,GLY,15.77607299667879,0.9365598780012425,C,-0.944,19.617,30.312
C,365,LYS,47.16867634871647,0.8103212008012106,C,0.449,21.427,33.4
C,366,PRO,8.361663006794592,0.9663753507368266,C,3.973,22.913,33.833
C,367,VAL,0.0,1.0,C,6.114,21.063,36.317
C,368,VAL,0.0,1.0,C,9.194,22.243,38.12
C,369,CYS,0.0,1.0,C,12.235,20.205,39.225
C,370,ALA,0.0,1.0,C,13.912,21.709,42.282
C,371,THR,27.31074458359907,0.8901756496293355,C,16.771,21.83,44.794
C,372,GLN,13.591786456490878,0.9453435217267081,C,20.458,20.908,44.605
C,373,MET,0.0,1.0,C,20.779,20.453,40.862
C,374,LEU,0.0,1.0,C,24.013,22.391,40.882
C,375,GLU,50.86188240679417,0.7954697581804567,C,25.03,22.556,44.64
C,376,SER,24.993254514898954,0.899494943012435,C,28.78,22.244,44.336
C,377,MET,1.6989733070613597,0.9931679402158385,C,28.802,25.41,42.325
C,378,ILE,36.48349141532687,0.8532893992810369,C,27.682,27.285,45.488
C,379,THR,93.91381574224657,0.6223455653817509,C,31.391,26.992,46.126
C,380,LYS,64.9191272308409,0.7389415380846402,C,32.935,25.895,42.88
C,381,PRO,7.46181033984156,0.9699939168390768,C,33.269,27.134,39.332
C,382,ARG,57.752526069471884,0.7677605003250787,C,32.236,23.705,37.747
C,383,PRO,5.135322749781562,0.9793493918405599,C,29.539,21.194,38.676
C,384,THR,11.759609620917312,0.9527112311685035,C,30.036,17.556,39.701
C,385,ARG,14.168758796878567,0.943023350181368,C,29.316,14.889,37.13
C,386,ALA,0.0,1.0,C,26.208,13.937,39.165
C,387,GLU,2.142918048125441,0.9913827108663203,C,25.019,17.473,39.007
C,388,THR,2.9066015231012763,0.9883117202065343,C,25.325,17.908,35.274
C,389,SER,5.31889229171612,0.9786112059727564,C,23.586,14.654,34.792
C,390,ASP,0.0,1.0,C,20.913,15.567,37.274
C,391,VAL,0.0,1.0,C,19.877,18.47,34.97
C,392,ALA,0.0,1.0,C,19.824,16.47,31.741
C,393,ASN,4.913350379249521,0.980242006515319,C,17.48,13.921,33.187
C,394,ALA,0.0,1.0,C,15.119,16.462,34.695
C,395,VAL,0.0,1.0,C,14.783,17.703,31.138
C,396,LEU,34.760591738615766,0.8602176738716262,C,14.666,14.288,29.547
C,397,ASP,26.487697573841004,0.8934853581176746,C,12.13,13.28,32.202
C,398,GLY,5.946406574714759,0.9760877907554348,C,9.647,16.007,31.151
C,399,ALA,0.0,1.0,C,10.339,18.924,33.516
C,400,ASP,8.571672192501763,0.9655308434652814,C,8.849,22.17,32.505
C,401,CYS,0.0,1.0,C,11.457,24.327,34.337
C,402,ILE,0.0,1.0,C,14.53,23.577,36.419
C,403,MET,4.114229739141193,0.9834555001972303,C,15.694,25.733,39.243
C,404,LEU,0.0,1.0,C,18.674,27.071,41.317
C,405,SER,25.842741168429633,0.8960789131203544,C,18.793,28.151,44.977
C,406,GLY,11.401468058408074,0.9541514212857269,C,22.048,28.36,46.873
C,407,GLU,1.0714590240627204,0.9956913554331601,C,23.586,28.283,43.448
C,408,THR,0.0,1.0,C,22.149,31.704,42.708
C,409,ALA,8.853008097816035,0.9643995109619692,C,21.286,33.231,46.062
C,410,LYS,148.46859004785307,0.40296514426611807,C,24.608,32.917,48.052
C,411,GLY,7.056268427374962,0.9716247173816394,C,27.335,31.195,46.105
C,412,ASN,117.98403263640898,0.5255523078566566,C,30.321,32.556,44.459
C,413,PHE,23.386015713322415,0.905958111994641,C,29.076,31.694,40.949
C,414,PRO,6.6626896997332326,0.973207410520988,C,25.624,32.869,40.231
C,415,VAL,10.193839842368158,0.9590076412950311,C,26.042,33.762,36.614
C,416,GLU,53.25673105299628,0.785839383732037,C,27.958,30.648,35.87
C,417,ALA,0.0,1.0,C,25.286,28.478,37.601
C,418,VAL,0.0,1.0,C,22.703,29.945,35.245
C,419,LYS,123.37226616117516,0.5038846728095239,C,25.004,29.533,32.106
C,420,MET,17.25519764984194,0.9306118928171099,C,25.235,25.809,32.839
C,421,GLN,0.0,1.0,C,21.625,25.071,33.271
C,422,HIS,54.09162815024369,0.782482022637363,C,21.342,26.826,29.962
C,423,ALA,26.692227821960312,0.8926628832282736,C,23.936,24.676,28.176
C,424,ILE,0.0,1.0,C,23.042,21.331,29.659
C,425,ALA,0.0,1.0,C,19.306,21.871,28.808
C,426,ARG,76.30192166251605,0.693168051388409,C,20.026,22.773,25.195
C,427,GLU,6.206781773844282,0.9750407472737201,C,21.541,19.357,24.604
C,428,ALA,0.0,1.0,C,19.106,17.582,26.752
C,429,GLU,18.235764115250998,0.9266687533421254,C,16.319,18.953,24.711
C,430,ALA,3.3979466141227195,0.9863358804316771,C,18.005,17.862,21.498
C,431,ALA,2.992404701656121,0.9879666809742396,C,17.889,14.161,22.977
C,432,VAL,8.494866535306798,0.9658397010791926,C,14.2,13.907,23.795
C,433,TYR,20.340279334778955,0.9182058930154013,C,12.598,10.906,22.034
C,434,HIS,13.835888205674804,0.9443619184626006,C,9.639,12.878,20.782
C,435,ARG,55.46073422867812,0.7769764537506442,C,8.82,10.009,18.502
C,436,GLN,28.392369801488808,0.8858261238763612,C,7.465,7.735,21.252
C,437,LEU,30.090174436083032,0.8789987636599506,C,6.519,10.883,23.097
C,438,PHE,5.096919921184079,0.9795038206475155,C,4.127,12.668,20.765
C,439,GLU,29.112963191628005,0.8829284108275212,C,2.613,9.2,19.929
C,440,GLU,12.819105460155162,0.9484506940048777,C,1.938,8.354,23.577
C,441,LEU,1.6989733070613597,0.9931679402158385,C,0.155,11.709,24.064
C,442,ARG,41.09312518319794,0.8347527375487479,C,-2.2,11.599,21.092
C,443,ARG,88.21514259782327,0.6452615673290902,C,-3.064,8.115,22.44
C,444,ALA,41.692654158838394,0.832341859292516,C,-3.466,9.166,26.047
C,445,ALA,6.834296056842922,0.9725173320563985,C,-4.96,12.537,25.283
C,446,PRO,97.78269966151302,0.606787671608759,C,-8.848,12.216,25.26
C,447,LEU,110.64317361373065,0.5550720110218508,C,-10.75,13.438,22.217
C,448,SER,16.450987629634792,0.9338458523585816,C,-11.602,17.141,22.287
C,449,ARG,132.10569267622495,0.468765055671686,C,-14.068,19.483,20.615
C,450,ASP,50.50122757016206,0.796920054894994,C,-12.354,22.733,21.428
C,451,PRO,42.56606718201881,0.8288296145940074,C,-11.161,24.503,18.264
C,452,THR,4.247433267653399,0.9829198505395963,C,-7.982,25.559,19.981
C,453,GLU,29.252098047070195,0.8823689096002265,C,-6.762,22.075,21.06
C,454,VAL,0.0,1.0,C,-7.711,20.857,17.661
C,455,THR,0.0,1.0,C,-5.646,23.505,15.881
C,456,ALA,0.8494866535306799,0.9965839701079192,C,-2.669,23.111,18.165
C,457,ILE,0.0,1.0,C,-2.525,19.359,17.737
C,458,GLY,0.0,1.0,C,-2.719,20.174,14.073
C,459,ALA,0.0,1.0,C,-0.178,22.817,14.169
C,460,VAL,0.0,1.0,C,2.077,20.342,15.892
C,461,GLU,3.214377072188161,0.9870740662994805,C,1.678,17.362,13.615
C,462,ALA,0.0,1.0,C,2.308,19.836,10.78
C,463,ALA,2.77043233112408,0.9888592956489987,C,5.468,20.956,12.382
C,464,PHE,44.936888927606276,0.819295859215908,C,6.817,17.456,12.529
C,465,LYS,10.193839842368156,0.9590076412950311,C,6.112,16.768,8.906
C,466,CYS,1.6989733070613597,0.9931679402158385,C,8.343,19.591,7.777
C,467,CYS,57.44444892749024,0.7689993670238102,C,10.935,20.035,10.53
C,468,ALA,4.285836096250882,0.9827654217326407,C,9.275,23.335,11.084
C,469,ALA,25.475602084560514,0.8975552848559613,C,11.646,25.69,12.805
C,470,ALA,0.0,1.0,C,8.977,27.314,14.902
C,471,ILE,0.0,1.0,C,5.277,27.676,15.491
C,472,ILE,0.0,1.0,C,4.273,31.295,15.872
C,473,VAL,0.0,1.0,C,1.151,32.005,17.834
C,474,LEU,0.0,1.0,C,-0.799,35.115,18.558
C,475,THR,0.8494866535306799,0.9965839701079192,C,-2.053,34.783,22.108
C,476,THR,38.765544318894484,0.8441126089200626,C,-3.781,37.136,24.545
C,477,THR,76.08359353946217,0.694046011497063,C,-3.597,35.101,27.76
C,478,GLY,2.4152564320798326,0.9902875599813917,C,-1.203,32.45,26.436
C,479,ARG,120.73203399598646,0.5145018048866813,C,-3.759,29.653,26.685
C,480,SER,0.0,1.0,C,-3.12,28.807,23.037
C,481,ALA,0.0,1.0,C,0.492,29.002,23.364
C,482,GLN,40.26287764307784,0.8380914014383911,C,0.04,26.378,26.119
C,483,LEU,9.077946131813064,0.9634949705023798,C,-2.018,23.979,24.064
C,484,LEU,0.0,1.0,C,0.767,23.925,21.572
C,485,SER,6.206781773844281,0.9750407472737201,C,3.324,22.833,24.173
C,486,TRP,37.022136325340746,0.8511233533447329,C,1.166,20.213,25.656
C,487,TYR,0.0,1.0,C,2.34,18.122,22.706
C,488,ARG,13.452299742671494,0.9459044378776267,C,5.875,19.086,23.003
C,489,PRO,10.898159782561763,0.9561753684637982,C,6.568,20.187,19.466
C,490,ARG,51.71192198063188,0.792051504836967,C,10.221,20.4,18.878
C,491,ALA,9.16078364690292,0.9631618570549153,C,9.994,23.511,16.786
C,492,ALA,9.344353188837479,0.9624236711871118,C,9.969,26.551,19.071
C,493,VAL,1.6989733070613597,0.9931679402158385,C,6.681,27.988,20.074
C,494,ILE,0.8494866535306799,0.9965839701079192,C,7.009,31.723,19.617
C,495,ALA,0.0,1.0,C,4.17,33.597,21.35
C,496,VAL,0.0,1.0,C,3.359,37.219,20.288
C,497,THR,2.0571148695705963,0.9917277500986151,C,1.121,38.972,22.839
C,498,ARG,72.71183524169977,0.7076048203213756,C,0.407,42.434,24.192
C,499,SER,45.543543035385085,0.8168563287562912,C,-0.022,41.321,27.764
C,500,ALA,33.22171399318134,0.8664059434068956,C,3.45,41.659,29.299
C,501,GLN,58.15380798230021,0.7661468304649631,C,1.931,39.537,32.078
C,502,ALA,4.247433267653399,0.9829198505395963,C,0.872,36.606,29.933
C,503,ALA,0.8494866535306799,0.9965839701079192,C,4.085,37.082,28.089
C,504,ARG,50.7316948072294,0.7959932799213141,C,5.694,36.305,31.446
C,505,GLN,15.183995878812645,0.938940790196439,C,3.543,33.574,32.882
C,506,VAL,7.645379881776119,0.9692557309712733,C,4.206,31.807,29.608
C,507,HIS,11.892813149429518,0.9521755815108696,C,7.578,30.913,30.995
C,508,LEU,3.3979466141227195,0.9863358804316771,C,6.015,28.128,32.928
C,509,CYS,13.502112835786816,0.9457041251188663,C,5.618,26.21,29.632
C,510,ARG,14.416002138716081,0.9420291136706181,C,8.145,24.081,27.92
C,511,GLY,6.795893228245439,0.972671760863354,C,9.577,25.711,24.799
C,512,VAL,4.285836096250882,0.9827654217326407,C,7.244,28.782,24.539
C,513,PHE,21.687042406261053,0.9127901717788026,C,9.182,31.977,23.946
C,514,PRO,2.77043233112408,0.9888592956489987,C,7.181,35.038,24.69
C,515,LEU,0.8494866535306799,0.9965839701079192,C,7.632,38.227,22.682
C,516,LEU,11.401468058408074,0.9541514212857269,C,5.889,41.267,24.045
C,517,TYR,8.93881127637088,0.9640544717296744,C,4.297,43.38,21.3
C,518,ARG,103.19244681277094,0.58503352408862,C,4.216,47.031,22.064
C,519,GLU,73.15251272640413,0.7058327295483655,C,2.809,48.855,18.885
C,520,PRO,112.75668635461848,0.5465729690767431,C,-0.612,50.502,19.108
C,521,PRO,102.26954742211119,0.5887447676882381,C,-3.324,48.541,17.153
C,522,GLU,57.37643972972534,0.769272851547123,C,-3.793,49.223,13.436
C,523,ALA,109.87455155510337,0.5581628611453584,C,-7.164,50.409,12.158
C,524,ILE,107.35199088434752,0.5683068023362815,C,-7.721,47.073,10.443
C,525,TRP,74.24117511183789,0.7014549053229124,C,-7.704,43.918,12.506
C,526,ALA,54.1007387689391,0.7824453862221004,C,-6.348,41.943,9.503
C,527,ASP,55.01451497453285,0.7787708295707314,C,-3.294,44.207,9.068
C,528,ASP,1.0714590240627204,0.9956913554331601,C,-2.666,44.177,12.844
C,529,VAL,14.799414672530794,0.940487301717404,C,-2.623,40.407,12.942
C,530,ASP,68.47309790251151,0.7246500009550735,C,-0.147,40.413,10.138
C,531,ARG,139.75675255751875,0.4379979457330301,C,2.23,42.911,11.761
C,532,ARG,3.642048363306647,0.9853542771675695,C,2.11,40.748,14.895
C,533,VAL,0.0,1.0,C,2.928,37.568,12.934
C,534,GLN,86.27107479829947,0.6530792224832981,C,5.745,39.232,10.964
C,535,PHE,16.00704288857071,0.9356310817080998,C,6.957,40.76,14.207
C,536,GLY,0.0,1.0,C,7.461,37.167,15.365
C,537,ILE,10.551981404877395,0.9575674511778077,C,9.33,36.247,12.214
C,538,GLU,94.91339512639516,0.6183259694980872,C,11.634,39.314,12.467
C,539,SER,0.0,1.0,C,12.274,38.598,16.138
C,540,GLY,0.0,1.0,C,12.846,34.993,15.152
C,541,LYS,102.97558895507895,0.5859055718378454,C,15.39,35.741,12.489
C,542,LEU,121.89650929533664,0.5098191151532561,C,17.079,38.309,14.77
C,543,ARG,60.82530527757744,0.7554039723172215,C,17.713,35.865,17.591
C,544,GLY,47.8904384113228,0.8074187881846197,C,18.409,32.918,15.257
C,545,PHE,39.32776374018091,0.8418517631009548,C,15.382,30.638,15.623
C,546,LEU,0.8494866535306799,0.9965839701079192,C,14.798,30.804,11.906
C,547,ARG,180.77289615433313,0.2730602483575011,C,16.835,31.386,8.792
C,548,VAL,103.30260361757641,0.5845905519283541,C,15.662,31.925,5.261
C,549,GLY,52.922515860136784,0.7871833590428325,C,14.32,28.756,3.58
C,550,ASP,24.64355755344257,0.9009011749626838,C,12.879,27.411,6.806
C,551,LEU,4.247433267653399,0.9829198505395963,C,9.244,26.648,6.998
C,552,VAL,0.0,1.0,C,7.034,27.958,9.746
C,553,ILE,0.0,1.0,C,3.588,27.259,11.129
C,554,VAL,0.0,1.0,C,1.464,30.181,12.221
C,555,VAL,0.0,1.0,C,-1.602,29.915,14.467
C,556,THR,4.247433267653399,0.9829198505395963,C,-4.207,32.636,14.864
C,557,GLY,5.357295120313602,0.9784567771658008,C,-7.9,33.495,15.173
C,558,TRP,147.3734559815529,0.40736899297965434,C,-11.016,34.417,13.211
C,559,ARG,98.88288540880015,0.602363508634622,C,-11.901,37.441,15.301
C,560,PRO,63.88903669884066,0.7430838280596941,C,-10.476,39.623,18.161
C,561,GLY,17.347874633122835,0.9302392120411618,C,-10.161,38.459,21.8
C,562,SER,59.12633197051608,0.7622360321013829,C,-9.336,35.432,23.821
C,563,GLY,42.22240207845733,0.830211590710703,C,-10.735,31.95,23.161
C,564,TYR,76.82631630825325,0.6910593098588745,C,-11.11,31.945,19.436
C,565,THR,0.0,1.0,C,-7.873,30.57,17.979
C,566,ASN,7.039994977429366,0.9716901575992465,C,-8.755,28.36,15.03
C,567,ILE,23.87736080434386,0.9039822722197838,C,-6.401,28.659,12.071
C,568,MET,0.0,1.0,C,-3.07,27.143,11.104
C,569,ARG,42.46176630591964,0.829249038382532,C,-0.995,28.149,8.122
C,570,VAL,3.214377072188161,0.9870740662994805,C,2.214,27.121,6.53
C,571,LEU,31.78914774314439,0.8721667038757891,C,4.658,29.817,5.445
C,572,SER,84.30432469981673,0.6609880896782636,C,8.173,29.634,4.053
C,573,ILE,39.51977788316833,0.8410796190661767,C,10.686,32.205,5.228
D,57,GLN,156.1896697462101,0.37191646452629834,C,-21.811,1.903,19.034
D,58,GLN,83.48867928235052,0.6642680342375133,C,-21.722,2.404,15.317
D,59,GLN,36.16078701795011,0.854587086376135,C,-19.034,2.366,12.636
D,60,GLN,1.0714590240627204,0.9956913554331601,C,-17.119,-0.239,14.605
D,61,LEU,43.19061580155246,0.8263181251615161,C,-15.884,2.435,17.069
D,62,PRO,52.97891373145403,0.7869565669991097,C,-15.291,-0.019,19.878
D,63,ALA,0.0,1.0,C,-13.17,-2.135,17.508
D,64,ALA,4.247433267653399,0.9829198505395963,C,-11.695,1.249,16.395
D,65,MET,104.20884000080156,0.5809463150689265,C,-10.261,1.873,19.902
D,66,ALA,4.247433267653399,0.9829198505395963,C,-8.713,-1.583,20.516
D,67,ASP,58.32369274663573,0.7654636750195335,C,-5.059,-1.552,21.611
D,68,THR,24.99325451489895,0.899494943012435,C,-3.857,-4.216,19.177
D,69,PHE,71.14073732201014,0.7139226564342085,C,-4.931,-5.599,15.839
D,70,LEU,10.910122967386632,0.9561272610605843,C,-6.176,-8.747,17.467
D,71,GLU,66.46041771943331,0.7327435662159494,C,-8.411,-7.12,20.086
D,72,HIS,5.223840264389109,0.9789934374831661,C,-9.552,-4.992,17.255
D,73,LEU,8.361663006794592,0.9663753507368266,C,-10.832,-8.049,15.398
D,74,CYS,14.171900389532155,0.9430107169347256,C,-12.169,-9.552,18.533
D,75,LEU,71.21764351017,0.7136133945564048,C,-14.254,-6.378,18.656
D,76,LEU,4.69137800871748,0.9811346211900781,C,-15.947,-6.212,15.262
D,77,ASP,34.52062432536396,0.8611826517831525,C,-19.769,-6.109,15.631
D,78,ILE,0.8494866535306799,0.9965839701079192,C,-22.317,-7.32,13.1
D,79,ASP,66.51374939632063,0.7325291042209496,C,-24.941,-5.174,14.764
D,80,SER,0.8494866535306799,0.9965839701079192,C,-22.759,-2.045,14.581
D,81,GLU,92.95459954051131,0.6262028493125543,C,-24.489,-0.34,11.648
D,82,PRO,7.645379881776119,0.9692557309712733,C,-22.079,1.693,9.529
D,83,VAL,79.97585090807132,0.6783941263690523,C,-22.873,5.321,9.304
D,84,ALA,41.2220938448131,0.8342341175075878,C,-20.614,7.03,6.726
D,85,ALA,28.37609635154321,0.8858915640939683,C,-20.397,7.635,3.051
D,86,ARG,20.75895310453756,0.9165222855018739,C,-18.942,4.683,1.456
D,87,SER,27.44394811211128,0.8896399999717015,C,-15.512,5.832,0.32
D,88,THR,1.0714590240627204,0.9956913554331601,C,-14.349,3.102,-2.079
D,89,SER,6.206781773844282,0.9750407472737201,C,-15.276,4.048,-5.64
D,90,ILE,0.0,1.0,C,-17.166,1.805,-7.945
D,91,ILE,0.0,1.0,C,-16.153,1.454,-11.549
D,92,ALA,0.0,1.0,C,-18.815,-0.401,-13.598
D,93,THR,7.154034790754675,0.9712315707461306,C,-18.179,-1.471,-17.162
D,94,ILE,5.357295120313602,0.9784567771658008,C,-20.73,-0.388,-19.721
D,95,GLY,1.6989733070613597,0.9931679402158385,C,-22.032,-3.145,-21.926
D,96,PRO,109.11580666377898,0.5612139923414227,C,-25.328,-4.271,-23.447
D,97,ALA,21.81728027130827,0.912266447905999,C,-26.667,-4.988,-20.02
D,98,SER,0.0,1.0,C,-26.045,-1.399,-19.009
D,99,ARG,52.18970795776043,0.7901301901546178,C,-25.984,0.94,-22.017
D,100,SER,60.5384904346753,0.7565573372026778,C,-29.547,2.288,-21.939
D,101,VAL,28.749342691530906,0.8843906333268887,C,-30.016,5.572,-20.233
D,102,GLU,111.62531087546651,0.551122554923545,C,-32.63,4.307,-17.872
D,103,ARG,91.00314271506625,0.634050217862865,C,-30.46,1.506,-16.67
D,104,LEU,0.0,1.0,C,-27.6,4.037,-16.37
D,105,LYS,62.86201236127032,0.747213787986025,C,-29.859,6.247,-14.289
D,106,GLU,74.41950447722627,0.7007377917105082,C,-30.447,3.267,-11.965
D,107,MET,0.0,1.0,C,-26.785,2.354,-11.712
D,108,ILE,1.6989733070613597,0.9931679402158385,C,-25.823,5.881,-10.666
D,109,LYS,143.16300554261755,0.42430042386058486,C,-28.469,5.859,-8.003
D,110,ALA,14.615845130596236,0.9412254875852074,C,-27.055,2.584,-6.779
D,111,GLY,10.193839842368158,0.9590076412950311,C,-23.603,4.136,-6.371
D,112,MET,0.0,1.0,C,-21.753,3.941,-9.681
D,113,ASN,18.083321473328205,0.9272817690021968,C,-18.924,6.481,-9.888
D,114,ILE,0.0,1.0,C,-16.853,5.671,-12.893
D,115,ALA,0.0,1.0,C,-17.949,4.187,-16.107
D,116,ARG,14.441273110021557,0.9419274918346274,C,-15.604,2.006,-18.088
D,117,LEU,0.0,1.0,C,-15.419,1.562,-21.767
D,118,ASN,33.12997948769652,0.866774834208851,C,-13.68,-1.627,-22.686
D,119,PHE,6.834296056842922,0.9725173320563985,C,-12.014,-1.007,-25.979
D,120,SER,6.428754144376322,0.974148132598961,C,-11.284,-4.65,-26.354
D,121,HIS,98.17225715055815,0.6052211490251125,C,-14.693,-4.76,-28.012
D,122,GLY,48.858652134417945,0.8035253226354326,C,-16.985,-2.657,-30.12
D,123,SER,63.52478788021284,0.7445485772083901,C,-16.544,0.063,-32.704
D,124,HIS,50.30318156927976,0.7977164547633252,C,-15.882,3.693,-31.957
D,125,GLU,129.44060422996102,0.47948214199627737,C,-19.389,4.585,-32.958
D,126,TYR,61.96799049028234,0.7508089067825072,C,-20.544,2.147,-30.338
D,127,HIS,2.5484599605920395,0.9897519103237578,C,-18.528,3.767,-27.479
D,128,ALA,23.87439514087887,0.9039941980046141,C,-19.467,7.218,-28.694
D,129,GLU,89.35212267826927,0.6406894437702784,C,-23.043,6.274,-27.784
D,130,SER,0.0,1.0,C,-21.976,4.97,-24.403
D,131,ILE,0.8494866535306799,0.9965839701079192,C,-20.422,8.236,-23.377
D,132,ALA,58.697316077741846,0.7639612282628568,C,-23.382,10.065,-24.837
D,133,ASN,32.60140024054473,0.8689004032229131,C,-25.589,7.907,-22.66
D,134,VAL,0.8494866535306799,0.9965839701079192,C,-23.56,8.142,-19.47
D,135,ARG,78.51436943925074,0.6842711632400417,C,-23.521,11.915,-19.826
D,136,GLU,100.21304830470069,0.5970145414732811,C,-27.248,11.972,-20.275
D,137,ALA,0.0,1.0,C,-28.19,9.793,-17.301
D,138,VAL,7.01786559877748,0.971779146188595,C,-25.725,11.925,-15.415
D,139,GLU,83.25803611609456,0.6651955166730052,C,-27.227,15.291,-16.194
D,140,SER,61.124083305304445,0.7542025000285512,C,-30.634,13.863,-15.532
D,141,PHE,37.91902332882879,0.847516713027313,C,-29.877,14.894,-11.969
D,142,ALA,44.341846146275145,0.8216886971959347,C,-28.394,18.295,-12.769
D,143,GLY,67.97034254697223,0.7266717246817357,C,-31.881,19.034,-11.183
D,144,SER,58.76819040800684,0.7636762222186063,C,-30.385,19.995,-7.743
D,145,PRO,70.32975402804185,0.7171838532554411,C,-26.729,21.132,-7.452
D,146,LEU,44.26504048908017,0.8219975548098459,C,-26.8,19.677,-3.892
D,147,SER,39.916875194582076,0.8394827766905887,C,-27.467,16.064,-5.182
D,148,TYR,5.135322749781562,0.9793493918405599,C,-25.72,16.026,-8.596
D,149,ARG,89.0726340294353,0.6418133479245648,C,-23.226,13.194,-8.715
D,150,PRO,1.6989733070613597,0.9931679402158385,C,-20.493,13.625,-11.351
D,151,VAL,2.992404701656121,0.9879666809742396,C,-19.373,10.41,-13.016
D,152,ALA,0.0,1.0,C,-16.009,9.704,-14.491
D,153,ILE,1.6989733070613597,0.9931679402158385,C,-15.552,8.15,-17.872
D,154,ALA,0.0,1.0,C,-12.645,5.774,-18.197
D,155,LEU,0.0,1.0,C,-11.342,4.311,-21.378
D,156,ASP,1.0714590240627204,0.9956913554331601,C,-9.964,0.829,-20.978
D,157,THR,1.6989733070613597,0.9931679402158385,C,-7.29,0.477,-23.656
D,158,LYS,47.57125259771807,0.8087023260434785,C,-7.482,-2.802,-25.588
D,159,GLY,2.142918048125441,0.9913827108663203,C,-3.734,-3.39,-25.935
D,160,PRO,14.51807876721652,0.9416186342207161,C,-1.726,-6.348,-27.245
D,161,GLU,30.107616558495767,0.8789286238745925,C,-4.3,-9.114,-27.068
D,162,ILE,7.645379881776119,0.9692557309712733,C,-4.109,-12.384,-28.769
D,163,ARG,33.256899830901546,0.8662644510445017,C,-7.585,-13.499,-29.59
D,164,THR,1.6989733070613597,0.9931679402158385,C,-8.819,-16.417,-31.562
D,165,GLY,7.154034790754675,0.9712315707461306,C,-11.115,-16.492,-34.682
D,166,ILE,73.36955907965535,0.7049599238043416,C,-14.854,-17.024,-35.447
D,167,LEU,56.216563722019984,0.773937046207464,C,-16.647,-20.434,-35.725
D,172,GLU,237.8554210417592,0.043515015927492184,C,-23.314,-18.652,-31.447
D,173,SER,78.99326125699335,0.6823454016548745,C,-21.783,-22.103,-31.83
D,174,GLU,102.46397430825655,0.5879629213200388,C,-18.903,-23.566,-29.749
D,175,VAL,36.86376235648798,0.8517602205744651,C,-16.627,-26.195,-31.247
D,176,GLU,88.02028845507704,0.6460451318188327,C,-15.729,-28.286,-28.147
D,177,LEU,0.0,1.0,C,-12.053,-28.997,-27.548
D,178,VAL,75.07149805018167,0.6981159382353497,C,-11.2,-32.261,-25.858
D,179,LYS,154.43613325794118,0.3789679385381435,C,-8.375,-33.33,-23.592
D,180,GLY,34.60094856633094,0.8608596449330019,C,-5.688,-35.443,-25.288
D,181,SER,39.43138603226692,0.8414350680937047,C,-6.999,-34.475,-28.7
D,182,GLN,93.72844920931415,0.6230909774666339,C,-4.43,-32.895,-31.005
D,183,VAL,1.2076282160399163,0.9951437799906959,C,-5.065,-29.197,-31.861
D,184,LEU,52.021318591528015,0.7908073321746456,C,-3.533,-27.246,-34.782
D,185,VAL,0.0,1.0,C,-2.892,-23.616,-33.959
D,186,THR,6.795893228245439,0.972671760863354,C,-2.683,-21.41,-37.062
D,187,VAL,36.918438635031066,0.8515403515499023,C,-2.022,-17.853,-38.25
D,188,ASP,47.08232024985459,0.8106684634849144,C,-2.997,-18.732,-41.798
D,189,PRO,111.0961158761546,0.553250600053949,C,-4.978,-15.949,-43.415
D,190,ALA,62.3526722275291,0.7492619909976496,C,-7.238,-18.581,-45.027
D,191,PHE,85.80694846602873,0.6549456078092464,C,-8.373,-20.625,-42.06
D,192,ARG,140.8787535241924,0.43348605749420877,C,-9.559,-17.327,-40.522
D,193,THR,79.93448241600885,0.6785604809608383,C,-12.934,-18.915,-39.825
D,194,ARG,149.314256524717,0.39956447640195436,C,-12.2,-22.555,-40.809
D,195,GLY,13.00267500208972,0.9477125081370742,C,-11.038,-23.369,-37.215
D,196,ASN,54.57951748934619,0.7805200794338123,C,-12.513,-26.379,-35.523
D,197,ALA,36.26151904479482,0.854182013955796,C,-12.405,-28.925,-32.772
D,198,ASN,91.4890591339823,0.6320962083382056,C,-9.032,-29.591,-34.312
D,199,THR,9.160783646902921,0.9631618570549153,C,-7.939,-26.178,-35.454
D,200,VAL,3.3979466141227195,0.9863358804316771,C,-7.745,-22.812,-33.671
D,201,TRP,26.692227821960316,0.8926628832282736,C,-6.677,-19.579,-35.517
D,202,VAL,1.2076282160399163,0.9951437799906959,C,-5.172,-16.682,-33.569
D,203,ASP,46.81897938726008,0.8117274327514594,C,-4.655,-13.081,-34.765
D,204,TYR,5.096919921184079,0.9795038206475155,C,-0.97,-12.895,-33.834
D,205,PRO,99.30106909010479,0.6006818719075708,C,1.339,-14.172,-36.705
D,206,ASN,50.94195532034886,0.7951477619900376,C,4.404,-14.553,-34.492
D,207,ILE,0.0,1.0,C,2.745,-17.017,-32.003
D,208,VAL,32.014085777141425,0.8712621634161997,C,4.444,-19.709,-34.007
D,209,ARG,184.2711224059584,0.25899287555635564,C,7.985,-18.419,-33.846
D,210,VAL,14.663245480553599,0.9410348771598683,C,7.778,-17.657,-30.08
D,211,VAL,0.8494866535306799,0.9965839701079192,C,5.975,-20.548,-28.332
D,212,PRO,78.6026481928166,0.6839161690093929,C,8.794,-23.086,-27.873
D,213,VAL,91.26462375480983,0.6329987274783322,C,8.208,-26.817,-28.189
D,214,GLY,41.73402265090087,0.83217550470073,C,6.537,-27.664,-24.898
D,215,GLY,13.591786456490878,0.9453435217267081,C,5.438,-24.179,-23.983
D,216,ARG,100.55658774455604,0.5956330706864512,C,1.9,-23.971,-22.597
D,217,ILE,0.0,1.0,C,-0.89,-21.915,-24.417
D,218,TYR,33.32199363068393,0.8660026901740729,C,-4.189,-20.985,-22.66
D,219,ILE,0.8494866535306799,0.9965839701079192,C,-7.288,-19.978,-24.407
D,220,ASP,28.929393649693452,0.8836665966953245,C,-10.337,-18.313,-22.852
D,221,ASP,55.09187355203483,0.7784597485054111,C,-10.031,-17.149,-19.217
D,222,GLY,2.992404701656121,0.9879666809742396,C,-7.252,-19.831,-18.952
D,223,LEU,26.559024293448108,0.8931985328859076,C,-9.832,-22.516,-19.332
D,224,ILE,0.0,1.0,C,-8.46,-24.332,-22.34
D,225,SER,0.8494866535306799,0.9965839701079192,C,-4.913,-25.564,-22.135
D,226,LEU,0.0,1.0,C,-2.525,-26.405,-24.925
D,227,VAL,33.12997948769652,0.866774834208851,C,1.107,-27.606,-24.857
D,228,VAL,0.0,1.0,C,3.015,-26.995,-28.061
D,229,GLN,72.43049933638551,0.7087361528246878,C,3.933,-30.529,-29.019
D,230,LYS,157.2627875311939,0.36760114960523127,C,5.451,-29.934,-32.442
D,231,ILE,71.60222471645186,0.7120668830354397,C,6.09,-26.949,-34.63
D,232,GLY,34.41737902439638,0.8615978308008053,C,5.85,-28.068,-38.28
D,233,PRO,149.55343225662008,0.39860268206858207,C,5.837,-25.684,-41.316
D,234,GLU,99.04913849202812,0.6016949572223109,C,2.303,-24.16,-41.078
D,235,GLY,0.8494866535306799,0.9965839701079192,C,1.99,-24.057,-37.303
D,236,LEU,0.0,1.0,C,1.589,-25.178,-33.73
D,237,VAL,38.94318253389907,0.8433982746219197,C,0.589,-28.76,-33.259
D,238,THR,0.0,1.0,C,-0.47,-28.738,-29.607
D,239,GLN,81.88691941836184,0.6707091708375752,C,-2.134,-31.255,-27.296
D,240,VAL,0.0,1.0,C,-5.323,-30.069,-25.502
D,241,GLU,78.26742769030797,0.6852641869591138,C,-4.038,-30.494,-21.939
D,242,ASN,36.459565045677124,0.8533856140874647,C,-7.192,-28.816,-20.599
D,243,GLY,25.022659822136553,0.899376695823863,C,-10.434,-29.283,-22.454
D,244,GLY,16.989733070613596,0.9316794021583852,C,-13.5,-27.087,-22.92
D,245,VAL,82.97428746762233,0.6663365515097387,C,-16.254,-25.416,-24.832
D,246,LEU,2.5484599605920395,0.9897519103237578,C,-14.399,-22.931,-27.018
D,247,GLY,9.810427308553447,0.9605494532482453,C,-16.032,-19.814,-28.393
D,248,SER,37.23521170547782,0.8502665160244649,C,-15.0,-17.069,-30.75
D,249,ARG,98.82937780272422,0.6025786780914337,C,-12.447,-14.249,-30.777
D,250,LYS,82.03892223731313,0.6700979238320336,C,-11.414,-15.382,-27.354
D,251,GLY,20.74582124724555,0.9165750924728387,C,-8.519,-14.221,-25.278
D,252,VAL,11.142261531745689,0.9551937651996907,C,-5.264,-16.124,-25.469
D,253,ASN,11.709243607494958,0.9529137673786731,C,-2.274,-16.033,-23.032
D,254,LEU,2.77043233112408,0.9888592956489987,C,1.275,-17.277,-23.597
D,255,PRO,37.58139008316219,0.8488744333104554,C,3.001,-17.283,-20.177
D,256,GLY,85.78132563634604,0.6550486445688612,C,6.771,-17.626,-20.103
D,257,ALA,12.413563547688565,0.9500814945474402,C,6.777,-16.883,-23.786
D,258,GLN,147.08880255439644,0.4085136661914208,C,8.366,-13.515,-24.554
D,259,VAL,28.99775470583556,0.883391697248388,C,5.606,-11.831,-26.504
D,260,ASP,76.98595948053807,0.6904173387974989,C,6.918,-9.097,-28.81
D,261,LEU,45.952050611316665,0.8152136024288983,C,3.516,-7.515,-29.557
D,262,PRO,77.3950199767767,0.688772389018697,C,3.752,-3.672,-29.033
D,263,GLY,23.024908487348192,0.9074102278966948,C,1.952,-2.212,-26.029
D,264,LEU,53.35449741637599,0.7854462370965283,C,0.726,0.498,-28.288
D,265,SER,34.69574926624566,0.8604784240823236,C,-0.536,-0.567,-31.65
D,266,GLU,142.37474224672007,0.42747025704210007,C,-1.867,1.695,-34.297
D,267,GLN,60.588052200378335,0.7563580351036487,C,-5.352,0.9,-32.944
D,268,ASP,0.0,1.0,C,-4.482,1.773,-29.383
D,269,VAL,58.57311007058952,0.7644606963021072,C,-3.239,5.139,-30.738
D,270,ARG,125.90187656584565,0.49371238261313555,C,-6.452,5.591,-32.674
D,271,ASP,1.0714590240627204,0.9956913554331601,C,-8.443,4.698,-29.566
D,272,LEU,0.0,1.0,C,-6.812,7.268,-27.263
D,273,ARG,102.42377448866122,0.5881245763440739,C,-7.311,9.845,-29.942
D,274,PHE,15.534861512736166,0.9375298586784391,C,-10.971,9.062,-29.706
D,275,GLY,0.0,1.0,C,-10.754,9.211,-25.948
D,276,VAL,20.686457712463323,0.9168138103013919,C,-9.263,12.667,-26.052
D,277,GLU,160.20458745838602,0.35577132691638524,C,-11.671,13.895,-28.695
D,278,HIS,61.121884190446934,0.7542113433012008,C,-14.559,12.811,-26.473
D,279,GLY,29.573558373756114,0.8810762252707987,C,-13.29,14.021,-23.041
D,280,VAL,0.0,1.0,C,-12.889,10.784,-21.173
D,281,ASP,0.0,1.0,C,-11.256,11.493,-17.826
D,282,ILE,0.0,1.0,C,-9.126,8.392,-17.219
D,283,VAL,0.0,1.0,C,-7.173,5.962,-19.297
D,284,PHE,0.0,1.0,C,-6.789,2.474,-17.817
D,285,ALA,3.3979466141227195,0.9863358804316771,C,-3.795,1.221,-19.808
D,286,SER,8.127727451437682,0.9673160728147996,C,-3.696,-2.504,-20.653
D,287,PHE,21.77877691174588,0.912421280976847,C,-0.584,-4.651,-20.268
D,288,VAL,3.3979466141227195,0.9863358804316771,C,1.733,-1.927,-19.011
D,289,ARG,53.15009283196282,0.7862682066560636,C,5.017,-3.783,-18.592
D,290,LYS,76.69790056694511,0.6915757064486256,C,7.636,-0.979,-18.16
D,291,ALA,15.870873696593515,0.9361786571505641,C,7.611,2.768,-17.585
D,292,SER,73.37972527348236,0.704919042618207,C,8.538,3.615,-21.225
D,293,ASP,20.280915799996723,0.9184446108439545,C,5.041,2.091,-21.964
D,294,VAL,0.0,1.0,C,3.169,4.833,-20.111
D,295,ALA,51.7742511788791,0.7918008612235835,C,5.265,7.546,-21.786
D,296,ALA,34.090364361898914,0.8629128507102968,C,3.969,5.992,-24.986
D,297,VAL,1.6989733070613597,0.9931679402158385,C,0.333,6.343,-23.787
D,298,ARG,67.60432187008779,0.728143598981538,C,0.962,9.822,-22.601
D,299,ALA,78.21023813764202,0.6854941625809905,C,2.606,10.661,-25.975
D,300,ALA,17.211705441145636,0.9307867874836261,C,-0.297,9.252,-28.005
D,301,LEU,0.0,1.0,C,-2.64,11.115,-25.637
D,302,GLY,10.995926145941477,0.9557822218282895,C,-1.204,14.264,-27.084
D,303,PRO,100.54116880781223,0.5956950746609717,C,-1.103,17.903,-26.023
D,304,GLU,149.34779616788674,0.39942960386080095,C,-4.867,18.346,-25.848
D,305,GLY,3.3979466141227195,0.9863358804316771,C,-4.968,15.846,-22.942
D,306,HIS,151.5843839425716,0.39043564184523427,C,-2.383,16.278,-20.234
D,307,GLY,41.77414707227251,0.8320141528746144,C,-5.546,16.519,-18.201
D,308,ILE,7.239837969309519,0.9708865315138359,C,-6.326,12.804,-18.271
D,309,LYS,52.17682742788071,0.7901819864658512,C,-5.178,10.502,-15.472
D,310,ILE,0.0,1.0,C,-3.262,7.379,-16.623
D,311,ILE,0.0,1.0,C,-3.9,4.225,-14.577
D,312,SER,0.0,1.0,C,-1.359,1.517,-15.502
D,313,LYS,12.742299802960197,0.9487595516187889,C,-2.821,-1.961,-15.649
D,314,ILE,0.0,1.0,C,-0.73,-4.676,-14.098
D,315,GLU,4.285836096250882,0.9827654217326407,C,-1.361,-7.998,-15.902
D,316,ASN,7.645379881776119,0.9692557309712733,C,1.887,-9.934,-15.933
D,317,HIS,74.30746271682864,0.7011883438187596,C,5.124,-10.984,-14.468
D,318,GLU,61.95557491611536,0.7508588333732376,C,7.44,-8.366,-15.962
D,319,GLY,0.0,1.0,C,5.103,-5.582,-14.914
D,320,VAL,2.142918048125441,0.9913827108663203,C,4.88,-7.053,-11.504
D,321,LYS,106.59981820485444,0.57133150478037,C,8.689,-7.163,-11.604
D,322,ARG,72.81206461371991,0.7072017692204994,C,9.155,-3.582,-12.718
D,323,PHE,0.0,1.0,C,6.217,-2.37,-10.647
D,324,ASP,83.26954691157732,0.6651492284573077,C,8.251,0.375,-9.087
D,325,GLU,68.21875456127688,0.7256727886032349,C,9.326,2.123,-12.183
D,326,ILE,0.0,1.0,C,5.782,1.812,-13.387
D,327,LEU,15.648901326061473,0.9370712718253232,C,4.288,3.286,-10.188
D,328,GLU,134.8003120934326,0.45792921682865684,C,6.405,6.358,-10.378
D,329,VAL,62.056859863267086,0.7504515375014895,C,5.219,7.554,-13.78
D,330,SER,3.214377072188161,0.9870740662994805,C,1.472,6.778,-13.565
D,331,ASP,35.725286877938885,0.8563383575586787,C,-1.402,8.352,-11.795
D,332,GLY,0.0,1.0,C,-2.398,5.066,-10.234
D,333,ILE,0.0,1.0,C,-2.425,1.315,-10.798
D,334,MET,2.5735927018207594,0.9896508443506192,C,-4.866,-1.417,-11.634
D,335,VAL,0.0,1.0,C,-4.413,-4.827,-10.281
D,336,ALA,3.756088176631956,0.9848956903144537,C,-5.727,-6.843,-13.234
D,337,ARG,1.6989733070613597,0.9931679402158385,C,-6.398,-10.211,-11.673
D,338,GLY,13.325379399466463,0.946414821041976,C,-7.806,-11.518,-14.946
D,339,ASP,36.565776010109694,0.8529585092849814,C,-4.647,-11.819,-17.058
D,340,LEU,0.0,1.0,C,-2.36,-11.55,-14.141
D,341,GLY,3.214377072188161,0.9870740662994805,C,-4.009,-14.672,-12.8
D,342,ILE,15.589537791279241,0.9373099896538764,C,-3.079,-16.672,-15.839
D,343,GLU,28.9797596631158,0.8834640604851551,C,0.318,-15.079,-16.557
D,344,ILE,13.41118257802131,0.9460697818096813,C,1.576,-16.183,-13.123
D,345,PRO,67.93662697461392,0.7268073046847009,C,0.547,-19.035,-10.857
D,346,ALA,5.096919921184079,0.9795038206475155,C,-2.998,-18.377,-9.581
D,347,GLU,31.480819273750477,0.873406581234252,C,-1.802,-18.944,-6.052
D,348,LYS,9.344353188837479,0.9624236711871118,C,0.401,-15.879,-6.305
D,349,VAL,4.605574830162636,0.9814796604223729,C,-1.917,-13.054,-7.312
D,350,PHE,1.6989733070613597,0.9931679402158385,C,-2.973,-12.388,-3.688
D,351,LEU,0.0,1.0,C,0.606,-11.346,-3.104
D,352,ALA,0.0,1.0,C,0.747,-9.186,-6.219
D,353,GLN,1.0935884027146072,0.9956023668438118,C,-2.464,-7.615,-5.031
D,354,LYS,13.591786456490878,0.9453435217267081,C,-1.482,-7.17,-1.413
D,355,MET,1.6989733070613597,0.9931679402158385,C,1.936,-5.831,-2.388
D,356,MET,0.0,1.0,C,0.721,-3.417,-4.976
D,357,ILE,0.0,1.0,C,-2.058,-2.002,-2.915
D,358,GLY,0.8494866535306799,0.9965839701079192,C,0.456,-1.403,-0.075
D,359,ARG,59.42936999788135,0.7610174291302656,C,3.15,0.251,-2.148
D,360,CYS,0.0,1.0,C,0.442,2.318,-3.844
D,361,ASN,11.034328974538958,0.9556277930213339,C,-0.935,3.353,-0.417
D,362,LEU,50.927730188813406,0.795204965330834,C,2.549,4.566,0.58
D,363,ALA,48.39078102370412,0.8054067667913787,C,3.053,6.518,-2.645
D,364,GLY,9.113383296945557,0.9633524674802545,C,-0.219,8.403,-2.313
D,365,LYS,42.20792561950958,0.8302698047112308,C,-1.648,7.108,-5.619
D,366,PRO,6.05730479538648,0.9756418371489612,C,-5.214,5.619,-6.16
D,367,VAL,0.0,1.0,C,-5.261,1.889,-6.7
D,368,VAL,0.0,1.0,C,-7.958,-0.296,-8.2
D,369,CYS,0.0,1.0,C,-8.673,-3.971,-7.49
D,370,ALA,1.6989733070613597,0.9931679402158385,C,-10.072,-5.728,-10.638
D,371,THR,25.117460522051278,0.8989954749731847,C,-11.945,-8.653,-12.223
D,372,GLN,14.079989954858732,0.9433803151984931,C,-14.188,-11.409,-10.877
D,373,MET,0.0,1.0,C,-15.124,-9.746,-7.59
D,374,LEU,0.0,1.0,C,-18.793,-10.733,-8.11
D,375,GLU,45.812362835567455,0.815775327107602,C,-18.784,-13.106,-11.206
D,376,SER,25.842741168429633,0.8960789131203544,C,-21.599,-15.414,-10.073
D,377,MET,0.8494866535306799,0.9965839701079192,C,-23.946,-12.43,-10.28
D,378,ILE,43.1461811150601,0.8264968098020249,C,-23.443,-12.408,-14.047
D,379,THR,96.7700512519255,0.6108598217984549,C,-25.898,-15.245,-13.719
D,380,LYS,62.728808832758105,0.747749437643659,C,-27.3,-14.962,-10.243
D,381,PRO,20.784224075843035,0.9164206636658832,C,-29.08,-12.517,-8.007
D,382,ARG,64.75122795306245,0.7396167093181918,C,-26.719,-13.152,-5.06
D,383,PRO,4.285836096250882,0.9827654217326407,C,-22.989,-13.427,-4.667
D,384,THR,11.759609620917312,0.9527112311685035,C,-21.095,-16.455,-3.36
D,385,ARG,12.961130580838649,0.947879570190672,C,-19.546,-16.167,0.044
D,386,ALA,0.0,1.0,C,-16.167,-16.07,-1.658
D,387,GLU,1.0714590240627204,0.9956913554331601,C,-17.135,-13.094,-3.722
D,388,THR,3.3979466141227195,0.9863358804316771,C,-18.624,-11.01,-0.939
D,389,SER,1.6989733070613597,0.9931679402158385,C,-15.519,-11.639,1.075
D,390,ASP,0.0,1.0,C,-13.412,-10.803,-1.955
D,391,VAL,0.0,1.0,C,-14.751,-7.277,-1.882
D,392,ALA,0.0,1.0,C,-14.327,-6.59,1.861
D,393,ASN,2.992404701656121,0.9879666809742396,C,-10.64,-7.485,1.737
D,394,ALA,0.0,1.0,C,-10.05,-5.462,-1.291
D,395,VAL,1.0714590240627204,0.9956913554331601,C,-11.168,-2.642,0.865
D,396,LEU,51.297382546805395,0.7937184869979131,C,-9.506,-3.673,4.036
D,397,ASP,17.548886297470123,0.9294308863880002,C,-6.417,-4.159,1.937
D,398,GLY,5.096919921184079,0.9795038206475155,C,-6.394,-0.537,0.946
D,399,ALA,0.0,1.0,C,-7.909,-0.42,-2.534
D,400,ASP,8.707841384478959,0.9649832680228171,C,-8.933,2.976,-3.823
D,401,CYS,0.0,1.0,C,-11.758,1.627,-6.067
D,402,ILE,0.0,1.0,C,-13.152,-1.841,-6.839
D,403,MET,4.963716392671872,0.9800394703051495,C,-14.539,-2.75,-10.254
D,404,LEU,0.0,1.0,C,-17.316,-4.695,-12.088
D,405,SER,33.354917521693544,0.8658702937492616,C,-17.096,-6.338,-15.479
D,406,GLY,7.398136539938603,0.9702499674820232,C,-19.252,-9.21,-16.6
D,407,GLU,0.0,1.0,C,-21.381,-8.298,-13.64
D,408,THR,0.0,1.0,C,-22.234,-4.944,-15.179
D,409,ALA,8.003521444285354,0.96781554085405,C,-21.797,-5.371,-18.962
D,410,LYS,148.4243312905493,0.4031431214448149,C,-23.439,-8.692,-19.761
D,411,GLY,3.8418913551868004,0.9845506510821589,C,-25.17,-10.159,-16.817
D,412,ASN,119.89301512917754,0.5178757408009498,C,-28.716,-10.302,-15.734
D,413,PHE,49.36196041026425,0.8015013754573614,C,-28.038,-8.181,-12.589
D,414,PRO,8.003521444285354,0.96781554085405,C,-26.27,-4.878,-13.262
D,415,VAL,11.043326495898837,0.9555916114029503,C,-27.993,-2.725,-10.755
D,416,GLU,63.219601003472526,0.7457758213202106,C,-27.83,-5.333,-8.1
D,417,ALA,0.0,1.0,C,-24.062,-5.993,-8.675
D,418,VAL,0.0,1.0,C,-23.518,-2.237,-8.035
D,419,LYS,129.23286955733505,0.4803175027972536,C,-25.858,-2.213,-4.978
D,420,MET,14.849680154988235,0.940285169771127,C,-23.779,-4.942,-3.375
D,421,GLN,0.0,1.0,C,-20.279,-3.487,-3.918
D,422,HIS,56.395986361651815,0.7732155362252283,C,-21.861,-0.519,-2.216
D,423,ALA,29.956970907570824,0.8795344133175845,C,-23.16,-2.416,0.82
D,424,ILE,0.0,1.0,C,-20.064,-4.562,1.352
D,425,ALA,0.0,1.0,C,-17.727,-1.529,1.035
D,426,ARG,78.84113277433592,0.6829571539902817,C,-19.647,0.46,3.56
D,427,GLU,5.135322749781562,0.9793493918405599,C,-19.045,-2.147,6.296
D,428,ALA,0.0,1.0,C,-15.54,-2.975,5.195
D,429,GLU,16.092846067125556,0.935286042475805,C,-14.678,0.692,5.574
D,430,ALA,4.491535016837327,0.9819382472754887,C,-16.4,1.067,8.981
D,431,ALA,5.135322749781562,0.9793493918405599,C,-14.25,-1.676,10.095
D,432,VAL,8.225493814817394,0.9669229261792909,C,-11.008,-0.071,9.004
D,433,TYR,12.114785519961558,0.9512829668361105,C,-8.419,0.082,11.801
D,434,HIS,16.384348166266847,0.9341138287863584,C,-7.35,3.672,11.055
D,435,ARG,65.16322898002483,0.7379599348205327,C,-5.591,3.668,14.387
D,436,GLN,27.7043233112408,0.8885929564899868,C,-2.735,1.458,13.345
D,437,LEU,33.84626261271499,0.8638944539744042,C,-3.184,2.666,9.849
D,438,PHE,5.946406574714759,0.9760877907554348,C,-2.712,6.485,10.149
D,439,GLU,23.533695700782364,0.9053642483364793,C,0.12,5.81,12.496
D,440,GLU,13.668592113685843,0.9450346641127969,C,1.798,3.534,10.0
D,441,LEU,0.8494866535306799,0.9965839701079192,C,1.758,6.119,7.226
D,442,ARG,38.52253584395401,0.8450898158143386,C,3.069,9.042,9.239
D,443,ARG,88.83654962470334,0.6427627111432412,C,5.981,6.71,10.106
D,444,ALA,35.118733301125,0.8587774837544029,C,6.414,5.331,6.598
D,445,ALA,2.142918048125441,0.9913827108663203,C,5.707,8.665,4.816
D,446,PRO,94.96783264389654,0.6181070606002693,C,9.06,10.503,4.317
D,447,LEU,95.21624465820122,0.6171081245217684,C,9.291,14.11,5.555
D,448,SER,21.76987992135091,0.9124570583313382,C,8.145,16.822,3.107
D,449,ARG,133.85189040405507,0.4617430929239973,C,8.489,20.531,2.611
D,450,ASP,51.11677866833583,0.7944447470808862,C,5.478,21.04,0.387
D,451,PRO,46.81350044967221,0.8117494651336037,C,2.961,23.26,2.142
D,452,THR,2.5484599605920395,0.9897519103237578,C,0.042,21.221,0.745
D,453,GLU,29.33790122562504,0.8820238703679317,C,1.318,17.934,2.157
D,454,VAL,0.0,1.0,C,1.872,19.653,5.382
D,455,THR,0.0,1.0,C,-1.587,21.151,5.554
D,456,ALA,0.8494866535306799,0.9965839701079192,C,-3.34,17.903,4.716
D,457,ILE,0.8494866535306799,0.9965839701079192,C,-1.541,15.843,7.227
D,458,GLY,0.0,1.0,C,-2.535,18.602,9.566
D,459,ALA,0.0,1.0,C,-6.062,18.883,8.522
D,460,VAL,0.0,1.0,C,-6.274,15.101,8.97
D,461,GLU,5.357295120313602,0.9784567771658008,C,-4.755,14.926,12.462
D,462,ALA,0.0,1.0,C,-7.121,17.711,13.339
D,463,ALA,2.142918048125441,0.9913827108663203,C,-10.014,15.68,12.067
D,464,PHE,46.1445171436462,0.8144396392066038,C,-9.201,12.79,14.307
D,465,LYS,9.344353188837477,0.9624236711871118,C,-8.9,14.936,17.36
D,466,CYS,0.0,1.0,C,-12.5,16.103,17.12
D,467,CYS,67.11130545177465,0.730126159643609,C,-14.296,13.4,15.17
D,468,ALA,6.428754144376322,0.974148132598961,C,-14.623,15.934,12.497
D,469,ALA,24.71191860958468,0.9006262755157473,C,-17.501,15.047,10.249
D,470,ALA,0.0,1.0,C,-15.803,16.269,7.107
D,471,ILE,0.0,1.0,C,-12.834,18.039,5.596
D,472,ILE,0.0,1.0,C,-13.817,20.592,3.027
D,473,VAL,0.0,1.0,C,-11.276,21.529,0.472
D,474,LEU,0.8494866535306799,0.9965839701079192,C,-11.259,24.024,-2.342
D,475,THR,0.8494866535306799,0.9965839701079192,C,-9.344,22.381,-5.114
D,476,THR,47.92632796579741,0.8072744659749779,C,-8.665,23.273,-8.799
D,477,THR,65.04629890145823,0.7384301442605594,C,-7.098,20.119,-10.047
D,478,GLY,4.114229739141193,0.9834555001972303,C,-7.968,17.949,-7.083
D,479,ARG,123.86985673839193,0.5018837181403417,C,-4.312,17.438,-6.098
D,480,SER,0.0,1.0,C,-4.923,18.732,-2.574
D,481,ALA,0.0,1.0,C,-7.944,16.706,-2.193
D,482,GLN,19.4655217099428,0.9217235447434728,C,-5.754,13.781,-2.951
D,483,LEU,3.7560881766319563,0.9848956903144537,C,-3.226,14.624,-0.349
D,484,LEU,0.0,1.0,C,-5.984,14.615,2.148
D,485,SER,4.913350379249521,0.980242006515319,C,-7.027,11.094,1.334
D,486,TRP,34.51811105124109,0.8611927583804663,C,-3.441,9.822,1.237
D,487,TYR,0.0,1.0,C,-3.805,9.597,4.981
D,488,ARG,10.057494721202362,0.9595559241993074,C,-7.259,8.221,4.921
D,489,PRO,9.604728387967,0.9613766277053971,C,-9.066,10.532,7.226
D,490,ARG,70.21391722371868,0.7176496663256364,C,-12.27,9.032,8.357
D,491,ALA,8.0893246228402,0.9674705016217552,C,-14.179,12.294,7.997
D,492,ALA,12.742299802960197,0.9487595516187889,C,-15.352,12.772,4.456
D,493,VAL,0.0,1.0,C,-13.258,14.913,2.17
D,494,ILE,0.0,1.0,C,-15.608,17.178,0.425
D,495,ALA,0.0,1.0,C,-13.948,18.87,-2.588
D,496,VAL,0.0,1.0,C,-15.409,22.045,-4.072
D,497,THR,3.7560881766319563,0.9848956903144537,C,-13.962,22.774,-7.532
D,498,ARG,78.2779708752534,0.6852217897833823,C,-15.172,24.471,-10.76
D,499,SER,46.35462686031828,0.8135947276711661,C,-13.488,22.004,-13.147
D,500,ALA,28.6161391630187,0.8849262829845227,C,-16.139,19.387,-13.792
D,501,GLN,52.035795050475755,0.7907491181741179,C,-13.176,17.293,-14.965
D,502,ALA,4.605574830162636,0.9814796604223729,C,-11.188,17.345,-11.794
D,503,ALA,0.8494866535306799,0.9965839701079192,C,-14.451,16.967,-9.999
D,504,ARG,46.36048278902457,0.8135711792994248,C,-14.718,13.582,-11.822
D,505,GLN,8.977214104968361,0.9639000429227188,C,-11.148,12.446,-11.786
D,506,VAL,9.344353188837477,0.9624236711871118,C,-11.407,12.872,-8.093
D,507,HIS,12.986401552144125,0.9477779483546813,C,-13.386,9.654,-7.857
D,508,LEU,0.8494866535306799,0.9965839701079192,C,-10.252,7.729,-8.165
D,509,CYS,11.340697090117038,0.9543957988087758,C,-9.52,8.675,-4.494
D,510,ARG,8.225493814817396,0.9669229261792909,C,-10.942,7.029,-1.434
D,511,GLY,10.193839842368158,0.9590076412950311,C,-13.489,9.164,0.431
D,512,VAL,5.135322749781562,0.9793493918405599,C,-13.332,12.429,-1.614
D,513,PHE,27.633448980975814,0.8888779625342373,C,-16.72,13.589,-2.731
D,514,PRO,2.5484599605920395,0.9897519103237578,C,-16.566,16.073,-5.532
D,515,LEU,0.8494866535306799,0.9965839701079192,C,-19.0,18.999,-5.652
D,516,LEU,16.720360350124196,0.9327626272584834,C,-19.051,20.922,-8.861
D,517,TYR,9.78829792990156,0.9606384418375936,C,-19.384,24.672,-8.271
D,518,ARG,119.15794528009059,0.5208316678503178,C,-21.069,26.489,-11.099
D,519,GLU,88.06713588472735,0.6458567448449027,C,-21.606,30.191,-10.032
D,520,PRO,110.69957148504787,0.5548452189781281,C,-19.551,32.842,-11.794
D,521,PRO,96.81448593841786,0.610681137157946,C,-16.707,34.292,-9.587
D,522,GLU,54.92574613251301,0.7791277945878565,C,-17.353,37.155,-7.187
D,523,ALA,111.03792101383951,0.5534846183147513,C,-15.502,40.4,-7.545
D,524,ILE,106.86064579332609,0.5702826421111389,C,-13.553,39.793,-4.274
D,525,TRP,76.41232979473381,0.6927240685684116,C,-11.528,36.609,-4.073
D,526,ALA,53.25125211540841,0.7858614161141811,C,-12.165,36.386,-0.326
D,527,ASP,60.6915488287582,0.7559418454262644,C,-15.912,36.459,-0.751
D,528,ASP,2.279087240102637,0.990835135423856,C,-15.686,33.85,-3.511
D,529,VAL,10.193839842368158,0.9590076412950311,C,-13.685,31.495,-1.392
D,530,ASP,66.24437667583122,0.7336123293210479,C,-16.313,31.813,1.258
D,531,ARG,127.73405340141923,0.48634467317134,C,-19.314,31.114,-0.988
D,532,ARG,0.0,1.0,C,-17.396,28.058,-2.177
D,533,VAL,0.8494866535306799,0.9965839701079192,C,-16.78,26.906,1.402
D,534,GLN,84.79093226911655,0.6590313008393428,C,-20.336,27.478,2.598
D,535,PHE,22.80293611681615,0.9083028425714539,C,-21.518,25.837,-0.682
D,536,GLY,0.0,1.0,C,-19.837,22.7,0.572
D,537,ILE,8.494866535306798,0.9658397010791926,C,-21.52,23.022,3.957
D,538,GLU,95.88708778707819,0.614410471566756,C,-24.939,23.531,2.367
D,539,SER,0.0,1.0,C,-24.391,20.55,0.094
D,540,GLY,0.8494866535306799,0.9965839701079192,C,-23.042,18.758,3.161
D,541,LYS,107.11194807287202,0.5692720834457272,C,-26.115,19.367,5.193
D,542,LEU,108.30472283884578,0.5644755934265479,C,-28.502,18.592,2.323
D,543,ARG,64.72772884001361,0.7397112060030762,C,-27.035,15.113,1.642
D,544,GLY,45.74752036319736,0.8160360773182993,C,-26.443,14.381,5.378
D,545,PHE,51.395148910185114,0.7933253403624044,C,-22.652,14.39,5.849
D,546,LEU,0.8494866535306799,0.9965839701079192,C,-22.99,16.965,8.552
D,547,ARG,184.66218785947729,0.2574202890143208,C,-25.564,18.124,11.036
D,548,VAL,105.09331143012261,0.577389601342237,C,-25.503,21.286,13.153
D,549,GLY,55.85124676188994,0.7754060906600184,C,-23.156,21.05,16.161
D,550,ASP,25.851185769482484,0.8960449549533798,C,-20.7,19.08,14.009
D,551,LEU,5.096919921184079,0.9795038206475155,C,-17.253,20.426,13.677
D,552,VAL,0.0,1.0,C,-15.596,20.685,10.296
D,553,ILE,0.0,1.0,C,-12.15,21.288,8.961
D,554,VAL,0.0,1.0,C,-11.663,23.591,6.041
D,555,VAL,0.8494866535306799,0.9965839701079192,C,-8.593,23.678,3.81
D,556,THR,5.096919921184079,0.9795038206475155,C,-7.832,26.547,1.398
D,557,GLY,6.428754144376322,0.974148132598961,C,-5.048,28.677,-0.047
D,558,TRP,146.61273817004206,0.4104280578546099,C,-3.557,32.148,0.283
D,559,ARG,96.82577053922957,0.6106357585360068,C,-4.022,33.206,-3.356
D,560,PRO,70.6849299270861,0.715755588923048,C,-5.902,32.137,-6.583
D,561,GLY,19.29094968936812,0.9224255489928928,C,-4.654,29.149,-8.581
D,562,SER,60.11198781602395,0.7582724267668379,C,-3.382,25.636,-8.311
D,563,GLY,45.93108990513192,0.8152978914504958,C,-0.44,24.803,-6.154
D,564,TYR,80.89018003397209,0.6747173462662743,C,-0.945,27.052,-3.182
D,565,THR,0.0,1.0,C,-3.041,25.337,-0.604
D,566,ASN,7.039994977429366,0.9716901575992465,C,-1.739,26.175,2.875
D,567,ILE,23.161077679325384,0.9068626524542305,C,-4.436,26.952,5.446
D,568,MET,0.0,1.0,C,-6.477,24.885,7.797
D,569,ARG,47.44150482112482,0.8092240791298058,C,-9.384,26.154,9.958
D,570,VAL,1.9209456775934002,0.9922753255410794,C,-11.738,24.684,12.404
D,571,LEU,27.54171447549099,0.8892468533361928,C,-15.408,25.63,12.105
D,572,SER,80.84584587844463,0.6748956266428906,C,-18.471,24.556,14.024
D,573,ILE,41.08554766171749,0.8347832089396491,C,-21.694,24.017,12.045
