chain_id,res_num,res_name,sasa,depth,secondary_structure,ca_x,ca_y,ca_z
A,14,GLN,110.6769143188302,0.4411830002014495,C,12.084,-12.653,-1.918
A,15,THR,69.56607055306601,0.648755089771918,C,8.443,-11.493,-1.733
A,16,GLN,14.057860576206846,0.929020685848253,C,6.215,-9.454,0.506
A,17,GLN,0.0,1.0,C,9.28,-7.781,2.115
A,18,LEU,34.56254573773346,0.8254908150138556,C,9.871,-10.974,4.204
A,19,HIS,100.6387215428915,0.491866675337983,C,13.637,-10.374,4.409
A,20,ALA,0.0,1.0,C,12.892,-6.928,5.9
A,21,ALA,10.415812212900198,0.9474096927340185,C,10.25,-8.571,8.136
A,22,MET,110.88490031886846,0.44013286148682407,C,12.879,-10.731,9.937
A,23,ALA,0.0,1.0,C,15.133,-7.745,10.911
A,24,ASP,58.17852603329865,0.7062517547519078,C,15.941,-7.569,14.65
A,25,THR,11.892813149429516,0.9399521914372866,C,15.814,-3.756,14.622
A,26,PHE,76.15471919713944,0.615488451551399,C,13.598,-1.181,12.962
A,27,LEU,12.742299802960197,0.9356630622542356,C,16.75,0.435,11.478
A,28,GLU,32.20609992012883,0.8373887070908632,C,17.781,-2.823,9.795
A,29,HIS,0.0,1.0,C,14.114,-3.321,8.806
A,30,MET,3.835256311502419,0.9806354700197166,C,14.363,0.029,6.932
A,31,CYS,1.9209456775934002,0.9903009845645281,C,17.725,-0.949,5.349
A,32,ARG,60.92867624225115,0.6923660162650631,C,16.192,-4.223,4.041
A,33,LEU,0.0,1.0,C,13.194,-2.608,2.257
A,34,ASP,32.54931263434821,0.8356557973830602,C,13.405,-3.803,-1.321
A,35,ILE,3.214377072188161,0.9837703412427371,C,11.771,-2.457,-4.502
A,36,ASP,83.00017419108792,0.5809251765855422,C,12.432,-5.829,-6.14
A,37,SER,0.0,1.0,C,10.327,-7.627,-3.489
A,38,PRO,58.83951712761394,0.7029143554171671,C,6.754,-8.028,-4.827
A,39,PRO,8.349699821969722,0.9578416670500023,C,3.691,-7.657,-2.598
A,40,ILE,35.67843944828855,0.8198565743118597,C,0.912,-10.226,-2.345
A,41,THR,57.912671896581266,0.7075940745299645,C,-2.312,-9.861,-4.334
A,42,ALA,0.8494866535306799,0.9957108708169491,C,-4.48,-8.973,-1.32
A,43,ARG,19.79228504502798,0.9000670969543059,C,-4.749,-5.308,-0.242
A,44,ASN,0.0,1.0,C,-5.79,-4.791,3.435
A,45,THR,0.0,1.0,C,-6.307,-1.036,3.66
A,46,GLY,0.8494866535306799,0.9957108708169491,C,-9.857,-0.037,2.786
A,47,ILE,0.0,1.0,C,-10.429,2.62,0.121
A,48,ILE,0.8494866535306799,0.9957108708169491,C,-13.108,5.25,0.606
A,49,CYS,0.0,1.0,C,-14.168,7.205,-2.462
A,50,THR,4.605574830162636,0.976746067372956,C,-16.12,10.39,-2.571
A,51,ILE,0.0,1.0,C,-18.795,10.136,-5.258
A,52,GLY,1.6989733070613597,0.9914217416338981,C,-19.646,13.224,-7.313
A,53,PRO,115.58296363675277,0.41641194674754256,C,-20.042,14.369,-10.948
A,54,ALA,30.25278327183284,0.8472511662656182,C,-16.914,12.462,-12.071
A,55,SER,0.0,1.0,C,-17.938,9.075,-10.57
A,56,ARG,38.71510290724844,0.8045242064555835,C,-21.684,9.018,-10.226
A,57,SER,62.48156549092059,0.6845253485314016,C,-22.67,7.125,-13.431
A,58,VAL,39.792669187429745,0.7990834841560773,C,-23.46,3.411,-13.064
A,59,GLU,69.66373638548082,0.6482619668131802,C,-20.806,2.56,-15.694
A,60,THR,32.83964606102236,0.8341898796220364,C,-18.046,4.531,-13.906
A,61,LEU,0.0,1.0,C,-18.906,3.038,-10.499
A,62,LYS,90.89193033512916,0.5410790395776857,C,-18.608,-0.488,-11.944
A,63,GLU,54.81350331018556,0.7232420360039401,C,-15.022,0.525,-12.771
A,64,MET,0.0,1.0,C,-14.521,2.212,-9.342
A,65,ILE,0.0,1.0,C,-15.414,-1.165,-7.771
A,66,LYS,110.69777449405004,0.44107767543156984,C,-13.109,-3.062,-10.162
A,67,SER,3.3979466141227195,0.9828434832677961,C,-10.324,-0.545,-9.371
A,68,GLY,10.193839842368158,0.9485304498033885,C,-10.704,-1.131,-5.58
A,69,MET,0.0,1.0,C,-13.322,1.247,-4.07
A,70,ASN,16.384348166266847,0.9172740553684702,C,-14.81,-0.352,-0.901
A,71,VAL,0.0,1.0,C,-16.868,2.529,0.483
A,72,ALA,0.0,1.0,C,-18.868,5.209,-1.31
A,73,ARG,1.943075056245287,0.9901892514803364,C,-18.811,8.512,0.546
A,74,LEU,0.0,1.0,C,-21.552,11.081,-0.104
A,75,ASN,34.08425710578034,0.8279057343309577,C,-20.719,14.584,1.112
A,76,PHE,0.0,1.0,C,-23.87,16.343,2.272
A,77,SER,5.899006224757397,0.970215424051165,C,-22.215,19.809,2.293
A,78,HIS,147.30994554446795,0.2562197607668404,C,-23.642,20.18,-1.205
A,79,GLY,28.91195152728072,0.854021137919931,C,-26.354,18.271,-3.056
A,80,THR,67.42611816840557,0.6595598883938132,C,-30.133,17.715,-2.927
A,81,HIS,38.936899348591886,0.8034043376674054,C,-31.574,14.589,-1.296
A,82,GLU,139.3200837450404,0.29656124143641416,C,-32.856,13.592,-4.764
A,83,TYR,58.62040988958197,0.7040206461928427,C,-29.295,13.97,-6.135
A,84,HIS,1.6989733070613597,0.9914217416338981,C,-27.883,11.854,-3.291
A,85,ALA,19.62992753669046,0.9008868535969836,C,-30.722,9.278,-3.565
A,86,GLU,78.9464766591961,0.6013926345627039,C,-29.856,8.746,-7.244
A,87,THR,0.0,1.0,C,-26.096,8.455,-6.398
A,88,ILE,0.0,1.0,C,-26.837,5.762,-3.797
A,89,LYS,135.1792761320498,0.3174685255008083,C,-29.105,4.021,-6.332
A,90,ASN,12.78070263155768,0.9354691631598065,C,-26.346,4.157,-8.933
A,91,VAL,0.0,1.0,C,-23.875,2.722,-6.329
A,92,ARG,61.64181777461604,0.6887653050056232,C,-26.269,-0.161,-5.574
A,93,THR,42.66500221786567,0.784580834381558,C,-26.797,-0.927,-9.303
A,94,ALA,0.0,1.0,C,-23.048,-1.038,-9.986
A,95,THR,0.0,1.0,C,-22.528,-3.193,-6.841
A,96,GLU,65.91619334086663,0.6671836251707165,C,-25.296,-5.718,-7.52
A,97,SER,46.20046262562132,0.7667299990006836,C,-24.287,-6.092,-11.174
A,98,PHE,48.109897507731965,0.7570891025346151,C,-21.561,-8.368,-9.733
A,99,ALA,23.554656406967116,0.8810705691820357,C,-23.983,-10.251,-7.413
A,100,SER,122.74419895786949,0.38025427049114013,C,-24.619,-13.145,-9.829
A,101,ASP,58.087243917155945,0.7067126457931161,C,-21.351,-14.746,-8.695
A,102,PRO,41.49164249449111,0.7905052257899754,C,-21.096,-14.524,-4.869
A,103,ILE,52.98187939491901,0.7324900583886262,C,-17.533,-15.869,-4.994
A,104,LEU,72.78944514661406,0.6324800017765624,C,-16.41,-12.674,-6.793
A,105,TYR,3.214377072188161,0.9837703412427371,C,-19.081,-10.296,-5.381
A,106,ARG,46.11323944718705,0.767170396125825,C,-17.354,-7.407,-3.532
A,107,PRO,0.0,1.0,C,-19.539,-5.643,-0.91
A,108,VAL,0.0,1.0,C,-19.559,-1.829,-1.034
A,109,ALA,0.0,1.0,C,-20.65,0.274,1.917
A,110,VAL,0.0,1.0,C,-22.421,3.618,1.808
A,111,ALA,0.0,1.0,C,-21.242,6.52,3.987
A,112,LEU,0.0,1.0,C,-23.097,9.789,4.657
A,113,ASP,0.0,1.0,C,-20.729,12.675,5.477
A,114,THR,6.795893228245439,0.9656869665355923,C,-22.64,15.525,7.122
A,115,LYS,40.505986648983225,0.7954818846154457,C,-22.326,19.258,6.407
A,116,GLY,2.142918048125441,0.9891802274951581,C,-22.233,19.914,10.146
A,117,PRO,10.67618741202972,0.9460950365702194,C,-22.044,23.206,12.071
A,118,GLU,33.39332035029102,0.8313943318142668,C,-20.436,26.192,10.269
A,119,ILE,7.645379881776119,0.9613978373525414,C,-19.749,29.887,10.717
A,120,ARG,75.47770598029084,0.6189067479232462,C,-20.476,32.075,7.659
A,121,THR,8.127727451437682,0.9589624241193723,C,-19.955,35.68,6.617
A,122,GLY,32.91383791312954,0.8338152787537415,C,-22.566,38.006,5.05
A,142,ILE,22.308625362329714,0.887361884171305,C,-17.587,42.17,13.213
A,143,THR,45.94908494785168,0.76799922592639,C,-21.266,42.829,14.045
A,144,LEU,53.94044214538234,0.7276501948666865,C,-23.924,40.314,15.17
A,152,CYS,92.37776543020036,0.5335769338753964,C,-20.162,43.61,4.537
A,153,ASP,92.8508013192367,0.5311885360967339,C,-17.081,45.622,3.513
A,154,GLU,122.31804819759532,0.38240594133219974,C,-13.535,46.673,4.541
A,155,ASN,91.63589717461107,0.5373226887637188,C,-15.129,48.439,7.526
A,156,ILE,84.19091320502213,0.5749130356851107,C,-17.721,46.067,9.043
A,157,LEU,38.58504097138983,0.8051809000509176,C,-18.261,42.286,8.607
A,158,TRP,113.99803014301673,0.4244144085554168,C,-21.371,40.286,9.625
A,159,LEU,1.9209456775934002,0.9903009845645281,C,-21.337,36.671,10.93
A,160,ASP,52.35984404950823,0.7356307668880496,C,-24.197,34.196,11.511
A,161,TYR,10.193839842368158,0.9485304498033885,C,-22.755,32.809,14.795
A,162,LYS,120.89024460202123,0.38961504113852274,C,-24.32,34.867,17.597
A,163,ASN,81.44883060600405,0.5887580401344477,C,-22.45,33.46,20.633
A,164,ILE,3.61991898465476,0.9817227261984262,C,-19.02,34.358,19.125
A,165,CYS,26.094118846199276,0.8682486108709756,C,-18.213,37.13,21.641
A,166,LYS,95.99737025558977,0.5153012462902364,C,-18.712,34.683,24.523
A,167,VAL,28.237036894324717,0.8574288383661336,C,-16.377,32.108,22.903
A,168,VAL,22.651737545584183,0.8856294820527544,C,-13.531,34.531,21.962
A,169,GLU,63.02317606439947,0.6817907114339238,C,-11.087,36.766,23.891
A,170,VAL,71.69089302750679,0.6380266833325137,C,-8.747,39.699,23.131
A,171,GLY,42.42206914114888,0.7858074238100601,C,-5.773,38.267,21.188
A,172,SER,32.48312556032238,0.8359899814571301,C,-7.828,35.287,19.957
A,173,LYS,27.13913822648938,0.8629722205919442,C,-7.452,34.457,16.247
A,174,ILE,3.7560881766319563,0.9810351965560069,C,-10.274,34.36,13.653
A,175,TYR,46.46676915168082,0.7653853950709911,C,-9.79,32.877,10.186
A,176,VAL,7.154034790754675,0.963878679823803,C,-12.013,33.643,7.195
A,177,ASP,39.558180711765814,0.8002674360873752,C,-12.62,31.69,3.935
A,178,ASP,93.28529614959879,0.5289947353477223,C,-10.763,28.453,4.793
A,179,GLY,31.661423152220046,0.8401388256605402,C,-7.918,30.261,6.631
A,180,LEU,107.78693810405173,0.4557747318897706,C,-7.245,32.739,3.77
A,181,ILE,39.52626213040533,0.8004285956750223,C,-7.67,35.827,5.973
A,182,SER,18.688706377674954,0.9056391579728789,C,-6.49,36.006,9.609
A,183,LEU,13.81375882702292,0.9302531760018147,C,-7.795,38.322,12.382
A,184,GLN,82.56140679471696,0.583140549877782,C,-6.772,39.08,15.977
A,185,VAL,0.0,1.0,C,-9.388,40.609,18.315
A,186,LYS,73.78947692010476,0.6274307576879944,C,-8.116,43.822,19.93
A,187,GLN,62.59550477328099,0.6839500595624263,C,-11.391,44.604,21.776
A,188,LYS,56.38520441566469,0.7153063856314172,C,-14.534,42.526,22.517
A,189,GLY,46.053951310628506,0.7674697468874468,C,-17.963,44.165,23.036
A,190,ALA,110.43136743702563,0.44242278695051473,C,-21.682,43.327,23.262
A,191,ASP,48.78471160972305,0.753681909677665,C,-22.37,42.286,19.643
A,192,PHE,56.56329502001138,0.7144071912707338,C,-19.096,43.682,18.246
A,193,LEU,6.564923336353519,0.966853152843055,C,-15.479,42.571,17.823
A,194,VAL,53.79851755566376,0.7283667839938075,C,-12.723,45.01,16.796
A,195,THR,43.85301432937657,0.7785824618395987,C,-9.838,43.273,15.008
A,196,GLU,58.17349948505291,0.7062771342145294,C,-6.514,44.041,13.329
A,197,VAL,99.75949029011663,0.49630598749109733,C,-5.96,42.069,10.096
A,198,GLU,115.1529424343294,0.41858315977482075,C,-2.832,39.868,10.1
A,199,ASN,52.26856193336553,0.7360916579292579,C,-3.084,38.258,6.636
A,200,GLY,49.302596875482024,0.7510670636437612,C,-5.3,39.902,3.97
A,201,GLY,112.39601895161577,0.43250309708754797,C,-6.34,39.054,0.38
A,204,GLY,106.64347377636872,0.46154817894424605,C,-16.028,37.535,-0.696
A,205,SER,97.2464674946571,0.5089944498287678,C,-19.63,36.632,0.236
A,206,LYS,57.80636040118379,0.7081308501644114,C,-20.877,33.75,2.459
A,207,LYS,74.99892725988377,0.6213241417379538,C,-17.319,32.595,3.376
A,208,GLY,13.100441365469434,0.9338547755424463,C,-16.379,30.051,6.077
A,209,VAL,9.421158846032442,0.9524317807975813,C,-14.985,31.205,9.428
A,210,ASN,18.993340334108254,0.9041010356406967,C,-12.715,29.19,11.761
A,211,LEU,8.494866535306798,0.9571087081694905,C,-11.967,30.198,15.386
A,212,PRO,23.01294530252332,0.8838057138687659,C,-8.673,28.409,16.301
A,213,GLY,45.74752036319736,0.7690169423775164,C,-8.275,27.129,19.886
A,214,ALA,11.043326495898839,0.9442413206203375,C,-11.838,28.155,20.831
A,215,ALA,57.48968786170194,0.7097297563095724,C,-14.585,26.052,22.402
A,216,VAL,1.6989733070613597,0.9914217416338981,C,-17.301,26.669,19.792
A,217,ASP,84.84431421148636,0.5716139593389284,C,-20.777,26.068,21.321
A,218,LEU,23.24984652134522,0.8826095797954098,C,-22.525,25.603,17.913
A,219,PRO,81.28431168192085,0.5895887099460528,C,-24.947,22.65,18.247
A,220,ALA,7.46181033984156,0.9623246953274823,C,-23.64,19.075,17.798
A,221,VAL,8.977214104968361,0.9546732949363214,C,-26.119,18.53,14.937
A,222,SER,22.444794554306917,0.8866743545288858,C,-27.345,21.479,12.762
A,223,GLU,162.34202656892361,0.1803215260670873,C,-30.88,21.94,11.359
A,224,LYS,62.86201236127031,0.682604440454229,C,-29.818,20.613,7.937
A,225,ASP,0.8494866535306799,0.9957108708169491,C,-27.93,17.767,9.687
A,226,ILE,74.71335648767244,0.6227660124581438,C,-31.157,16.548,11.3
A,227,GLN,118.04900077248523,0.40396071893672747,C,-32.937,16.249,7.944
A,228,ASP,2.142918048125441,0.9891802274951581,C,-29.934,14.501,6.378
A,229,LEU,1.2076282160399163,0.9939025841051599,C,-29.471,11.868,9.129
A,230,LYS,148.7679209958871,0.24885832073613146,C,-33.18,10.978,8.707
A,231,PHE,7.645379881776119,0.9613978373525414,C,-32.535,10.552,4.953
A,232,GLY,0.0,1.0,C,-29.477,8.393,5.854
A,233,VAL,27.852455688042866,0.8593706210513126,C,-31.713,6.068,7.944
A,234,GLU,92.96007847809918,0.5306367865793401,C,-34.322,5.942,5.19
A,235,GLN,29.81155286682146,0.8494789754945427,C,-31.66,5.119,2.594
A,236,ASP,39.54370425281807,0.8003405289397254,C,-30.073,2.329,4.709
A,237,VAL,0.0,1.0,C,-26.617,3.939,4.914
A,238,ASP,0.0,1.0,C,-23.97,1.817,6.697
A,239,MET,0.0,1.0,C,-22.102,4.606,8.425
A,240,VAL,0.0,1.0,C,-22.309,8.326,9.187
A,241,PHE,0.0,1.0,C,-19.132,10.448,9.122
A,242,ALA,2.5484599605920395,0.9871326124508472,C,-19.974,13.16,11.659
A,243,SER,2.77043233112408,0.9860118553814771,C,-18.414,16.586,11.044
A,244,PHE,24.552174906334947,0.8760340148247786,C,-16.767,18.886,13.573
A,245,ILE,0.0,1.0,C,-17.06,16.585,16.601
A,246,ARG,0.0,1.0,C,-15.561,18.493,19.53
A,247,LYS,30.448315998592268,0.8462639051696379,C,-16.537,16.313,22.539
A,248,ALA,11.401468058408074,0.9424330339085483,C,-18.309,13.138,23.719
A,249,SER,53.24828645194343,0.7311449468696812,C,-21.737,14.767,24.091
A,250,ASP,0.0,1.0,C,-21.603,15.611,20.322
A,251,VAL,0.0,1.0,C,-21.339,11.892,19.431
A,252,HIS,77.46790492633998,0.6088580669415051,C,-24.088,11.031,21.902
A,253,GLU,59.52232344131576,0.6994668092146483,C,-26.29,13.599,20.201
A,254,VAL,1.6989733070613597,0.9914217416338981,C,-25.59,12.105,16.772
A,255,ARG,48.76317285049005,0.7537906606749984,C,-26.35,8.639,18.3
A,256,LYS,158.1165844498453,0.2016561368333728,C,-29.601,9.966,19.891
A,257,VAL,49.598409239744036,0.7495734822684799,C,-30.731,11.568,16.614
A,258,LEU,5.135322749781562,0.9740713258072652,C,-30.097,8.374,14.711
A,259,GLY,20.74582124724555,0.8952526128949877,C,-31.934,6.697,17.61
A,260,GLU,122.99854229910412,0.37897006968248703,C,-33.364,3.186,17.655
A,261,LYS,99.65011260028923,0.4968582445977435,C,-33.982,2.958,13.854
A,262,GLY,0.0,1.0,C,-30.297,3.925,13.198
A,263,LYS,127.1547939815797,0.35798480721918824,C,-28.732,2.009,16.086
A,264,ASN,60.00183101121848,0.6970457353778605,C,-26.697,-0.185,13.679
A,265,ILE,0.0,1.0,C,-25.335,2.735,11.672
A,266,LYS,56.91560578655555,0.7126283447355857,C,-21.735,3.214,12.747
A,267,ILE,0.0,1.0,C,-20.684,6.728,13.746
A,268,ILE,0.0,1.0,C,-17.196,7.842,12.629
A,269,SER,0.0,1.0,C,-16.318,11.123,14.302
A,270,LYS,3.756088176631956,0.9810351965560069,C,-14.412,13.624,12.14
A,271,ILE,0.0,1.0,C,-11.735,15.416,14.095
A,272,GLU,2.142918048125441,0.9891802274951581,C,-11.297,18.801,12.49
A,273,ASN,0.8494866535306799,0.9957108708169491,C,-10.343,21.33,15.191
A,274,HIS,28.571528547337728,0.855739962025979,C,-8.187,21.838,18.273
A,275,GLU,3.214377072188161,0.9837703412427371,C,-10.908,20.896,20.771
A,276,GLY,0.0,1.0,C,-11.532,17.519,19.102
A,277,VAL,5.31889229171612,0.9731444678323242,C,-7.821,16.738,19.289
A,278,ARG,117.43641533777645,0.4070537140464222,C,-7.784,17.819,22.972
A,279,ARG,72.43475933602377,0.6342708401077992,C,-10.923,15.824,23.836
A,280,PHE,0.0,1.0,C,-10.047,12.926,21.594
A,281,ASP,32.792245711065,0.8344292079545581,C,-10.139,10.16,24.215
A,282,GLU,44.09594740609336,0.7773558724110965,C,-13.759,10.73,25.21
A,283,ILE,0.0,1.0,C,-14.796,11.231,21.573
A,284,LEU,0.8494866535306799,0.9957108708169491,C,-13.099,7.953,20.627
A,285,GLU,106.37126105612049,0.4629226037425189,C,-14.791,6.099,23.491
A,286,ALA,8.93881127637088,0.9548671940307504,C,-18.233,7.24,22.322
A,287,SER,2.142918048125441,0.9891802274951581,C,-17.545,6.624,18.596
A,288,ASP,30.58996412815733,0.8455487119129611,C,-17.434,3.526,16.376
A,289,GLY,0.0,1.0,C,-14.353,4.909,14.599
A,290,ILE,0.0,1.0,C,-12.487,8.09,13.64
A,291,MET,0.0,1.0,C,-11.668,10.207,10.612
A,292,VAL,0.0,1.0,C,-8.51,12.27,10.598
A,293,ALA,4.247433267653399,0.9785543540847452,C,-10.218,15.151,8.805
A,294,ARG,0.0,1.0,C,-6.92,16.763,7.774
A,295,GLY,12.967237836957228,0.9345273313019189,C,-8.35,19.467,5.452
A,296,ASP,50.72867887828196,0.7438666563033861,C,-10.159,21.495,8.069
A,297,LEU,0.0,1.0,C,-7.85,20.239,10.824
A,298,GLY,8.571672192501763,0.9567209099806323,C,-5.046,22.033,8.913
A,299,ILE,23.19651484445788,0.882878855893825,C,-7.053,25.287,8.801
A,300,GLU,4.285836096250882,0.9783604549903161,C,-7.631,25.095,12.567
A,301,ILE,4.605574830162636,0.976746067372956,C,-4.123,24.098,13.694
A,302,PRO,48.42073925124875,0.7555196365660953,C,-0.759,25.019,12.214
A,303,ALA,19.268820310716233,0.9027101141917196,C,-0.301,23.018,9.025
A,304,GLU,5.3572951203136014,0.9729505687378952,C,3.067,21.789,10.422
A,305,LYS,29.240687782552353,0.8523613210644782,C,1.355,20.023,13.416
A,306,VAL,2.5484599605920395,0.9871326124508472,C,-1.146,17.958,11.416
A,307,PHE,0.8494866535306799,0.9957108708169491,C,1.167,14.933,11.164
A,308,LEU,0.0,1.0,C,1.333,14.876,15.028
A,309,ALA,0.0,1.0,C,-2.489,14.895,15.363
A,310,GLN,0.0,1.0,C,-2.673,12.216,12.611
A,311,LYS,5.946406574714759,0.9699760957186433,C,-0.13,9.847,14.163
A,312,MET,4.247433267653399,0.9785543540847452,C,-1.616,10.335,17.646
A,313,MET,0.0,1.0,C,-5.172,9.515,16.528
A,314,ILE,0.0,1.0,C,-4.063,6.521,14.461
A,315,GLY,0.0,1.0,C,-1.92,5.127,17.369
A,316,ARG,28.52126306488029,0.8559937566521951,C,-4.718,5.644,19.831
A,317,CYS,0.0,1.0,C,-7.37,3.995,17.533
A,318,ASN,2.142918048125441,0.9891802274951581,C,-4.941,1.146,16.913
A,319,ARG,59.52516344107461,0.6994524698182671,C,-4.513,0.822,20.702
A,320,ALA,34.09467462701964,0.8278531353946744,C,-8.359,0.818,21.155
A,321,GLY,8.571672192501763,0.9567209099806323,C,-9.204,-1.55,18.326
A,322,LYS,53.02631408141138,0.7322657039390512,C,-11.404,1.055,16.551
A,323,PRO,0.8494866535306799,0.9957108708169491,C,-11.26,1.942,12.786
A,324,VAL,0.0,1.0,C,-9.313,5.094,11.82
A,325,ILE,0.0,1.0,C,-9.598,6.85,8.424
A,326,CYS,0.0,1.0,C,-6.852,9.113,7.025
A,327,ALA,0.0,1.0,C,-8.507,11.769,4.854
A,328,THR,14.441273110021559,0.9270848038881336,C,-7.958,14.703,2.529
A,329,GLN,32.626243955249315,0.8352673647076365,C,-5.547,15.717,-0.261
A,330,MET,0.0,1.0,C,-3.761,12.37,-0.257
A,331,LEU,0.0,1.0,C,-3.514,12.359,-4.085
A,332,GLU,42.02983501516289,0.7877878467270804,C,-4.742,15.947,-4.628
A,333,SER,30.939661089613708,0.8437830626983762,C,-2.699,16.599,-7.809
A,334,MET,0.0,1.0,C,-4.551,13.745,-9.564
A,335,ILE,37.46914726083474,0.8108151407529135,C,-7.673,15.927,-9.718
A,336,LYS,91.73239433455873,0.5368354665300406,C,-5.986,17.434,-12.784
A,337,LYS,50.12850901774017,0.7468969641404055,C,-3.081,14.968,-13.484
A,338,PRO,62.01242517677472,0.6868940772265324,C,-3.015,11.249,-14.411
A,339,ARG,104.5630608556791,0.47205235783138844,C,-0.123,10.691,-11.952
A,340,PRO,4.69137800871748,0.9763128399460052,C,0.584,11.88,-8.392
A,341,THR,10.060636313855952,0.949203005562861,C,3.458,13.87,-6.908
A,342,ARG,26.461006602656106,0.8663961638942248,C,6.15,12.037,-5.018
A,343,ALA,0.0,1.0,C,5.033,13.572,-1.733
A,344,GLU,0.0,1.0,C,1.508,12.185,-2.441
A,345,GLY,2.9066015231012763,0.9853243257390579,C,2.562,8.556,-2.872
A,346,SER,0.0,1.0,C,4.756,9.11,0.197
A,347,ASP,0.0,1.0,C,1.748,10.308,2.228
A,348,VAL,0.0,1.0,C,-0.428,7.317,1.262
A,349,ALA,0.0,1.0,C,2.36,4.785,2.089
A,350,ASN,0.0,1.0,C,3.1,6.554,5.452
A,351,ALA,0.0,1.0,C,-0.607,6.614,6.335
A,352,VAL,0.0,1.0,C,-0.663,2.811,5.906
A,353,LEU,29.924047016561207,0.8489109831210712,C,2.604,2.458,7.82
A,354,ASP,8.349699821969722,0.9578416670500023,C,1.138,4.724,10.587
A,355,GLY,4.247433267653399,0.9785543540847452,C,-1.661,2.157,10.954
A,356,ALA,0.0,1.0,C,-4.746,3.659,9.191
A,357,ASP,0.0,1.0,C,-7.557,1.131,8.607
A,358,CYS,0.0,1.0,C,-8.749,3.097,5.56
A,359,ILE,0.0,1.0,C,-7.501,5.849,3.268
A,360,MET,0.8494866535306799,0.9957108708169491,C,-9.719,8.364,1.446
A,361,LEU,0.0,1.0,C,-10.157,10.264,-1.799
A,362,SER,9.344353188837477,0.9528195789864394,C,-12.299,13.361,-2.054
A,363,GLY,20.140436342898802,0.8983092519244771,C,-12.242,15.75,-5.035
A,364,GLU,0.0,1.0,C,-9.901,13.17,-6.664
A,365,THR,0.0,1.0,C,-12.859,10.863,-7.237
A,366,ALA,12.609096274447992,0.9363356180137081,C,-15.833,13.285,-6.808
A,367,LYS,104.33249308764684,0.47321651378184126,C,-14.881,15.779,-9.551
A,368,GLY,4.913350379249521,0.9751920828766352,C,-11.329,15.255,-10.9
A,369,ASP,112.13057950512867,0.43384332305993834,C,-10.239,14.246,-14.41
A,370,TYR,67.83713901846002,0.6574846097352447,C,-8.766,10.859,-13.357
A,371,PRO,10.418777876365187,0.9473947188510717,C,-10.851,9.182,-10.655
A,372,LEU,22.80293611681615,0.8848660678170965,C,-10.278,5.532,-11.606
A,373,GLU,43.728808322224246,0.7792095883609784,C,-6.547,6.273,-11.722
A,374,ALA,0.0,1.0,C,-6.569,7.857,-8.269
A,375,VAL,0.0,1.0,C,-8.315,4.739,-6.918
A,376,ARG,86.64795281939472,0.5625072371123881,C,-5.924,2.336,-8.666
A,377,MET,16.802494148459644,0.9151628013216355,C,-2.928,4.308,-7.333
A,378,GLN,0.0,1.0,C,-4.102,4.039,-3.691
A,379,HIS,26.66049773615906,0.8653889164714299,C,-4.553,0.317,-4.231
A,380,LEU,41.71658052848814,0.7893694948376586,C,-0.941,-0.046,-5.52
A,381,ILE,0.0,1.0,C,0.693,2.005,-2.745
A,382,ALA,0.0,1.0,C,-1.351,0.584,0.113
A,383,ARG,41.019461118656565,0.7928893090599922,C,-0.307,-2.843,-1.016
A,384,GLU,0.0,1.0,C,3.406,-1.96,-1.177
A,385,ALA,0.0,1.0,C,3.201,-0.22,2.245
A,386,GLU,0.0,1.0,C,1.38,-3.137,3.918
A,387,ALA,0.0,1.0,C,4.265,-5.463,3.05
A,388,ALA,0.0,1.0,C,6.603,-2.789,4.477
A,389,ILE,5.946406574714759,0.9699760957186433,C,5.089,-2.736,7.952
A,390,TYR,12.742299802960199,0.9356630622542356,C,7.372,-3.983,10.724
A,391,HIS,4.247433267653399,0.9785543540847452,C,4.943,-6.67,11.917
A,392,LEU,30.55921421926399,0.8457039707755488,C,7.575,-8.153,14.211
A,393,GLN,25.541814291327576,0.8710372427751808,C,7.529,-5.215,16.652
A,394,LEU,36.638824322490954,0.8150075107347196,C,3.95,-4.146,15.903
A,395,PHE,0.0,1.0,C,2.535,-7.505,16.913
A,396,GLU,16.16965172432052,0.9183580756656954,C,4.903,-7.626,19.905
A,397,GLU,12.511329911068277,0.9368292485616982,C,3.702,-4.261,21.186
A,398,LEU,8.669438555881477,0.9562272794326421,C,-0.039,-4.921,20.535
A,399,ARG,25.155863350648758,0.872985941363924,C,-0.09,-8.128,22.551
A,400,ARG,53.03704576191606,0.732211518786354,C,1.957,-6.47,25.338
A,401,LEU,70.04841812272758,0.6463196765387489,C,-1.279,-4.422,25.744
A,402,ALA,12.819105460155162,0.9352752640653775,C,-3.64,-7.358,24.998
A,403,PRO,94.25154951887808,0.5241160412479717,C,-5.334,-7.667,28.431
A,404,ILE,74.36969138411095,0.6245012063175828,C,-5.526,-10.995,30.243
A,405,THR,38.635306453847264,0.8049271054247016,C,-9.302,-11.103,30.129
A,406,SER,80.76759508862902,0.5921976552548971,C,-11.077,-14.428,30.569
A,407,ASP,52.334573078202766,0.7357583621363797,C,-12.767,-13.78,27.194
A,408,PRO,53.25125211540842,0.7311299729867344,C,-12.344,-16.921,24.994
A,409,THR,9.344353188837479,0.9528195789864394,C,-13.099,-15.055,21.757
A,410,GLU,33.401764951343885,0.8313516943170625,C,-10.047,-12.735,22.194
A,411,ALA,0.0,1.0,C,-7.778,-15.633,23.161
A,412,THR,0.0,1.0,C,-8.874,-17.473,19.978
A,413,ALA,0.8494866535306799,0.9957108708169491,C,-8.39,-14.34,17.889
A,414,VAL,0.0,1.0,C,-4.82,-13.743,19.113
A,415,GLY,0.0,1.0,C,-3.832,-17.426,18.76
A,416,ALA,0.0,1.0,C,-4.999,-17.318,15.145
A,417,VAL,0.0,1.0,C,-2.889,-14.234,14.308
A,418,GLU,5.357295120313602,0.9729505687378952,C,0.206,-15.81,15.937
A,419,ALA,0.0,1.0,C,-0.489,-19.041,14.0
A,420,SER,0.0,1.0,C,-0.839,-16.981,10.767
A,421,PHE,32.68000288873755,0.8349959313548985,C,2.637,-15.496,11.367
A,422,LYS,11.892813149429518,0.9399521914372866,C,4.089,-18.903,12.258
A,423,CYS,5.357295120313602,0.9729505687378952,C,3.036,-20.645,9.023
A,424,CYS,41.87898830230812,0.7885494844003547,C,2.848,-17.477,6.889
A,425,SER,5.357295120313602,0.9729505687378952,C,-0.715,-18.37,5.96
A,426,GLY,17.8139487528388,0.9100558824042599,C,-2.55,-17.366,2.806
A,427,ALA,0.0,1.0,C,-5.44,-16.147,4.948
A,428,ILE,0.0,1.0,C,-7.354,-16.04,8.201
A,429,ILE,0.0,1.0,C,-10.931,-17.163,7.52
A,430,VAL,0.0,1.0,C,-13.54,-16.081,10.096
A,431,LEU,0.0,1.0,C,-17.269,-16.926,10.417
A,432,THR,0.8494866535306799,0.9957108708169491,C,-18.968,-13.864,11.872
A,433,LYS,69.52470206100354,0.6489639627492938,C,-22.616,-12.776,12.194
A,434,SER,16.40062161621244,0.9171918893582327,C,-21.95,-9.235,13.543
A,435,GLY,0.8494866535306799,0.9957108708169491,C,-18.371,-8.837,12.278
A,436,ARG,132.74517014404847,0.32975853027531954,C,-17.086,-8.792,15.88
A,437,SER,1.0714590240627204,0.994590113747579,C,-15.052,-12.057,15.6
A,438,ALA,0.0,1.0,C,-13.183,-10.681,12.539
A,439,HIS,25.12331645075757,0.873150273384399,C,-12.796,-7.212,14.106
A,440,GLN,32.629385547902906,0.835251502543498,C,-11.003,-8.929,17.009
A,441,VAL,0.0,1.0,C,-8.507,-10.52,14.551
A,442,ALA,0.0,1.0,C,-7.927,-7.262,12.591
A,443,ARG,77.42392262918972,0.6090801372394441,C,-7.096,-5.619,15.935
A,444,TYR,7.550579181861394,0.9618764940175848,C,-3.789,-7.595,16.041
A,445,ARG,0.8494866535306799,0.9957108708169491,C,-2.811,-6.625,12.502
A,446,PRO,0.0,1.0,C,-2.005,-9.91,10.792
A,447,ARG,9.344353188837479,0.9528195789864394,C,-0.046,-9.879,7.539
A,448,ALA,3.3979466141227195,0.9828434832677961,C,-2.47,-12.395,6.058
A,449,PRO,0.8494866535306799,0.9957108708169491,C,-5.869,-11.252,4.671
A,450,ILE,0.0,1.0,C,-8.955,-11.838,6.885
A,451,ILE,0.8494866535306799,0.9957108708169491,C,-11.744,-13.441,4.836
A,452,ALA,0.0,1.0,C,-14.796,-12.639,6.964
A,453,VAL,0.0,1.0,C,-17.727,-14.896,5.964
A,454,THR,0.8494866535306799,0.9957108708169491,C,-21.184,-13.6,6.899
A,455,ARG,65.45300948639196,0.6695222792026407,C,-24.828,-13.947,5.846
A,456,ASN,48.18637643929095,0.7567029540108275,C,-25.474,-10.366,7.069
A,457,PRO,44.131836960567966,0.7771746630479783,C,-25.287,-7.809,4.225
A,458,GLN,5.357295120313602,0.9729505687378952,C,-24.71,-4.854,6.628
A,459,THR,2.77043233112408,0.9860118553814771,C,-21.955,-6.755,8.546
A,460,ALA,0.8494866535306799,0.9957108708169491,C,-20.283,-7.399,5.183
A,461,ARG,14.32095011138907,0.9276923247746383,C,-20.441,-3.737,4.063
A,462,GLN,8.178093464860034,0.9587081219039039,C,-19.239,-2.341,7.455
A,463,ALA,1.6989733070613597,0.9914217416338981,C,-16.265,-4.757,7.684
A,464,HIS,5.096919921184079,0.9742652249016942,C,-14.421,-2.637,5.106
A,465,LEU,1.0714590240627204,0.994590113747579,C,-13.702,-0.147,7.896
A,466,TYR,26.80743630775276,0.8646470113303438,C,-11.207,-2.623,9.397
A,467,ARG,0.0,1.0,C,-7.661,-3.15,8.091
A,468,GLY,0.0,1.0,C,-7.305,-6.541,6.427
A,469,ILE,1.0714590240627204,0.994590113747579,C,-10.96,-7.636,6.435
A,470,PHE,28.84107719701573,0.8543789883428956,C,-12.231,-8.904,3.099
A,471,PRO,0.0,1.0,C,-15.936,-9.486,3.744
A,472,VAL,0.8494866535306799,0.9957108708169491,C,-17.693,-12.05,1.634
A,473,LEU,3.7560881766319563,0.9810351965560069,C,-21.452,-12.407,1.619
A,474,CYS,3.214377072188161,0.9837703412427371,C,-22.627,-16.006,1.614
A,475,LYS,113.39867709656487,0.4274405922297603,C,-26.084,-16.424,0.004
A,476,ASP,58.200655411950535,0.7061400216677163,C,-26.426,-20.22,0.372
A,477,PRO,117.05448563569422,0.40898210906506827,C,-29.435,-21.337,2.439
A,478,VAL,109.2045755057988,0.44861696204659984,C,-28.984,-22.479,6.028
A,479,GLN,57.48320361446493,0.7097624958163542,C,-28.195,-26.205,5.928
A,480,GLU,197.35399598530898,0.0035431633279454644,C,-30.293,-28.568,8.049
A,481,ALA,43.5487573640617,0.7801186807120843,C,-27.247,-29.732,10.015
A,482,TRP,73.50572827163253,0.6288634283529839,C,-25.249,-26.91,11.596
A,483,ALA,63.17868490075217,0.681005534309068,C,-21.813,-28.612,11.199
A,484,GLU,105.96571914365387,0.46497021878683,C,-22.476,-28.912,7.455
A,485,ASP,1.0714590240627204,0.994590113747579,C,-23.653,-25.271,7.423
A,486,VAL,10.193839842368156,0.9485304498033885,C,-20.368,-24.261,9.052
A,487,ASP,71.77327815325452,0.6376107139401457,C,-18.225,-26.276,6.588
A,488,LEU,45.55550622020994,0.7699864378496616,C,-20.24,-24.874,3.639
A,489,ARG,0.0,1.0,C,-19.226,-21.301,4.494
A,490,VAL,10.551981404877395,0.9467221630915993,C,-15.599,-22.26,5.156
A,491,ASN,70.920951499965,0.6419141825195778,C,-15.494,-23.858,1.684
A,492,PHE,10.91012296738663,0.9449138763798101,C,-17.14,-20.697,0.309
A,493,ALA,0.0,1.0,C,-14.206,-18.695,1.753
A,494,MET,4.247433267653399,0.9785543540847452,C,-11.719,-21.216,0.297
A,495,ASN,55.38608998722883,0.7203509979680567,C,-13.233,-20.672,-3.165
A,496,VAL,6.171344608711788,0.9688403647663265,C,-13.139,-16.874,-2.757
A,497,GLY,0.0,1.0,C,-9.424,-16.864,-1.877
A,498,LYS,76.96241010200677,0.6114103526000466,C,-8.631,-19.202,-4.76
A,499,ALA,59.561279190220276,0.699270118379331,C,-10.743,-17.107,-7.199
A,500,ARG,79.77649800464513,0.597201787348655,C,-9.09,-13.841,-6.034
A,501,GLY,44.979526623100796,0.7728946070228145,C,-5.564,-15.305,-6.139
A,502,PHE,23.678862414119443,0.880443442660656,C,-4.972,-15.001,-2.39
A,503,PHE,10.0102703004336,0.9494573077783295,C,-4.036,-18.684,-2.127
A,504,LYS,107.26905283829275,0.4583895779236744,C,-4.095,-21.974,-4.072
A,505,LYS,174.10149795976415,0.1209469711990685,C,-4.719,-25.668,-3.369
A,506,GLY,54.020414527972115,0.7272464076163767,C,-2.22,-27.005,-0.804
A,507,ASP,55.739795620911195,0.718565108632031,C,-1.484,-23.68,0.934
A,508,VAL,15.15755623504003,0.9234682304645552,C,-2.295,-23.423,4.678
A,509,VAL,0.0,1.0,C,-4.909,-21.069,6.046
A,510,ILE,0.0,1.0,C,-6.295,-20.368,9.496
A,511,VAL,0.0,1.0,C,-10.023,-20.942,10.101
A,512,LEU,0.0,1.0,C,-11.921,-19.43,13.044
A,513,THR,9.344353188837479,0.9528195789864394,C,-15.316,-20.93,13.94
A,514,GLY,3.214377072188161,0.9837703412427371,C,-17.362,-21.364,17.121
A,515,TRP,145.40214429053717,0.2658524089075568,C,-18.783,-24.254,19.141
A,516,ARG,100.84512418023235,0.4908245311540834,C,-22.477,-23.411,18.667
A,517,PRO,61.387977088205986,0.6900469678680141,C,-24.738,-21.071,16.581
A,518,GLY,17.950117944815997,0.9093683527618407,C,-25.302,-17.345,17.242
A,519,SER,41.11254022579712,0.7924193448608967,C,-22.846,-14.473,17.983
A,520,GLY,40.39022524288376,0.7960663736396212,C,-20.258,-14.5,20.767
A,521,PHE,59.91394181514165,0.6974894952817994,C,-19.079,-18.143,20.722
A,522,THR,0.8494866535306799,0.9957108708169491,C,-15.955,-17.99,18.517
A,523,ASN,2.5484599605920395,0.9871326124508472,C,-13.545,-20.396,20.271
A,524,THR,11.892813149429518,0.9399521914372866,C,-12.092,-22.736,17.581
A,525,MET,0.0,1.0,C,-8.959,-22.179,15.543
A,526,ARG,55.31810592220515,0.720694255200014,C,-7.856,-24.705,12.905
A,527,VAL,2.142918048125441,0.9891802274951581,C,-4.864,-24.817,10.57
A,528,VAL,18.19736128665351,0.9081200004441407,C,-6.165,-26.349,7.349
A,529,PRO,83.87414013457537,0.5765124494195241,C,-4.838,-26.803,3.826
A,530,VAL,1.0714590240627204,0.994590113747579,C,-6.646,-25.244,0.874
A,531,PRO,88.29021409587347,0.5542153225333145,C,-8.525,-28.023,-0.953
B,14,GLN,120.12920006487442,0.39345761867674645,C,5.006,19.786,28.172
B,15,THR,74.88496284478214,0.6218995576042421,C,7.64,20.738,25.519
B,16,GLN,19.247859604531484,0.9028159465508517,C,9.705,19.075,22.771
B,17,GLN,0.8494866535306799,0.9957108708169491,C,7.452,15.948,22.823
B,18,LEU,53.96456957696189,0.7275283734461029,C,9.326,14.852,25.948
B,19,HIS,112.39833116380882,0.43249142253474204,C,6.295,12.929,27.219
B,20,ALA,0.0,1.0,C,6.187,10.863,23.973
B,21,ALA,7.46181033984156,0.9623246953274823,C,10.003,10.596,24.238
B,22,MET,100.64089552500778,0.49185569872039925,C,9.583,8.576,27.456
B,23,ALA,0.8494866535306799,0.9957108708169491,C,7.25,5.95,25.915
B,24,ASP,75.42863430304178,0.6191545149270896,C,8.544,2.358,26.306
B,25,THR,19.98213777226972,0.8991085146510879,C,7.022,1.276,22.964
B,26,PHE,89.25516056260888,0.5493432270938453,C,6.627,2.901,19.588
B,27,LEU,5.946406574714759,0.9699760957186433,C,2.829,2.584,19.714
B,28,GLU,34.98552977261279,0.8233551332342477,C,2.662,4.577,22.997
B,29,HIS,0.8494866535306799,0.9957108708169491,C,5.178,6.984,21.508
B,30,MET,5.559362359792499,0.9719303143405067,C,2.681,7.623,18.683
B,31,CYS,0.0,1.0,C,-0.191,7.853,21.114
B,32,ARG,59.04613339325523,0.701871132606106,C,1.666,10.536,23.072
B,33,LEU,2.5484599605920395,0.9871326124508472,C,2.354,12.902,20.177
B,34,ASP,59.26491390565124,0.7007664914955006,C,0.999,16.27,21.281
B,35,ILE,4.69137800871748,0.9763128399460052,C,0.121,19.267,19.078
B,36,ASP,79.03704249221377,0.6009353600949192,C,0.28,21.426,22.227
B,37,SER,4.46940563818544,0.9774335970153752,C,3.901,20.408,22.976
B,38,PRO,70.33271969150684,0.644884214132871,C,6.04,23.116,21.389
B,39,PRO,26.265725203308964,0.867382156017074,C,9.447,22.321,19.802
B,40,ILE,47.6600214397379,0.7593605644392487,C,12.787,23.907,20.717
B,41,THR,62.04606535090936,0.6867242251729373,C,14.178,26.806,18.697
B,42,ALA,2.77043233112408,0.9860118553814771,C,16.949,24.965,16.846
B,43,ARG,25.6851840136668,0.8703133570525561,C,15.99,23.156,13.615
B,44,ASN,10.676187412029723,0.9460950365702194,C,18.465,20.315,12.844
B,45,THR,0.0,1.0,C,17.529,19.254,9.252
B,46,GLY,2.5484599605920395,0.9871326124508472,C,19.395,21.118,6.52
B,47,ILE,0.0,1.0,C,17.353,23.029,3.954
B,48,ILE,0.0,1.0,C,18.604,22.95,0.366
B,49,CYS,0.0,1.0,C,17.038,25.494,-2.011
B,50,THR,7.154034790754675,0.963878679823803,C,17.314,25.455,-5.777
B,51,ILE,8.349699821969722,0.9578416670500023,C,17.968,28.958,-7.083
B,52,GLY,0.8494866535306799,0.9957108708169491,C,16.214,30.437,-10.138
B,53,PRO,115.58296363675278,0.41641194674754256,C,14.356,33.551,-11.327
B,54,ALA,24.933890980116722,0.874106698433294,C,12.12,33.471,-8.186
B,55,SER,0.0,1.0,C,15.043,33.661,-5.757
B,56,ARG,44.30022632680038,0.7763244510501546,C,18.179,34.891,-7.525
B,57,SER,58.34520637312751,0.7054101717713754,C,18.36,38.598,-6.517
B,58,VAL,41.98298758551255,0.7880243833187137,C,20.566,39.598,-3.575
B,59,GLU,65.14396473387302,0.6710826720132734,C,17.542,41.001,-1.743
B,60,THR,37.445220891185,0.8109359469949923,C,15.497,37.811,-2.173
B,61,LEU,0.0,1.0,C,18.497,35.591,-1.236
B,62,LYS,77.79148896965972,0.6072242640352394,C,18.879,37.602,2.038
B,63,GLU,58.69379749396984,0.7036501060385673,C,15.31,36.638,2.995
B,64,MET,0.0,1.0,C,15.941,33.067,1.733
B,65,ILE,0.0,1.0,C,18.76,32.954,4.281
B,66,LYS,115.91890042238646,0.4147157738118842,C,16.705,34.497,7.084
B,67,SER,11.439870887005558,0.9422391348141193,C,13.88,32.076,6.27
B,68,GLY,6.795893228245439,0.9656869665355923,C,16.224,29.05,6.702
B,69,MET,1.0714590240627204,0.994590113747579,C,18.15,28.223,3.523
B,70,ASN,15.50959054143069,0.9216907797998513,C,21.465,26.536,4.388
B,71,VAL,0.0,1.0,C,22.447,25.315,0.881
B,72,ALA,0.0,1.0,C,22.036,27.099,-2.467
B,73,ARG,14.685374859205485,0.9258523137345721,C,21.571,24.524,-5.25
B,74,LEU,0.8494866535306799,0.9957108708169491,C,22.568,25.488,-8.813
B,75,ASN,41.21930411053671,0.7918802850748139,C,20.94,23.199,-11.368
B,76,PHE,0.0,1.0,C,23.266,22.888,-14.402
B,77,SER,36.113386667992756,0.8176604894112123,C,20.64,21.238,-16.675
B,78,HIS,142.36521693779434,0.2811861091856207,C,19.969,24.858,-17.637
B,79,GLY,33.25715115831383,0.832081861456686,C,21.732,28.223,-17.574
B,80,THR,91.83629308679825,0.536310873037652,C,25.137,29.286,-18.88
B,81,HIS,64.13278658964738,0.6761881950602049,C,28.335,29.472,-16.848
B,82,GLU,149.1749457400862,0.24680321875034705,C,28.078,33.293,-16.638
B,83,TYR,64.06350818845041,0.6765379875037871,C,24.46,32.881,-15.546
B,84,HIS,3.3979466141227195,0.9828434832677961,C,25.591,30.492,-12.807
B,85,ALA,23.47181889187726,0.8814888227260398,C,28.593,32.669,-11.815
B,86,GLU,82.55739812249098,0.5831607899992227,C,26.223,35.602,-11.193
B,87,THR,1.6989733070613597,0.9914217416338981,C,23.877,33.394,-9.098
B,88,ILE,0.8494866535306799,0.9957108708169491,C,26.906,32.332,-6.994
B,89,LYS,149.97572514111562,0.24276001656009938,C,27.977,35.99,-6.718
B,90,ASN,16.84456635727652,0.9149503752194927,C,24.511,37.052,-5.559
B,91,VAL,0.8494866535306799,0.9957108708169491,C,24.44,34.205,-3.014
B,92,ARG,82.12140789402578,0.585362141138364,C,27.781,35.298,-1.612
B,93,THR,61.47791460269295,0.689592865833057,C,26.875,39.017,-1.568
B,94,ALA,0.0,1.0,C,23.711,38.163,0.452
B,95,THR,1.2076282160399163,0.9939025841051599,C,25.559,35.71,2.727
B,96,GLU,82.27238027058671,0.5845998689785241,C,28.421,38.059,3.603
B,97,SER,60.902110934772395,0.6925001467250183,C,25.956,40.915,4.299
B,98,PHE,50.167012377302555,0.7467025574567241,C,25.641,39.139,7.682
B,99,ALA,25.52596809798287,0.8711172515310954,C,29.423,38.703,8.198
B,100,SER,123.12761149168419,0.37831838853102084,C,29.931,41.699,10.512
B,101,ASP,63.077399953600434,0.6815169304808932,C,28.663,39.764,13.568
B,102,PRO,35.05389082875491,0.8230099725425939,C,30.156,36.228,13.563
B,103,ILE,45.47266870512009,0.7704046913936656,C,27.836,35.316,16.455
B,104,LEU,95.0536358224514,0.5200662403974424,C,24.747,35.678,14.163
B,105,TYR,6.206781773844282,0.9686614395548442,C,26.394,34.918,10.79
B,106,ARG,63.33764948902382,0.6802029088036596,C,24.826,31.816,9.186
B,107,PRO,0.0,1.0,C,27.079,29.968,6.745
B,108,VAL,5.357295120313602,0.9729505687378952,C,25.487,29.126,3.377
B,109,ALA,0.0,1.0,C,26.89,26.349,1.158
B,110,VAL,0.8494866535306799,0.9957108708169491,C,26.849,26.242,-2.643
B,111,ALA,0.0,1.0,C,25.826,23.004,-4.406
B,112,LEU,0.0,1.0,C,26.453,22.35,-8.108
B,113,ASP,0.0,1.0,C,23.855,19.787,-9.343
B,114,THR,1.9209456775934002,0.9903009845645281,C,25.052,18.351,-12.704
B,115,LYS,53.952606392137035,0.7275887765671422,C,22.923,17.87,-15.844
B,116,GLY,2.142918048125441,0.9891802274951581,C,24.629,14.504,-16.373
B,117,PRO,13.22464737262176,0.9332276490210666,C,24.259,11.957,-19.187
B,118,GLU,60.680138564240366,0.6936209037943882,C,20.879,11.756,-20.978
B,119,ILE,8.853008097816035,0.9553004214577011,C,19.112,10.002,-23.822
B,120,ARG,89.53853221996269,0.5479124598885523,C,17.309,12.384,-26.164
B,121,THR,4.285836096250882,0.9783604549903161,C,15.141,11.677,-29.165
B,122,GLY,11.892813149429518,0.9399521914372866,C,15.363,13.719,-32.353
B,123,LEU,37.60235078934694,0.8101425849934409,C,13.049,16.116,-34.189
B,124,ILE,38.99892695394437,0.8030911550986547,C,9.48,15.242,-35.197
B,130,ALA,117.57787497178228,0.4063394725195938,C,5.471,19.508,-33.968
B,131,GLU,124.20992785995773,0.37285368263933716,C,3.889,16.415,-32.339
B,132,VAL,20.34621066170893,0.8972702801734052,C,2.878,12.879,-33.397
B,133,GLU,124.57761986413388,0.3709971749485669,C,0.065,10.873,-31.813
B,134,LEU,5.899006224757397,0.970215424051165,C,1.063,7.326,-30.782
B,135,LYS,64.38631311679208,0.6749081184142277,C,-1.766,4.769,-30.63
B,136,LYS,75.4853840327362,0.6188679807940918,C,-1.684,2.322,-27.715
B,137,GLY,52.24876989964791,0.7361915895633305,C,-0.889,-1.075,-29.255
B,138,ALA,39.90356740810147,0.7985235497619882,C,0.683,0.334,-32.432
B,139,THR,102.97386736230479,0.48007632873383443,C,4.194,-0.478,-33.606
B,140,LEU,6.304548137223996,0.9681678090068541,C,7.056,2.024,-33.31
B,141,LYS,29.69056385054641,0.8500898591598446,C,10.611,1.432,-34.505
B,142,ILE,5.924101266874272,0.9700887170840267,C,13.584,2.957,-32.683
B,143,THR,25.881143997027113,0.8693239387022529,C,16.474,3.681,-35.087
B,144,LEU,18.76551203486992,0.9052513597840208,C,20.079,4.788,-34.534
B,145,ASP,72.08105370234142,0.6360567294438249,C,20.382,5.677,-38.253
B,146,ASN,86.6836413119395,0.5623270429277747,C,21.02,9.456,-38.375
B,147,ALA,94.82383460302661,0.5212265259798455,C,19.059,9.933,-41.654
B,148,TYR,18.24762676911095,0.9078662058179245,C,15.882,9.765,-39.509
B,149,MET,75.75043392173428,0.6175297217300545,C,17.534,12.104,-36.911
B,150,GLU,137.25100569064494,0.3070081896353446,C,15.272,15.045,-37.867
B,151,LYS,63.79720166239092,0.6778825914334796,C,12.48,12.924,-39.411
B,152,CYS,7.056268427374962,0.9643723103717933,C,10.809,11.291,-36.346
B,153,ASP,74.34269882003132,0.6246374940318606,C,7.14,10.267,-36.652
B,154,GLU,40.32528223954874,0.7963942762966922,C,4.518,7.776,-35.341
B,155,ASN,128.5357627138741,0.35101218055584194,C,6.214,4.943,-37.308
B,156,ILE,31.306599111553,0.8419303619269991,C,9.903,5.725,-36.739
B,157,LEU,14.441273110021559,0.9270848038881336,C,11.776,7.354,-33.826
B,158,TRP,26.692227821960312,0.865228708613631,C,15.512,8.156,-33.692
B,159,LEU,3.3979466141227195,0.9828434832677961,C,17.621,8.188,-30.475
B,160,ASP,63.55678185979701,0.6790964911306709,C,21.116,9.49,-29.628
B,161,TYR,6.795893228245438,0.9656869665355923,C,22.163,6.578,-27.421
B,162,LYS,119.09350493158016,0.3986869300526148,C,24.183,4.608,-29.943
B,163,ASN,78.15764787662093,0.6053754970805687,C,24.566,1.562,-27.64
B,164,ILE,1.6989733070613597,0.9914217416338981,C,20.869,1.065,-26.749
B,165,CYS,28.642578806791317,0.8553812233218226,C,20.608,-2.304,-28.543
B,166,LYS,88.23498489702335,0.5544941793788694,C,23.364,-3.802,-26.332
B,167,VAL,26.36349156668868,0.8668885254690839,C,21.544,-2.846,-23.069
B,168,VAL,13.843164134260523,0.9301047061454782,C,17.898,-3.791,-23.815
B,169,GLU,59.38112770109282,0.7001797183196892,C,16.148,-7.114,-24.524
B,170,VAL,71.19954793648535,0.6405075258037755,C,12.855,-8.19,-26.103
B,171,GLY,46.963970171408555,0.7628749855257753,C,10.39,-7.474,-23.275
B,172,SER,32.97581525299956,0.8335023499796171,C,12.369,-4.446,-21.946
B,173,LYS,51.96068585331373,0.7376461500148311,C,10.539,-1.163,-21.431
B,174,ILE,5.455061483693315,0.972456938189905,C,11.478,2.229,-22.831
B,175,TYR,38.833352454729564,0.8039271545974104,C,9.962,5.415,-21.483
B,176,VAL,4.247433267653399,0.9785543540847452,C,9.795,8.612,-23.504
B,177,ASP,30.00085267375617,0.848523184932213,C,9.161,12.182,-22.28
B,178,ASP,74.1736057370445,0.6254912591544515,C,9.534,11.726,-18.525
B,179,GLY,18.398372951000805,0.9071050757339026,C,7.561,8.464,-18.53
B,180,LEU,88.32861692447094,0.5540214234388855,C,4.564,9.823,-20.474
B,181,ILE,5.096919921184079,0.9742652249016942,C,4.998,7.253,-23.256
B,182,SER,8.494866535306798,0.9571087081694905,C,5.742,3.567,-22.532
B,183,LEU,3.7560881766319563,0.9810351965560069,C,7.219,1.194,-25.186
B,184,GLN,48.409341553101534,0.7555771844975897,C,7.975,-2.565,-24.968
B,185,VAL,0.0,1.0,C,10.738,-4.021,-27.154
B,186,LYS,108.02627719877279,0.4545662887770431,C,9.271,-6.829,-29.299
B,187,GLN,51.64401331383188,0.7392450561599921,C,12.3,-7.44,-31.557
B,188,LYS,53.528968905985764,0.7297277576768908,C,15.968,-6.292,-31.545
B,189,GLY,40.24505852954668,0.796799332520133,C,18.021,-5.739,-34.708
B,190,ALA,88.63036061566294,0.5524978942977106,C,21.445,-4.249,-35.442
B,191,ASP,65.3151187016406,0.6702185013110078,C,20.961,-0.5,-35.13
B,192,PHE,111.34181355440656,0.4378258683345203,C,17.198,-0.737,-34.466
B,193,LEU,0.8494866535306799,0.9957108708169491,C,14.489,-2.112,-32.132
B,194,VAL,29.1162807134702,0.8529894627643628,C,10.766,-2.775,-32.853
B,195,THR,2.142918048125441,0.9891802274951581,C,8.388,-1.802,-30.003
B,196,GLU,65.59293602318286,0.6688157784119118,C,4.759,-1.948,-29.034
B,197,VAL,1.9209456775934002,0.9903009845645281,C,3.221,1.193,-27.494
B,198,GLU,71.82967602457177,0.6373259563695313,C,1.771,0.291,-24.058
B,199,ASN,100.61285995216714,0.4919972526731712,C,0.775,3.813,-23.085
B,200,GLY,21.13336811699239,0.8932958563268621,C,0.341,6.19,-26.023
B,201,GLY,24.026586455389374,0.8786877548851499,C,-0.204,9.95,-26.172
B,202,SER,66.19159791925092,0.6657930844136788,C,1.438,12.977,-27.761
B,203,LEU,15.024352706527823,0.9241407862240277,C,5.029,12.441,-28.877
B,204,GLY,4.063863725718841,0.9794812120596862,C,7.206,15.534,-29.407
B,205,SER,37.95752668839119,0.8083492721645985,C,10.773,16.493,-30.324
B,206,LYS,55.527273161081155,0.7196381523116725,C,13.912,16.189,-28.191
B,207,LYS,61.40714080339288,0.6899502086667693,C,12.261,14.072,-25.464
B,208,GLY,9.702494751346714,0.9510112922746502,C,13.972,12.535,-22.424
B,209,VAL,10.29277487821501,0.9480309185303387,C,14.294,8.755,-22.514
B,210,ASN,18.854029549477467,0.9048044274472543,C,14.646,6.213,-19.677
B,211,LEU,3.6199189846547597,0.9817227261984262,C,15.45,2.484,-19.763
B,212,PRO,21.894085928503237,0.8894549284537087,C,13.863,0.916,-16.683
B,213,GLY,56.06242462006425,0.7169361278236634,C,16.007,-1.836,-15.216
B,214,ALA,9.702494751346714,0.9510112922746502,C,18.815,-1.514,-17.825
B,215,ALA,64.60531982385913,0.6738023352278044,C,22.55,-1.272,-17.207
B,216,VAL,4.063863725718841,0.9794812120596862,C,23.061,1.992,-19.147
B,217,ASP,76.17190999213989,0.6154016537892331,C,26.685,2.31,-20.347
B,218,LEU,26.647793135467936,0.865453063063206,C,26.719,6.095,-20.884
B,219,PRO,92.68577974032894,0.532021743854601,C,29.876,7.618,-19.336
B,220,ALA,13.186244544024278,0.9334215481154956,C,29.791,8.687,-15.662
B,221,VAL,6.206781773844282,0.9686614395548442,C,30.165,12.339,-16.73
B,222,SER,21.103962809754787,0.8934443261831985,C,29.219,14.033,-20.016
B,223,GLU,159.81569598698346,0.1930771805320486,C,31.316,16.414,-22.09
B,224,LYS,78.51091368733178,0.6035918284475225,C,29.253,19.217,-20.539
B,225,ASP,0.0,1.0,C,29.516,17.888,-16.912
B,226,ILE,58.664844576074344,0.7037962917432677,C,33.295,17.715,-17.313
B,227,GLN,103.51649581180342,0.4773365522951759,C,33.336,21.444,-18.174
B,228,ASP,1.0714590240627204,0.994590113747579,C,30.714,22.298,-15.489
B,229,LEU,0.0,1.0,C,32.634,20.387,-12.814
B,230,LYS,46.052782638161375,0.7674756476125063,C,35.822,22.315,-13.606
B,231,PHE,17.233834819797522,0.9129849261854192,C,33.755,25.532,-13.412
B,232,GLY,0.0,1.0,C,32.586,24.443,-9.903
B,233,VAL,37.40681806258752,0.8111298460894214,C,36.252,24.175,-8.83
B,234,GLU,140.1371994278685,0.29243555599264626,C,37.058,27.68,-10.153
B,235,GLN,45.91456512777404,0.7681735193859438,C,33.899,28.976,-8.425
B,236,ASP,72.58436197818773,0.6335154838515238,C,34.83,27.242,-5.114
B,237,VAL,0.0,1.0,C,31.617,25.227,-4.722
B,238,ASP,0.0,1.0,C,31.256,23.157,-1.536
B,239,MET,0.0,1.0,C,29.556,20.084,-2.947
B,240,VAL,0.0,1.0,C,28.606,18.408,-6.203
B,241,PHE,0.0,1.0,C,25.268,16.57,-6.636
B,242,ALA,0.8494866535306799,0.9957108708169491,C,26.345,14.079,-9.317
B,243,SER,8.0893246228402,0.9591563232138014,C,23.518,12.865,-11.539
B,244,PHE,22.85320159927359,0.8846122731908805,C,22.521,9.376,-12.554
B,245,ILE,0.0,1.0,C,25.143,7.503,-10.524
B,246,ARG,0.0,1.0,C,24.745,3.775,-11.196
B,247,LYS,39.434527624920506,0.8008917708678667,C,27.909,2.205,-9.701
B,248,ALA,12.60909627444799,0.9363356180137081,C,31.015,3.097,-7.56
B,249,SER,70.47312375038106,0.6441753022931931,C,33.173,3.577,-10.705
B,250,ASP,4.285836096250882,0.9783604549903161,C,30.843,6.484,-11.685
B,251,VAL,0.0,1.0,C,31.583,8.193,-8.312
B,252,HIS,102.43588846993346,0.4827926291695681,C,35.297,7.59,-8.825
B,253,GLU,65.45245656608493,0.6695250709435291,C,35.209,9.353,-12.241
B,254,VAL,0.8494866535306799,0.9957108708169491,C,33.505,12.396,-10.668
B,255,ARG,75.8295643574929,0.617130185539734,C,36.21,12.449,-7.94
B,256,LYS,111.67909494169595,0.43612290639261075,C,38.864,12.148,-10.683
B,257,VAL,32.61767369049032,0.8353106366914064,C,37.414,14.974,-12.822
B,258,LEU,4.285836096250882,0.9783604549903161,C,37.351,17.332,-9.788
B,259,GLY,24.94585416494159,0.8740462953122546,C,40.863,16.084,-9.155
B,260,GLU,128.84718251043918,0.34943979594912034,C,43.566,17.644,-6.983
B,261,LYS,78.43948643675978,0.6039524706113754,C,42.219,21.192,-6.61
B,262,GLY,0.0,1.0,C,38.683,19.781,-5.951
B,263,LYS,123.46831093178069,0.37659816855452855,C,39.781,17.06,-3.495
B,264,ASN,83.85095518079186,0.5766295121908663,C,37.84,18.715,-0.599
B,265,ILE,3.3979466141227195,0.9828434832677961,C,34.575,19.216,-2.528
B,266,LYS,39.564589560779126,0.8002350772725326,C,31.916,16.733,-1.299
B,267,ILE,0.0,1.0,C,30.37,14.276,-3.838
B,268,ILE,0.0,1.0,C,26.68,13.543,-3.248
B,269,SER,0.0,1.0,C,25.568,10.77,-5.551
B,270,LYS,19.538193031205637,0.901350028789828,C,22.031,11.109,-6.989
B,271,ILE,0.0,1.0,C,20.218,7.771,-7.117
B,272,GLU,6.428754144376323,0.9675406824854742,C,17.885,8.098,-10.058
B,273,ASN,0.0,1.0,C,17.283,4.563,-11.411
B,274,HIS,47.146195111687376,0.7619549165570856,C,17.084,0.837,-10.722
B,275,GLU,21.313971995461962,0.8923839722348679,C,20.818,0.109,-11.16
B,276,GLY,0.0,1.0,C,21.742,2.833,-8.626
B,277,VAL,0.0,1.0,C,19.262,1.427,-6.044
B,278,ARG,54.73669765299059,0.7236298341927982,C,20.604,-2.11,-6.58
B,279,ARG,103.62166376747498,0.4768055504884754,C,24.293,-1.089,-6.532
B,280,PHE,0.0,1.0,C,23.615,1.295,-3.673
B,281,ASP,77.16053150111276,0.6104100210808161,C,26.094,-0.169,-1.167
B,282,GLU,60.654867592934885,0.6937484990427184,C,29.151,0.295,-3.388
B,283,ILE,0.0,1.0,C,27.863,3.757,-4.419
B,284,LEU,11.043326495898839,0.9442413206203375,C,27.399,4.851,-0.797
B,285,GLU,130.56656360337823,0.3407584969647749,C,30.913,3.556,0.108
B,286,ALA,11.08172932449632,0.9440474215259085,C,32.559,5.702,-2.512
B,287,SER,4.285836096250882,0.9783604549903161,C,30.425,8.811,-1.972
B,288,ASP,33.13842408874937,0.8326813243638083,C,30.366,11.552,0.662
B,289,GLY,0.0,1.0,C,26.566,11.427,0.625
B,290,ILE,0.0,1.0,C,23.384,10.607,-1.212
B,291,MET,1.2867963509103797,0.9935028575688696,C,20.43,12.265,-2.853
B,292,VAL,0.0,1.0,C,17.242,10.296,-3.053
B,293,ALA,5.946406574714759,0.9699760957186433,C,16.379,11.942,-6.424
B,294,ARG,0.0,1.0,C,12.705,10.916,-6.237
B,295,GLY,8.361663006794592,0.9577812639289629,C,11.789,12.801,-9.444
B,296,ASP,59.52232344131578,0.6994668092146483,C,13.709,10.69,-11.994
B,297,LEU,0.0,1.0,C,13.693,7.62,-9.736
B,298,GLY,9.643131216564484,0.9513110237282113,C,9.855,7.545,-9.902
B,299,ILE,17.164305091188275,0.9133359876021325,C,10.102,7.707,-13.693
B,300,GLU,7.500213168439043,0.9621307962330532,C,12.473,4.703,-13.754
B,301,ILE,7.5979795318187575,0.9616371656850631,C,10.626,2.688,-11.159
B,302,PRO,64.53868036049118,0.6741388034535104,C,6.907,2.255,-10.273
B,303,ALA,21.595307900776234,0.8909634837119368,C,5.889,5.354,-8.337
B,304,GLU,11.786049264689925,0.9404912512233694,C,4.236,3.237,-5.639
B,305,LYS,28.033059566512435,0.8584587369593183,C,7.691,1.765,-4.873
B,306,VAL,0.0,1.0,C,9.511,5.069,-4.371
B,307,PHE,0.0,1.0,C,8.819,5.255,-0.584
B,308,LEU,0.0,1.0,C,10.701,1.885,-0.224
B,309,ALA,0.0,1.0,C,13.812,3.105,-2.005
B,310,GLN,0.0,1.0,C,13.71,6.326,0.104
B,311,LYS,5.096919921184079,0.9742652249016942,C,13.428,4.523,3.467
B,312,MET,0.0,1.0,C,15.997,1.899,2.429
B,313,MET,0.0,1.0,C,18.46,4.63,1.414
B,314,ILE,0.0,1.0,C,17.859,6.887,4.424
B,315,GLY,1.2076282160399163,0.9939025841051599,C,18.326,3.784,6.666
B,316,ARG,26.816006572511753,0.864603739346574,C,21.567,2.661,5.047
B,317,CYS,0.0,1.0,C,23.084,6.2,5.064
B,318,ASN,9.518925209412156,0.9519381502495912,C,22.036,6.513,8.701
B,319,ARG,89.5455568211361,0.5478769920895388,C,23.702,3.166,9.401
B,320,ALA,38.072735174183634,0.8077675748813113,C,26.943,4.328,7.535
B,321,GLY,13.39921939319644,0.9323462202842182,C,27.054,7.747,9.115
B,322,LYS,54.947259759004794,0.7225666885035793,C,26.817,9.462,5.686
B,323,PRO,2.5484599605920395,0.9871326124508472,C,24.51,12.439,4.839
B,324,VAL,0.0,1.0,C,21.27,11.766,2.936
B,325,ILE,0.0,1.0,C,19.019,14.256,1.128
B,326,CYS,0.0,1.0,C,15.322,13.702,0.396
B,327,ALA,0.0,1.0,C,14.379,15.535,-2.761
B,328,THR,23.96019831943371,0.8790229541377248,C,11.788,16.544,-5.306
B,329,GLN,40.89913812002408,0.7934968299464968,C,8.082,17.579,-5.029
B,330,MET,0.0,1.0,C,8.156,17.864,-1.24
B,331,LEU,0.0,1.0,C,6.025,21.083,-1.259
B,332,GLU,49.269672984472415,0.7512332991239326,C,5.147,21.093,-4.979
B,333,SER,29.126647969227044,0.8529371176227057,C,1.748,22.88,-4.837
B,334,MET,0.0,1.0,C,3.511,25.798,-3.141
B,335,ILE,44.35380933110002,0.7760539059786082,C,4.775,26.709,-6.607
B,336,LYS,122.09194149113117,0.383547573009576,C,1.331,28.276,-7.202
B,337,LYS,141.1256827067646,0.28744462121945136,C,-0.293,28.348,-3.724
B,338,PRO,69.91521459421537,0.6469922322982213,C,0.905,30.021,-0.48
B,339,ARG,65.05816155531818,0.6715158994402242,C,0.197,26.887,1.641
B,340,PRO,2.992404701656121,0.9848910983121071,C,1.048,23.168,1.118
B,341,THR,17.930954229629098,0.9094651119630855,C,-1.328,20.282,0.735
B,342,ARG,30.686310491657615,0.8450622510631616,C,-1.639,17.902,3.659
B,343,ALA,0.0,1.0,C,0.125,15.15,1.704
B,344,GLU,1.0714590240627204,0.994590113747579,C,3.096,17.544,1.291
B,345,GLY,2.5484599605920395,0.9871326124508472,C,3.467,18.511,4.961
B,346,SER,0.0,1.0,C,3.129,14.798,5.772
B,347,ASP,0.0,1.0,C,5.931,14.019,3.293
B,348,VAL,0.0,1.0,C,8.359,16.574,4.821
B,349,ALA,0.0,1.0,C,7.655,15.429,8.431
B,350,ASN,1.0714590240627204,0.994590113747579,C,8.017,11.772,7.416
B,351,ALA,0.0,1.0,C,11.339,12.302,5.585
B,352,VAL,0.0,1.0,C,12.696,13.8,8.88
B,353,LEU,37.34745452780528,0.8114295775429825,C,11.19,10.928,10.857
B,354,ASP,19.469831975063528,0.9016951894814818,C,12.814,8.47,8.36
B,355,GLY,6.304548137223995,0.9681678090068541,C,16.075,10.182,9.309
B,356,ALA,0.0,1.0,C,16.974,12.368,6.265
B,357,ASP,2.142918048125441,0.9891802274951581,C,19.784,14.791,7.057
B,358,CYS,0.0,1.0,C,18.457,17.324,4.579
B,359,ILE,0.0,1.0,C,15.257,18.087,2.7
B,360,MET,3.6199189846547597,0.9817227261984262,C,15.199,19.888,-0.663
B,361,LEU,0.0,1.0,C,13.239,22.503,-2.587
B,362,SER,22.936139645328357,0.8841935120576241,C,13.388,22.621,-6.382
B,363,GLY,20.384538092082728,0.8970767617709154,C,10.764,24.55,-8.397
B,364,GLU,0.0,1.0,C,9.236,25.744,-5.099
B,365,THR,0.0,1.0,C,12.215,28.145,-4.646
B,366,ALA,11.759609620917312,0.940624747196759,C,13.671,28.395,-8.23
B,367,LYS,90.77624432725337,0.541663147909922,C,10.582,29.553,-10.165
B,368,GLY,6.206781773844282,0.9686614395548442,C,7.584,29.489,-7.735
B,369,ASP,104.36099361620022,0.4730726122287767,C,5.331,32.361,-6.587
B,370,TYR,68.37588445943882,0.6547644389314612,C,6.097,31.614,-2.908
B,371,PRO,13.949928019000115,0.9295656463593954,C,9.826,30.718,-2.553
B,372,LEU,29.59882934506159,0.8505530343526889,C,9.975,32.183,0.991
B,373,GLU,56.01816586276048,0.7171595939920468,C,6.831,30.538,2.312
B,374,ALA,0.0,1.0,C,8.1,27.193,1.018
B,375,VAL,0.0,1.0,C,11.348,27.528,2.992
B,376,ARG,104.97223444925325,0.46998640612533327,C,9.664,28.86,6.103
B,377,MET,27.27530741846658,0.862284690949525,C,7.31,25.803,5.911
B,378,GLN,0.0,1.0,C,10.092,23.168,5.629
B,379,HIS,40.11279747883055,0.7974671296303639,C,11.656,24.901,8.623
B,380,LEU,44.26504048908017,0.7765021072885059,C,8.429,24.736,10.692
B,381,ILE,0.0,1.0,C,7.722,21.089,9.749
B,382,ALA,0.0,1.0,C,11.37,19.941,10.166
B,383,ARG,50.465463679393594,0.7451956518635663,C,11.421,21.222,13.752
B,384,GLU,1.0714590240627204,0.994590113747579,C,8.048,19.684,14.647
B,385,ALA,0.0,1.0,C,9.188,16.294,13.244
B,386,GLU,0.8494866535306799,0.9957108708169491,C,12.625,16.378,14.932
B,387,ALA,1.6989733070613597,0.9914217416338981,C,10.89,16.433,18.329
B,388,ALA,1.9209456775934002,0.9903009845645281,C,8.544,13.537,17.272
B,389,ILE,5.946406574714759,0.9699760957186433,C,11.497,11.202,16.598
B,390,TYR,14.441273110021557,0.9270848038881336,C,11.617,8.217,18.893
B,391,HIS,1.6989733070613597,0.9914217416338981,C,15.139,8.855,20.139
B,392,LEU,38.31863391436542,0.8065260115698625,C,14.802,6.222,22.836
B,393,GLN,27.079347435106268,0.8632741092998282,C,14.796,3.301,20.371
B,394,LEU,33.12997948769652,0.8327239618610125,C,16.697,5.17,17.661
B,395,PHE,10.551981404877395,0.9467221630915993,C,19.714,5.727,19.922
B,396,GLU,16.033482532343324,0.9190456053081146,C,19.51,2.225,21.38
B,397,GLU,9.38275601743496,0.9526256798920104,C,19.641,0.694,17.915
B,398,LEU,8.0893246228402,0.9591563232138014,C,22.538,2.915,16.702
B,399,ARG,21.719513907928558,0.8903363571905569,C,24.317,2.174,20.032
B,400,ARG,48.56764012373062,0.7547779217709789,C,23.655,-1.584,19.51
B,401,LEU,58.40698265106771,0.7050982581757559,C,24.763,-1.296,15.878
B,402,ALA,10.232242670965642,0.9483365507089594,C,27.993,0.611,16.771
B,403,PRO,83.47463008000366,0.5785296091086891,C,31.286,-1.348,16.24
B,404,ILE,82.05347409448456,0.585705144575695,C,33.316,-1.976,19.372
B,405,THR,59.19765869012318,0.7011060687053778,C,36.635,-0.48,18.238
B,406,SER,69.93014344250523,0.6469168552942353,C,39.697,1.085,19.797
B,407,ASP,51.15518149693331,0.7417132088999431,C,39.074,4.493,18.124
B,408,PRO,45.114527142610854,0.7722129781054549,C,39.084,7.11,20.984
B,409,THR,16.140246417082917,0.9185065455220318,C,37.343,9.759,18.867
B,410,GLU,33.26559575936668,0.8320392239594817,C,34.249,7.516,18.321
B,411,ALA,0.0,1.0,C,34.184,6.51,22.024
B,412,THR,0.0,1.0,C,34.289,10.237,22.868
B,413,ALA,0.0,1.0,C,31.465,11.053,20.345
B,414,VAL,0.0,1.0,C,29.057,8.423,21.637
B,415,GLY,0.0,1.0,C,29.84,9.317,25.233
B,416,ALA,0.0,1.0,C,28.86,12.938,24.54
B,417,VAL,0.0,1.0,C,25.53,11.97,22.922
B,418,GLU,1.0714590240627204,0.994590113747579,C,24.785,9.598,25.852
B,419,ALA,0.0,1.0,C,25.663,12.451,28.248
B,420,SER,0.0,1.0,C,23.397,14.86,26.289
B,421,PHE,12.967237836957226,0.9345273313019189,C,20.363,12.577,26.638
B,422,LYS,2.5484599605920395,0.9871326124508472,C,21.095,12.003,30.333
B,423,CYS,4.285836096250882,0.9783604549903161,C,20.981,15.73,31.235
B,424,CYS,44.054478383065984,0.7775652529777247,C,18.767,16.916,28.317
B,425,SER,5.357295120313602,0.9729505687378952,C,21.446,19.461,27.405
B,426,GLY,21.208753774307933,0.8929152278361946,C,21.046,22.691,25.428
B,427,ALA,0.0,1.0,C,23.77,21.697,22.959
B,428,ILE,0.0,1.0,C,26.767,19.616,22.109
B,429,ILE,0.0,1.0,C,29.603,22.029,21.313
B,430,VAL,0.0,1.0,C,32.361,20.603,19.104
B,431,LEU,0.0,1.0,C,35.656,22.151,17.973
B,432,THR,0.0,1.0,C,36.426,20.804,14.516
B,433,LYS,69.41066224767823,0.6495397593075214,C,38.804,21.743,11.687
B,434,SER,20.967793617777595,0.8941318558256177,C,37.559,19.295,9.028
B,435,GLY,0.8494866535306799,0.9957108708169491,C,34.027,18.718,10.376
B,436,ARG,137.70574494406674,0.3047121731006248,C,34.682,15.076,11.196
B,437,SER,4.063863725718841,0.9794812120596862,C,34.32,15.251,15.001
B,438,ALA,0.0,1.0,C,30.915,16.933,14.572
B,439,HIS,19.046847940184193,0.9038308712610896,C,29.874,14.369,11.902
B,440,GLN,34.166918691681595,0.8274883690681454,C,30.778,11.574,14.356
B,441,VAL,0.0,1.0,C,28.378,13.086,16.912
B,442,ALA,0.0,1.0,C,25.642,13.658,14.316
B,443,ARG,72.80232567649378,0.6324149669035946,C,25.623,9.953,13.377
B,444,TYR,7.550579181861394,0.9618764940175848,C,24.207,9.082,16.863
B,445,ARG,11.401468058408074,0.9424330339085483,C,21.265,11.474,16.336
B,446,PRO,2.142918048125441,0.9891802274951581,C,21.295,13.564,19.471
B,447,ARG,15.534861512736164,0.9215631845515211,C,18.18,15.598,20.236
B,448,ALA,0.8494866535306799,0.9957108708169491,C,20.331,18.581,21.26
B,449,PRO,1.6989733070613597,0.9914217416338981,C,21.803,20.762,18.495
B,450,ILE,0.0,1.0,C,25.498,20.319,17.615
B,451,ILE,0.0,1.0,C,27.344,23.631,17.469
B,452,ALA,0.0,1.0,C,30.384,23.009,15.266
B,453,VAL,0.0,1.0,C,32.898,25.779,15.959
B,454,THR,0.0,1.0,C,35.487,26.016,13.13
B,455,ARG,56.04812409030511,0.717008332394822,C,37.917,28.526,11.629
B,456,ASN,68.38734498943913,0.654706573756684,C,37.639,26.669,8.273
B,457,PRO,58.839517127613945,0.702914355417167,C,34.982,28.46,6.12
B,458,GLN,31.84068242903388,0.8392337305747972,C,34.517,25.441,3.807
B,459,THR,2.142918048125441,0.9891802274951581,C,33.986,23.086,6.797
B,460,ALA,0.0,1.0,C,31.366,25.483,8.109
B,461,ARG,44.16388120563459,0.7770128689737655,C,29.397,25.546,4.817
B,462,GLN,3.214377072188161,0.9837703412427371,C,29.682,21.751,4.198
B,463,ALA,2.0571148695705963,0.9896134549221088,C,28.693,20.962,7.835
B,464,HIS,11.265298866430879,0.9431205635509675,C,25.063,21.737,6.815
B,465,LEU,0.8494866535306799,0.9957108708169491,C,24.883,18.355,5.097
B,466,TYR,20.686457712463323,0.8955523443485488,C,24.623,16.637,8.589
B,467,ARG,3.3979466141227195,0.9828434832677961,C,21.503,16.468,10.779
B,468,GLY,0.8494866535306799,0.9957108708169491,C,21.915,18.513,13.983
B,469,ILE,3.214377072188161,0.9837703412427371,C,25.067,20.383,13.049
B,470,PHE,31.655944214632186,0.8401664892747978,C,24.92,24.135,13.441
B,471,PRO,0.0,1.0,C,28.206,25.397,11.993
B,472,VAL,0.0,1.0,C,29.703,28.583,13.34
B,473,LEU,2.9066015231012763,0.9853243257390579,C,32.595,30.382,11.708
B,474,CYS,0.0,1.0,C,35.017,31.71,14.332
B,475,LYS,106.19724195585283,0.46380124073847884,C,37.043,34.677,13.035
B,476,ASP,47.32776660069426,0.7610381469185367,C,39.188,35.447,16.122
B,477,PRO,110.03365437345177,0.44443087348179255,C,42.976,35.353,15.682
B,478,VAL,106.65314988174177,0.4614993234786995,C,44.722,32.205,16.924
B,479,GLN,52.927994797724644,0.7327621262279298,C,45.85,32.835,20.517
B,480,GLU,121.22445979488073,0.3879275606688123,C,49.512,31.936,21.16
B,481,ALA,49.38112412545115,0.7506705729889551,C,48.542,29.827,24.183
B,482,TRP,73.86386983414175,0.6270551416411947,C,46.59,26.923,22.639
B,483,ALA,68.40880835044845,0.6545982034512896,C,44.493,26.356,25.798
B,484,GLU,108.77455430337544,0.45078817507387803,C,43.32,29.993,25.653
B,485,ASP,0.0,1.0,C,42.513,29.522,21.959
B,486,VAL,9.344353188837477,0.9528195789864394,C,40.385,26.45,22.709
B,487,ASP,79.23508849309609,0.5999354092676279,C,38.563,28.333,25.502
B,488,LEU,64.16137508279505,0.6760438493665445,C,38.06,31.325,23.203
B,489,ARG,0.0,1.0,C,36.251,29.098,20.668
B,490,VAL,11.043326495898839,0.9442413206203375,C,34.216,27.319,23.342
B,491,ASN,63.64124043669612,0.6786700527099714,C,32.973,30.706,24.593
B,492,PHE,13.702684677162598,0.9308139986770955,C,32.197,31.788,21.008
B,493,ALA,0.0,1.0,C,29.929,28.711,20.907
B,494,MET,2.5484599605920395,0.9871326124508472,C,28.234,29.735,24.19
B,495,ASN,55.52225917920602,0.7196634683256375,C,27.591,33.206,22.823
B,496,VAL,0.0,1.0,C,26.059,31.846,19.621
B,497,GLY,0.0,1.0,C,23.788,29.535,21.636
B,498,LYS,82.28444398637646,0.5845389582682324,C,22.665,32.361,23.95
B,499,ALA,62.845185991017686,0.6826893982053548,C,22.104,34.811,21.069
B,500,ARG,35.70784475552616,0.8197081044555232,C,20.273,32.277,18.891
B,501,GLY,41.5594506303262,0.79016285683921,C,18.16,31.181,21.869
B,502,PHE,25.63821092031032,0.8705505281307551,C,19.34,27.56,22.085
B,503,PHE,13.275013386044112,0.9329733468055981,C,20.187,27.822,25.772
B,504,LYS,132.5287144102161,0.33085143338446243,C,20.604,30.345,28.586
B,505,LYS,159.0417080881038,0.19698511018652332,C,23.203,31.092,31.257
B,506,GLY,53.79844215744007,0.7283671646857468,C,23.003,28.255,33.833
B,507,ASP,44.85063335970931,0.773545399893089,C,21.859,25.537,31.435
B,508,VAL,17.214671104610627,0.913081685386664,C,24.199,22.552,30.957
B,509,VAL,0.0,1.0,C,25.946,21.925,27.679
B,510,ILE,0.0,1.0,C,28.391,19.275,26.526
B,511,VAL,0.0,1.0,C,31.758,20.355,25.063
B,512,LEU,0.8494866535306799,0.9957108708169491,C,34.086,18.218,22.906
B,513,THR,9.344353188837479,0.9528195789864394,C,37.779,18.974,22.478
B,514,GLY,6.428754144376322,0.9675406824854742,C,41.063,17.142,21.719
B,515,TRP,150.47972456734573,0.2402152812916878,C,44.443,16.745,23.407
B,516,ARG,111.50486221312786,0.43700262201573215,C,46.65,18.632,20.876
B,517,PRO,51.552278808347054,0.7397082313528365,C,46.12,20.956,17.857
B,518,GLY,16.384348166266847,0.9172740553684702,C,45.309,19.634,14.362
B,519,SER,40.621195134775675,0.7949001873321585,C,42.675,17.134,13.187
B,520,GLY,45.89268707653443,0.7682839834970044,C,41.958,13.713,14.601
B,521,PHE,66.7098350433871,0.6631764618173915,C,42.69,14.15,18.291
B,522,THR,0.8494866535306799,0.9957108708169491,C,39.196,14.678,19.704
B,523,ASN,1.6989733070613597,0.9914217416338981,C,39.169,12.827,23.061
B,524,THR,11.892813149429518,0.9399521914372866,C,37.724,15.156,25.741
B,525,MET,0.0,1.0,C,34.087,15.476,26.849
B,526,ARG,51.69207968143181,0.739002365048673,C,33.074,18.07,29.448
B,527,VAL,1.0714590240627204,0.994590113747579,C,29.697,18.893,30.994
B,528,VAL,24.368705895365302,0.8769603652104672,C,29.744,22.673,31.562
B,529,PRO,77.57255766081636,0.6083296665297233,C,27.235,25.279,32.669
B,530,VAL,2.142918048125441,0.9891802274951581,C,26.48,28.04,30.168
B,531,PRO,81.49432086762803,0.5885283559977221,C,28.286,31.159,31.554
C,14,GLN,108.86390119844351,0.45033705512577915,C,-1.176,-11.488,42.787
C,15,THR,77.96317072499309,0.6063574284893986,C,-0.656,-15.261,42.355
C,16,GLN,2.4152564320798326,0.9878051682103196,C,2.055,-16.986,40.26
C,17,GLN,0.0,1.0,C,4.234,-13.797,40.148
C,18,LEU,40.597721154468054,0.7950187094226013,C,1.795,-12.265,37.663
C,19,HIS,105.00333621652379,0.4698293707003621,C,2.646,-8.697,38.723
C,20,ALA,0.0,1.0,C,6.353,-9.423,37.968
C,21,ALA,1.9209456775934002,0.9903009845645281,C,5.247,-11.134,34.729
C,22,MET,85.01426180767496,0.5707558797076919,C,3.862,-7.782,33.481
C,23,ALA,0.0,1.0,C,7.197,-5.949,33.881
C,24,ASP,66.67339256860546,0.6633604629213982,C,8.32,-4.353,30.596
C,25,THR,14.799414672530794,0.9252765171763444,C,11.971,-4.874,31.613
C,26,PHE,78.8363826862437,0.6019485082427736,C,13.817,-7.766,33.245
C,27,LEU,6.795893228245439,0.9656869665355923,C,15.236,-5.475,35.969
C,28,GLU,32.21509744148871,0.8373432778527705,C,11.654,-4.458,36.921
C,29,HIS,0.8494866535306799,0.9957108708169491,C,10.669,-8.113,36.637
C,30,MET,3.860389052731139,0.9805085727066086,C,13.295,-8.93,39.316
C,31,CYS,1.9209456775934002,0.9903009845645281,C,12.174,-5.991,41.492
C,32,ARG,60.4404727438833,0.6948309965721864,C,8.565,-7.309,41.482
C,33,LEU,4.46940563818544,0.9774335970153752,C,9.365,-10.899,42.511
C,34,ASP,52.02211027287673,0.7373360129815951,C,7.199,-11.42,45.585
C,35,ILE,2.992404701656121,0.9848910983121071,C,7.471,-14.016,48.394
C,36,ASP,92.95404662020428,0.530667241934486,C,3.748,-13.376,49.178
C,37,SER,1.0714590240627204,0.994590113747579,C,2.734,-14.376,45.634
C,38,PRO,70.95726831104048,0.6417308159021369,C,1.941,-18.074,45.851
C,39,PRO,27.387550240794035,0.8617179675491846,C,2.664,-20.485,42.967
C,40,ILE,46.588562415675185,0.7647704506916697,C,0.053,-22.563,41.171
C,41,THR,69.84388787460827,0.6473523668728219,C,-0.462,-26.163,42.212
C,42,ALA,3.3979466141227195,0.9828434832677961,C,1.149,-27.627,39.079
C,43,ARG,40.44736453006725,0.79577787259827,C,4.902,-28.226,38.989
C,44,ASN,8.31129699337224,0.9580355661444313,C,6.334,-28.248,35.414
C,45,THR,0.0,1.0,C,9.936,-29.331,35.974
C,46,GLY,2.5484599605920395,0.9871326124508472,C,10.438,-33.087,35.93
C,47,ILE,0.0,1.0,C,12.28,-34.597,38.893
C,48,ILE,0.0,1.0,C,14.697,-37.48,38.292
C,49,CYS,0.0,1.0,C,15.765,-39.632,41.259
C,50,THR,5.455061483693315,0.972456938189905,C,18.662,-42.072,41.44
C,51,ILE,5.357295120313602,0.9729505687378952,C,17.714,-45.206,43.366
C,52,GLY,4.605574830162636,0.976746067372956,C,19.984,-47.082,45.798
C,53,PRO,124.35016855601398,0.3721455956321944,C,19.794,-48.547,49.35
C,54,ALA,26.188919546113997,0.8677699542059322,C,17.933,-45.448,50.629
C,55,SER,0.0,1.0,C,15.136,-45.555,48.028
C,56,ARG,47.092788036576344,0.7622245733474401,C,14.719,-49.068,46.603
C,57,SER,58.481375565104706,0.7047226421289563,C,12.121,-50.728,48.858
C,58,VAL,54.72528738847275,0.7236874455729493,C,8.553,-50.758,47.532
C,59,GLU,71.00160246656795,0.6415069690418143,C,7.479,-48.727,50.628
C,60,THR,30.20538292187548,0.84749049459814,C,10.007,-45.926,50.093
C,61,LEU,0.0,1.0,C,9.267,-45.833,46.332
C,62,LYS,67.08714032108323,0.6612714159043576,C,5.51,-45.194,46.81
C,63,GLU,55.479420421781676,0.7198797647958302,C,6.525,-42.205,48.976
C,64,MET,0.0,1.0,C,9.122,-41.098,46.36
C,65,ILE,0.0,1.0,C,6.254,-41.022,43.823
C,66,LYS,120.6192759524638,0.39098318451979686,C,3.777,-39.234,46.133
C,67,SER,5.54086466224816,0.9720237107629542,C,6.571,-36.708,46.859
C,68,GLY,9.344353188837479,0.9528195789864394,C,7.069,-35.983,43.093
C,69,MET,1.0714590240627204,0.994590113747579,C,9.409,-38.572,41.496
C,70,ASN,19.154780497390924,0.9032859107499472,C,8.776,-38.711,37.744
C,71,VAL,0.0,1.0,C,11.852,-40.72,36.661
C,72,ALA,0.0,1.0,C,13.83,-43.543,38.299
C,73,ARG,13.230503301328053,0.9331980819471124,C,17.519,-43.335,37.388
C,74,LEU,0.0,1.0,C,19.601,-46.478,37.737
C,75,ASN,45.12758360167917,0.7721470549512952,C,23.375,-45.949,37.892
C,76,PHE,0.0,1.0,C,25.176,-48.872,36.228
C,77,SER,31.200036288743235,0.8424684065345771,C,28.581,-47.656,37.466
C,78,HIS,143.680777711041,0.27454373277963806,C,27.813,-50.215,40.199
C,79,GLY,34.97825384402708,0.8233918700063925,C,25.408,-53.086,40.81
C,80,THR,101.13621158914334,0.48935480647366647,C,24.687,-56.4,39.096
C,81,HIS,62.925158373607466,0.682285610955045,C,21.909,-57.1,36.585
C,82,GLU,148.76940382761964,0.24885083379465778,C,19.951,-59.019,39.266
C,83,TYR,69.23292350170874,0.6504371771058213,C,20.24,-56.054,41.645
C,84,HIS,5.096919921184079,0.9742652249016942,C,19.085,-53.532,39.06
C,85,ALA,23.605022420389467,0.8808162669665673,C,16.412,-55.983,37.8
C,86,GLU,74.85148603346549,0.622068584825302,C,14.794,-55.977,41.263
C,87,THR,0.8494866535306799,0.9957108708169491,C,15.007,-52.144,41.609
C,88,ILE,0.8494866535306799,0.9957108708169491,C,12.979,-51.849,38.367
C,89,LYS,146.95804946815403,0.25799651349632235,C,10.637,-54.597,39.557
C,90,ASN,22.38543101952468,0.8869740859824469,C,10.054,-52.596,42.79
C,91,VAL,0.8494866535306799,0.9957108708169491,C,9.68,-49.263,40.944
C,92,ARG,78.87565259441357,0.6017502311910423,C,6.928,-50.874,38.848
C,93,THR,66.68887433720234,0.6632822941765237,C,5.273,-52.522,41.872
C,94,ALA,0.0,1.0,C,5.17,-49.103,43.63
C,95,THR,2.0571148695705963,0.9896134549221088,C,4.073,-47.213,40.479
C,96,GLU,88.29262683903141,0.5542031403912562,C,1.311,-49.688,39.576
C,97,SER,55.95035772692539,0.7175019629428121,C,-0.074,-49.625,43.163
C,98,PHE,40.236613928493824,0.7968419700173374,C,-1.8,-46.366,42.06
C,99,ALA,21.991852291882953,0.8889612979057184,C,-3.274,-47.61,38.708
C,100,SER,120.62341028839592,0.3909623099117906,C,-6.75,-48.394,40.204
C,101,ASP,64.24662534104286,0.6756134136804821,C,-7.912,-44.789,39.618
C,102,PRO,34.20440417522422,0.8272991017256448,C,-6.458,-43.68,36.226
C,103,ILE,53.203851765451056,0.7313693013192561,C,-7.474,-40.094,37.068
C,104,LEU,68.63078072098048,0.6534774463819197,C,-4.811,-39.873,39.841
C,105,TYR,8.349699821969722,0.9578416670500023,C,-2.258,-42.444,38.515
C,106,ARG,60.19637099469937,0.696063486725748,C,1.155,-40.951,37.738
C,107,PRO,2.5484599605920395,0.9871326124508472,C,3.441,-42.517,35.13
C,108,VAL,3.214377072188161,0.9837703412427371,C,7.039,-43.141,36.223
C,109,ALA,0.0,1.0,C,9.822,-43.604,33.662
C,110,VAL,1.6989733070613597,0.9914217416338981,C,12.886,-45.819,34.069
C,111,ALA,0.0,1.0,C,16.246,-44.39,32.942
C,112,LEU,0.0,1.0,C,19.367,-46.554,32.522
C,113,ASP,0.0,1.0,C,22.545,-44.526,33.196
C,114,THR,0.0,1.0,C,25.637,-46.285,31.83
C,115,LYS,44.611218866764546,0.7747542236977559,C,29.041,-46.732,33.519
C,116,GLY,2.992404701656121,0.9848910983121071,C,30.658,-45.695,30.249
C,117,PRO,8.977214104968361,0.9546732949363214,C,34.293,-45.852,29.135
C,118,GLU,60.68013856424036,0.6936209037943883,C,36.907,-45.157,31.852
C,119,ILE,9.344353188837477,0.9528195789864394,C,40.632,-44.801,32.547
C,120,ARG,116.61466266419167,0.4112028120444584,C,41.749,-46.681,35.695
C,121,THR,86.62602450267266,0.5626179550180749,C,44.844,-47.552,37.759
C,153,ASP,148.46489553489246,0.2503883216402746,C,53.879,-46.981,44.02
C,154,GLU,124.12495406186342,0.3732827224549554,C,55.086,-43.337,44.127
C,155,ASN,106.99626206499624,0.45976692136014885,C,57.927,-44.301,41.731
C,156,ILE,72.43396765467507,0.6342748373731621,C,56.002,-45.93,38.844
C,157,LEU,116.7905918527927,0.4103145308527023,C,52.259,-45.729,38.044
C,158,TRP,198.05573981952665,0.0,C,50.504,-47.924,35.432
C,159,LEU,39.37209789570838,0.8012069837936269,C,47.288,-46.967,33.57
C,160,ASP,58.51922547339515,0.7045315347754155,C,45.091,-49.006,31.173
C,161,TYR,8.31129699337224,0.9580355661444313,C,44.605,-46.478,28.303
C,162,LYS,164.37963843130072,0.17003345330416797,C,46.967,-47.685,25.521
C,163,ASN,82.76439137925071,0.582115663728465,C,46.864,-44.578,23.252
C,164,ILE,39.65946565891754,0.7997560399155499,C,47.628,-42.118,26.084
C,165,CYS,116.41752144199361,0.4121981945684776,C,51.005,-41.066,24.552
C,166,LYS,96.5108447252631,0.512708670734783,C,49.47,-40.057,21.183
C,167,VAL,31.279807609403186,0.8420656344627723,C,46.538,-38.102,22.681
C,168,VAL,23.954166461538826,0.8790534094928707,C,48.709,-36.069,25.139
C,169,GLU,75.31549926840069,0.6197257431820453,C,51.653,-33.65,24.771
C,170,VAL,113.43543373061186,0.42725500490933976,C,54.332,-32.227,27.102
C,171,GLY,48.599445607755555,0.7546173332212407,C,52.539,-29.446,29.012
C,172,SER,37.30770709755206,0.8116302656436628,C,49.222,-31.357,29.016
C,173,LYS,48.157197326724415,0.756850281791346,C,47.627,-32.116,32.416
C,174,ILE,47.662987103202894,0.759345590556302,C,46.456,-35.469,33.835
C,175,TYR,40.212587027879174,0.7969632838486687,C,44.189,-35.745,36.891
C,176,VAL,11.043326495898839,0.9442413206203375,C,43.947,-38.865,39.098
C,177,ASP,79.13732212971637,0.6004290398156182,C,41.261,-39.914,41.625
C,178,ASP,89.71574317836638,0.5470177069338278,C,38.516,-37.428,40.643
C,179,GLY,27.153614685437127,0.862899127739594,C,40.782,-34.372,40.222
C,180,LEU,99.83081700972372,0.49594585291649684,C,42.314,-34.86,43.695
C,181,ILE,46.32215535865077,0.7661155622106146,C,45.786,-35.399,42.215
C,182,SER,13.949928019000113,0.9295656463593954,C,47.18,-33.466,39.237
C,183,LEU,81.86739127842712,0.5866446922819468,C,50.187,-34.124,36.944
C,184,GLN,144.18750403969443,0.27198522915275414,C,51.78,-32.21,34.048
C,198,GLU,132.42672574630998,0.33136638268105467,C,50.991,-30.135,40.549
C,199,ASN,43.90689892657094,0.778310394000295,C,48.732,-31.361,43.386
C,200,GLY,72.31825651405805,0.6348590726027115,C,49.792,-34.233,45.694
C,201,GLY,112.46265841498371,0.4321666288618421,C,47.86,-36.381,48.19
C,208,GLY,26.575046415981415,0.8658203673359971,C,40.002,-42.843,38.018
C,209,VAL,12.819105460155162,0.9352752640653775,C,42.019,-40.799,35.507
C,210,ASN,22.809960717989576,0.8848306000180829,C,40.873,-37.649,33.721
C,211,LEU,2.5484599605920395,0.9871326124508472,C,42.529,-36.044,30.681
C,212,PRO,22.38543101952468,0.8869740859824469,C,41.478,-32.366,30.748
C,213,GLY,54.20515274237381,0.7263136489163762,C,41.112,-30.926,27.231
C,214,ALA,15.648901326061473,0.9209873879932935,C,42.313,-34.037,25.359
C,215,ALA,65.42656984261936,0.6696557751760304,C,40.595,-35.936,22.541
C,216,VAL,2.0571148695705963,0.9896134549221088,C,40.208,-39.317,24.245
C,217,ASP,81.62993713929819,0.5878436180961913,C,39.791,-42.114,21.685
C,218,LEU,26.86976550599998,0.8643323059938359,C,38.324,-44.75,24.051
C,219,PRO,79.94347993736872,0.5963586816003655,C,35.345,-46.516,22.483
C,220,ALA,12.742299802960197,0.9356630622542356,C,31.885,-44.876,22.487
C,221,VAL,17.560849482294994,0.9113338017959143,C,30.692,-47.823,24.632
C,222,SER,29.95697090757082,0.8487447476408997,C,32.711,-50.398,26.632
C,223,GLU,104.5873893491885,0.4719295212322998,C,32.037,-54.169,26.651
C,224,LYS,76.32059528924898,0.6146509292848861,C,30.042,-53.778,29.892
C,225,ASP,0.0,1.0,C,27.981,-50.939,28.359
C,226,ILE,66.57663151487488,0.6638490175768641,C,26.889,-53.281,25.516
C,227,GLN,97.83201009980375,0.5060379962279774,C,25.373,-55.993,27.77
C,228,ASP,2.142918048125441,0.9891802274951581,C,23.947,-53.244,30.042
C,229,LEU,0.0,1.0,C,22.088,-51.589,27.126
C,230,LYS,140.02895271139639,0.29298210272020253,C,21.031,-55.096,25.983
C,231,PHE,13.591786456490878,0.9313739330711847,C,19.685,-55.615,29.521
C,232,GLY,0.0,1.0,C,17.933,-52.23,29.279
C,233,VAL,40.940933868687424,0.7932857997147983,C,16.164,-53.285,26.072
C,234,GLU,119.58394524391737,0.3962106558846249,C,15.162,-56.57,27.803
C,235,GLN,44.377031983995344,0.7759366528612965,C,13.947,-54.598,30.824
C,236,ASP,70.88538867112636,0.6420937422176256,C,11.952,-52.08,28.696
C,237,VAL,1.2076282160399163,0.9939025841051599,C,13.67,-48.938,30.026
C,238,ASP,0.0,1.0,C,12.346,-45.637,28.674
C,239,MET,0.0,1.0,C,15.632,-43.811,28.218
C,240,VAL,0.0,1.0,C,19.391,-44.193,28.338
C,241,PHE,0.0,1.0,C,21.697,-41.585,29.877
C,242,ALA,1.6989733070613597,0.9914217416338981,C,24.836,-42.327,27.812
C,243,SER,4.247433267653399,0.9785543540847452,C,28.106,-41.547,29.659
C,244,PHE,19.09711342264163,0.9035770766348736,C,31.128,-39.636,28.322
C,245,ILE,0.8494866535306799,0.9957108708169491,C,29.702,-38.461,24.975
C,246,ARG,0.0,1.0,C,32.377,-36.562,23.012
C,247,LYS,41.98298758551255,0.7880243833187137,C,31.094,-36.532,19.417
C,248,ALA,17.214671104610627,0.913081685386664,C,28.018,-37.351,17.296
C,249,SER,66.38713064601035,0.6648058233176986,C,29.467,-40.76,16.313
C,250,ASP,2.142918048125441,0.9891802274951581,C,29.411,-41.812,20.005
C,251,VAL,0.0,1.0,C,25.643,-41.141,20.016
C,252,HIS,93.1044158109757,0.5299080153101607,C,25.258,-43.161,16.801
C,253,GLU,46.01427927859898,0.7676700542961878,C,27.101,-46.085,18.422
C,254,VAL,0.0,1.0,C,24.66,-46.113,21.397
C,255,ARG,71.06865662016618,0.641168407010442,C,21.767,-45.851,18.884
C,256,LYS,154.9171110932058,0.2178105454839625,C,23.197,-48.774,16.865
C,257,VAL,54.562125632415906,0.7245112629296466,C,23.714,-51.032,19.938
C,258,LEU,6.206781773844282,0.9686614395548442,C,20.144,-50.372,21.148
C,259,GLY,26.86679984253499,0.8643472798767827,C,19.204,-51.309,17.597
C,260,GLU,151.90149630502495,0.23303663684051068,C,15.764,-51.77,16.074
C,261,LYS,86.97275580066406,0.5608672796864367,C,14.08,-53.349,19.132
C,262,GLY,0.0,1.0,C,15.282,-50.365,21.215
C,263,LYS,78.46034661197962,0.6038471458414957,C,14.455,-47.803,18.472
C,264,ASN,85.03034676206133,0.5706746654273029,C,11.907,-45.916,20.599
C,265,ILE,3.3979466141227195,0.9828434832677961,C,14.215,-45.814,23.637
C,266,LYS,66.25681738273943,0.6654637858861636,C,15.319,-42.189,24.086
C,267,ILE,0.0,1.0,C,19.063,-41.42,24.105
C,268,ILE,0.0,1.0,C,20.097,-38.63,26.495
C,269,SER,0.0,1.0,C,23.768,-37.685,26.092
C,270,LYS,17.839219724144275,0.9099282871559299,C,25.665,-37.031,29.335
C,271,ILE,0.0,1.0,C,28.091,-34.179,28.684
C,272,GLU,7.636382360416238,0.9614432665906341,C,31.049,-34.74,30.998
C,273,ASN,0.0,1.0,C,34.189,-33.208,29.4
C,274,HIS,38.537288763055265,0.8054220049458227,C,35.797,-30.421,27.339
C,275,GLU,17.02813589921108,0.9140235172445518,C,35.335,-32.286,24.005
C,276,GLY,0.0,1.0,C,31.639,-32.999,24.617
C,277,VAL,6.1683789452468,0.9688553386492733,C,31.29,-29.273,25.237
C,278,ARG,107.14142877833334,0.4590339624796369,C,33.308,-28.067,22.218
C,279,ARG,106.05294232208814,0.46452982166168855,C,31.459,-30.563,19.983
C,280,PHE,0.0,1.0,C,28.059,-29.984,21.682
C,281,ASP,72.33298430041809,0.6347847107772301,C,26.104,-29.062,18.56
C,282,GLU,63.869244665123055,0.6775188402854555,C,26.741,-32.256,16.6
C,283,ILE,0.0,1.0,C,25.971,-34.175,19.831
C,284,LEU,8.494866535306798,0.9571087081694905,C,22.647,-32.382,20.424
C,285,GLU,131.14371187295453,0.33784442706656237,C,21.578,-32.918,16.812
C,286,ALA,12.59713308962312,0.9363960211347475,C,22.164,-36.681,17.18
C,287,SER,2.142918048125441,0.9891802274951581,C,20.671,-37.143,20.668
C,288,ASP,33.36039645928141,0.8315605672944382,C,17.097,-36.965,21.96
C,289,GLY,0.0,1.0,C,18.234,-34.937,25.0
C,290,ILE,0.0,1.0,C,21.211,-33.806,27.094
C,291,MET,1.2867963509103797,0.9935028575688696,C,22.4,-34.222,30.673
C,292,VAL,0.0,1.0,C,24.529,-31.458,32.092
C,293,ALA,4.247433267653399,0.9785543540847452,C,26.656,-33.991,34.065
C,294,ARG,0.0,1.0,C,28.149,-31.349,36.36
C,295,GLY,14.754979986038421,0.9255008716259194,C,29.992,-33.892,38.512
C,296,ASP,65.28516047409597,0.6703697629082326,C,32.524,-35.321,36.06
C,297,LEU,0.0,1.0,C,32.385,-32.089,34.003
C,298,GLY,8.571672192501763,0.9567209099806323,C,33.689,-30.202,37.086
C,299,ILE,21.27556916686448,0.8925778713292969,C,36.727,-32.509,37.25
C,300,GLU,3.214377072188161,0.9837703412427371,C,37.549,-32.061,33.553
C,301,ILE,6.304548137223996,0.9681678090068541,C,37.175,-28.265,33.414
C,302,PRO,62.46240177573369,0.6846221077326464,C,37.769,-25.634,36.114
C,303,ALA,21.903083449863114,0.889409499215616,C,34.805,-25.755,38.53
C,304,GLU,16.921372014471483,0.9145625770306346,C,34.389,-21.971,38.255
C,305,LYS,30.448315998592268,0.8462639051696379,C,33.488,-22.473,34.542
C,306,VAL,4.247433267653399,0.9785543540847452,C,30.731,-25.128,35.094
C,307,PHE,3.3979466141227195,0.9828434832677961,C,27.829,-22.593,35.181
C,308,LEU,0.0,1.0,C,28.908,-21.296,31.725
C,309,ALA,0.0,1.0,C,28.66,-24.8,30.298
C,310,GLN,1.0714590240627204,0.994590113747579,C,25.321,-25.377,32.109
C,311,LYS,8.133583380143973,0.9589328570454181,C,23.643,-22.244,30.797
C,312,MET,5.096919921184079,0.9742652249016942,C,25.175,-22.637,27.339
C,313,MET,0.0,1.0,C,23.723,-26.135,27.082
C,314,ILE,0.0,1.0,C,20.305,-25.266,28.539
C,315,GLY,0.0,1.0,C,20.003,-22.297,26.165
C,316,ARG,40.89913812002408,0.7934968299464968,C,20.998,-24.351,23.116
C,317,CYS,0.0,1.0,C,18.648,-27.155,24.213
C,318,ASN,8.31129699337224,0.9580355661444313,C,15.717,-24.723,24.552
C,319,ARG,76.62868499760123,0.6130953585721515,C,16.714,-23.258,21.151
C,320,ALA,32.71544005387004,0.8348170061434161,C,16.481,-26.778,19.615
C,321,GLY,14.964989171745593,0.9244405176775888,C,13.394,-27.831,21.596
C,322,LYS,59.08065321333288,0.7016968391465521,C,15.174,-30.92,23.003
C,323,PRO,2.5484599605920395,0.9871326124508472,C,15.041,-32.003,26.764
C,324,VAL,0.0,1.0,C,17.964,-30.873,28.99
C,325,ILE,0.0,1.0,C,18.716,-32.251,32.487
C,326,CYS,0.0,1.0,C,20.678,-30.406,35.173
C,327,ALA,0.0,1.0,C,22.449,-32.947,37.388
C,328,THR,27.580117304088475,0.860745680336151,C,24.728,-33.567,40.375
C,329,GLN,42.55071107712807,0.7851578999129167,C,25.085,-32.002,43.874
C,330,MET,0.0,1.0,C,21.861,-29.95,43.646
C,331,LEU,0.0,1.0,C,20.897,-30.683,47.285
C,332,GLU,54.22142619231941,0.7262314829061387,C,24.126,-32.46,48.332
C,333,SER,36.39472257330703,0.8162400008882812,C,23.962,-31.498,52.05
C,334,MET,0.0,1.0,C,20.608,-33.324,52.38
C,335,ILE,33.57688989222559,0.8304674738393258,C,22.371,-36.708,52.23
C,336,LYS,93.65334001215213,0.5271364510945686,C,23.252,-36.075,55.904
C,337,LYS,54.86728737641501,0.7229704757538891,C,20.88,-33.137,56.798
C,338,PRO,67.10341377102881,0.6611892498941201,C,17.025,-32.845,56.727
C,339,ARG,105.0040399332782,0.46982581757559516,C,17.04,-29.563,54.827
C,340,PRO,2.992404701656121,0.9848910983121071,C,19.382,-27.942,52.299
C,341,THR,8.36166300679459,0.9577812639289629,C,21.735,-24.97,52.373
C,342,ARG,32.02400064355615,0.8383081415729874,C,20.83,-21.613,50.823
C,343,ALA,0.0,1.0,C,23.352,-22.221,47.974
C,344,GLU,1.0714590240627204,0.994590113747579,C,21.508,-25.483,47.15
C,345,GLY,2.5484599605920395,0.9871326124508472,C,18.034,-23.917,47.15
C,346,SER,4.713507387369367,0.9762011068618136,C,19.445,-21.173,44.918
C,347,ASP,0.0,1.0,C,20.987,-23.725,42.54
C,348,VAL,0.0,1.0,C,17.681,-25.563,42.017
C,349,ALA,0.0,1.0,C,15.676,-22.349,41.445
C,350,ASN,4.285836096250882,0.9783604549903161,C,18.279,-21.033,38.973
C,351,ALA,0.0,1.0,C,18.376,-24.296,36.971
C,352,VAL,0.0,1.0,C,14.641,-23.871,36.403
C,353,LEU,43.074854395452995,0.782511456448049,C,15.135,-20.16,35.589
C,354,ASP,14.334509225281964,0.9276238636742166,C,17.918,-21.198,33.17
C,355,GLY,6.662689699733232,0.9663595222950648,C,15.293,-23.378,31.493
C,356,ALA,0.0,1.0,C,16.041,-26.979,32.558
C,357,ASP,1.0714590240627204,0.994590113747579,C,13.272,-29.426,31.616
C,358,CYS,0.0,1.0,C,14.367,-31.717,34.412
C,359,ILE,0.0,1.0,C,16.392,-31.478,37.606
C,360,MET,1.6989733070613597,0.9914217416338981,C,18.161,-34.467,39.231
C,361,LEU,0.8494866535306799,0.9957108708169491,C,18.984,-36.129,42.56
C,362,SER,21.595307900776234,0.8909634837119368,C,21.796,-38.671,42.872
C,363,GLY,19.893193001061285,0.8995576042421771,C,23.221,-39.573,46.327
C,364,GLU,0.0,1.0,C,20.49,-37.403,47.895
C,365,THR,0.0,1.0,C,18.025,-40.198,47.0
C,366,ALA,17.572812667119862,0.9112733986748748,C,20.375,-43.165,46.32
C,367,LYS,110.13976480691942,0.4438951130258506,C,22.193,-43.325,49.705
C,368,GLY,6.428754144376322,0.9675406824854742,C,21.014,-40.266,51.7
C,369,ASP,115.9250705103581,0.4146846205215162,C,19.361,-40.189,55.151
C,370,TYR,66.54370762386526,0.6640152530570356,C,16.654,-37.915,53.738
C,371,PRO,15.15755623504003,0.9234682304645552,C,15.602,-39.203,50.279
C,372,LEU,28.391201129021674,0.8566504502475291,C,11.953,-38.057,50.525
C,373,GLU,61.559030525008644,0.6891833047550009,C,12.751,-34.579,51.888
C,374,ALA,0.0,1.0,C,15.161,-34.089,48.953
C,375,VAL,0.0,1.0,C,12.347,-34.802,46.42
C,376,ARG,91.7225674327383,0.5368850833794658,C,9.757,-32.627,48.232
C,377,MET,26.06767920242666,0.8683821068443652,C,12.247,-29.763,48.423
C,378,GLN,0.0,1.0,C,13.038,-29.862,44.648
C,379,HIS,30.67985137716184,0.8450948636726303,C,9.257,-29.912,44.057
C,380,LEU,53.25125211540842,0.7311299729867344,C,8.671,-26.82,46.249
C,381,ILE,0.8494866535306799,0.9957108708169491,C,11.536,-24.798,44.701
C,382,ALA,0.0,1.0,C,10.898,-25.703,41.023
C,383,ARG,55.667174565130814,0.7189317784182567,C,7.255,-24.685,41.445
C,384,GLU,6.206781773844282,0.9686614395548442,C,8.362,-21.322,42.949
C,385,ALA,0.0,1.0,C,10.998,-20.807,40.198
C,386,GLU,1.9209456775934002,0.9903009845645281,C,8.596,-21.694,37.346
C,387,ALA,1.2076282160399163,0.9939025841051599,C,6.35,-18.789,38.412
C,388,ALA,1.0714590240627204,0.994590113747579,C,9.428,-16.474,38.519
C,389,ILE,8.853008097816035,0.9553004214577011,C,10.452,-17.078,34.867
C,390,TYR,15.290759763552238,0.9227956747050827,C,10.281,-13.938,32.717
C,391,HIS,4.849676579346563,0.9755135772193944,C,7.879,-15.505,30.168
C,392,LEU,34.9206873002427,0.8236825283020663,C,7.122,-12.21,28.466
C,393,GLN,22.476914197597218,0.8865121797627338,C,10.635,-11.969,26.967
C,394,LEU,36.77202785100316,0.8143349549752471,C,11.275,-15.737,26.892
C,395,PHE,6.795893228245439,0.9656869665355923,C,8.226,-16.299,24.65
C,396,GLU,18.31256977244596,0.9075383031608535,C,9.063,-13.223,22.526
C,397,GLU,9.604728387967,0.9515049228226404,C,12.571,-14.634,21.916
C,398,LEU,3.7560881766319563,0.9810351965560069,C,11.433,-18.215,21.259
C,399,ARG,22.37939916162979,0.8870045413375929,C,8.827,-16.967,18.789
C,400,ARG,73.29269059060731,0.629939073427544,C,11.442,-14.71,17.096
C,401,LEU,49.20483051210231,0.7515606941917513,C,13.964,-17.608,17.016
C,402,ALA,19.520197988485876,0.9014408872660132,C,11.651,-20.122,15.253
C,403,PRO,87.81379785314188,0.55662078800059,C,11.092,-20.53,11.521
C,404,ILE,79.2356414134031,0.5999326175267397,C,8.208,-19.905,9.154
C,405,THR,43.68196089257391,0.7794461249526118,C,7.556,-23.525,8.202
C,406,SER,75.1572006977716,0.6205250059086562,C,4.45,-24.868,6.466
C,407,ASP,49.059663798765236,0.7522936530722633,C,3.94,-27.408,9.268
C,408,PRO,48.154332194224345,0.7568647480850402,C,0.332,-27.123,10.566
C,409,THR,13.591786456490876,0.9313739330711847,C,1.108,-28.808,13.894
C,410,GLU,43.63400762230952,0.7796882450260219,C,3.764,-26.16,14.704
C,411,ALA,0.0,1.0,C,1.401,-23.269,13.889
C,412,THR,0.0,1.0,C,-1.278,-24.967,16.064
C,413,ALA,0.8494866535306799,0.9957108708169491,C,1.185,-25.491,18.941
C,414,VAL,0.0,1.0,C,2.361,-21.887,19.003
C,415,GLY,0.0,1.0,C,-1.149,-20.449,18.626
C,416,ALA,0.0,1.0,C,-2.211,-22.598,21.581
C,417,VAL,0.0,1.0,C,0.593,-21.198,23.796
C,418,GLU,6.428754144376322,0.9675406824854742,C,-0.208,-17.651,22.613
C,419,ALA,0.0,1.0,C,-3.897,-18.212,23.542
C,420,SER,0.0,1.0,C,-2.843,-19.64,26.956
C,421,PHE,26.51458960695573,0.8661256188226785,C,-0.917,-16.462,27.815
C,422,LYS,8.738968284490726,0.9558762180159288,C,-3.782,-14.261,26.613
C,423,CYS,4.285836096250882,0.9783604549903161,C,-6.447,-15.777,28.908
C,424,CYS,44.87662061413982,0.7734141880713352,C,-4.0,-17.1,31.527
C,425,SER,4.285836096250882,0.9783604549903161,C,-5.447,-20.6,31.048
C,426,GLY,17.950117944815997,0.9093683527618407,C,-5.402,-23.249,33.783
C,427,ALA,0.0,1.0,C,-3.945,-25.797,31.393
C,428,ILE,0.0,1.0,C,-3.148,-26.717,27.809
C,429,ILE,0.0,1.0,C,-4.779,-30.107,27.211
C,430,VAL,0.0,1.0,C,-3.3,-32.11,24.347
C,431,LEU,0.0,1.0,C,-4.225,-35.524,22.888
C,432,THR,2.279087240102637,0.9884926978527389,C,-1.174,-37.322,21.589
C,433,LYS,69.29662243435293,0.650115555865749,C,-0.115,-40.86,20.638
C,434,SER,67.9793400683321,0.6567666247376795,C,3.638,-40.391,20.205
C,435,GLY,0.8494866535306799,0.9957108708169491,C,3.858,-37.393,22.569
C,436,ARG,66.08528642385345,0.6663298600481258,C,5.143,-35.192,19.706
C,437,SER,2.142918048125441,0.9891802274951581,C,2.145,-32.762,19.746
C,438,ALA,0.8494866535306799,0.9957108708169491,C,2.764,-32.067,23.44
C,439,HIS,33.98606348579974,0.8284015221332707,C,6.553,-31.739,22.875
C,440,GLN,32.47405264073881,0.8360357913871621,C,5.851,-29.004,20.275
C,441,VAL,0.0,1.0,C,3.78,-27.04,22.845
C,442,ALA,0.0,1.0,C,6.313,-27.476,25.694
C,443,ARG,78.09280540425083,0.6057028921483874,C,8.989,-26.064,23.349
C,444,TYR,5.984809403312242,0.9697821966242143,C,7.285,-22.636,23.481
C,445,ARG,12.22568374063328,0.9382714999738274,C,7.447,-22.717,27.311
C,446,PRO,4.063863725718841,0.9794812120596862,C,3.904,-21.866,28.385
C,447,ARG,18.688706377674954,0.9056391579728789,C,3.165,-20.876,32.001
C,448,ALA,4.247433267653399,0.9785543540847452,C,0.144,-23.181,31.984
C,449,PRO,2.0571148695705963,0.9896134549221088,C,0.607,-26.934,32.596
C,450,ILE,0.0,1.0,C,0.368,-29.248,29.617
C,451,ILE,0.0,1.0,C,-2.005,-32.158,30.277
C,452,ALA,2.5484599605920395,0.9871326124508472,C,-0.94,-34.797,27.704
C,453,VAL,0.0,1.0,C,-3.526,-37.547,27.2
C,454,THR,1.6989733070613597,0.9914217416338981,C,-2.145,-40.739,25.641
C,455,ARG,56.897610743835784,0.7127192032117711,C,-3.125,-44.412,25.468
C,456,ASN,68.65357611727494,0.6533623505189308,C,0.564,-45.257,24.878
C,457,PRO,65.36900329883497,0.6699464334717042,C,2.313,-46.049,28.2
C,458,GLN,40.08219836638459,0.797621627109073,C,5.811,-45.44,26.759
C,459,THR,6.834296056842922,0.9654930674411633,C,4.691,-42.034,25.486
C,460,ALA,0.8494866535306799,0.9957108708169491,C,3.363,-41.131,28.979
C,461,ARG,49.013557784981145,0.7525264461931599,C,6.599,-42.206,30.696
C,462,GLN,14.248706046727118,0.9280570911011673,C,8.961,-40.457,28.217
C,463,ALA,1.6989733070613597,0.9914217416338981,C,6.834,-37.268,28.394
C,464,HIS,13.81375882702292,0.9302531760018147,C,8.352,-36.416,31.814
C,465,LEU,0.8494866535306799,0.9957108708169491,C,11.509,-35.308,29.921
C,466,TYR,28.148268052304882,0.8578770396760311,C,9.738,-32.094,28.847
C,467,ARG,4.247433267653399,0.9785543540847452,C,9.011,-29.028,30.912
C,468,GLY,0.8494866535306799,0.9957108708169491,C,5.314,-28.619,31.634
C,469,ILE,6.428754144376322,0.9675406824854742,C,4.021,-31.952,30.388
C,470,PHE,29.59882934506159,0.8505530343526889,C,1.858,-33.71,32.967
C,471,PRO,7.683782710373601,0.9612039382581123,C,1.4,-37.047,31.149
C,472,VAL,6.795893228245439,0.9656869665355923,C,-1.84,-38.921,31.753
C,473,LEU,9.21114966032527,0.9534921347459119,C,-2.637,-42.428,30.525
C,474,CYS,4.285836096250882,0.9783604549903161,C,-6.224,-42.982,29.407
C,475,LYS,108.52372954591281,0.4520546102586961,C,-7.467,-46.528,30.187
C,476,ASP,56.88509463870389,0.7127823980736988,C,-10.875,-46.359,28.441
C,477,PRO,110.03365437345177,0.44443087348179255,C,-11.517,-48.527,25.351
C,478,VAL,112.73869131189872,0.43077291567197684,C,-11.574,-46.845,21.917
C,479,GLN,58.96020455099425,0.7023049945196222,C,-15.12,-45.541,21.308
C,480,GLU,123.7417174572373,0.3752177161338831,C,-16.871,-46.65,18.102
C,481,ALA,55.08342895098199,0.72187915886116,C,-17.291,-43.115,16.765
C,482,TRP,76.18739176073677,0.6153234850443585,C,-14.139,-41.002,16.615
C,483,ALA,67.06501094243133,0.6613831489885491,C,-15.796,-37.721,17.714
C,484,GLU,89.97430882012745,0.5457121873765725,C,-16.889,-39.275,21.034
C,485,ASP,0.0,1.0,C,-13.526,-40.988,21.53
C,486,VAL,11.043326495898839,0.9442413206203375,C,-11.809,-37.6,21.452
C,487,ASP,78.5601738601401,0.6033431097138306,C,-14.395,-36.003,23.785
C,488,LEU,38.20162843757511,0.807116782011037,C,-13.868,-38.89,26.261
C,489,ARG,1.6989733070613597,0.9914217416338981,C,-10.13,-38.143,26.486
C,490,VAL,11.268264529895868,0.9431055896680207,C,-10.791,-34.407,26.727
C,491,ASN,75.77673533543013,0.617396923691887,C,-13.184,-35.078,29.65
C,492,PHE,14.194029768184041,0.9283331562058338,C,-10.563,-37.356,31.183
C,493,ALA,0.0,1.0,C,-8.161,-34.399,31.054
C,494,MET,5.946406574714759,0.9699760957186433,C,-10.797,-32.16,32.672
C,495,ASN,68.48338976004467,0.6542216356746416,C,-11.324,-34.694,35.488
C,496,VAL,2.9066015231012763,0.9853243257390579,C,-7.558,-35.05,35.989
C,497,GLY,0.0,1.0,C,-7.092,-31.282,36.319
C,498,LYS,78.03701071872308,0.6059846041834871,C,-9.995,-30.854,38.756
C,499,ALA,61.97356995883512,0.6870902604725972,C,-8.89,-33.809,40.915
C,500,ARG,78.54691633914193,0.6034100480464952,C,-5.252,-32.591,40.934
C,501,GLY,41.20130906781696,0.7919711435509992,C,-6.373,-28.998,41.681
C,502,PHE,29.40329661830216,0.8515402954486693,C,-4.817,-27.54,38.516
C,503,PHE,13.902527669042751,0.9298049746919171,C,-8.066,-25.714,37.712
C,504,LYS,107.89360145782639,0.4552361796929403,C,-11.823,-25.654,38.568
C,505,LYS,168.01892219307217,0.15165840512284456,C,-15.253,-25.522,36.912
C,506,GLY,59.42510999824309,0.6999576480217502,C,-15.711,-22.285,34.921
C,507,ASP,49.17487228455768,0.7517119557889761,C,-11.971,-21.868,34.281
C,508,VAL,19.538193031205637,0.901350028789828,C,-10.759,-21.452,30.704
C,509,VAL,0.0,1.0,C,-8.462,-24.107,29.283
C,510,ILE,0.0,1.0,C,-6.903,-24.675,25.867
C,511,VAL,0.0,1.0,C,-7.633,-28.001,24.134
C,512,LEU,0.0,1.0,C,-5.547,-29.37,21.228
C,513,THR,8.494866535306798,0.9571087081694905,C,-6.884,-32.091,18.918
C,514,GLY,4.285836096250882,0.9783604549903161,C,-6.501,-33.241,15.297
C,515,TRP,162.84786068526338,0.17776752729481893,C,-8.988,-33.619,12.44
C,516,ARG,98.02711556996229,0.5050528923863198,C,-8.599,-37.46,12.231
C,517,PRO,47.17164201218145,0.7618264330275637,C,-7.048,-40.406,14.129
C,518,GLY,13.816724490487907,0.9302382021188679,C,-3.368,-41.39,13.855
C,519,SER,59.620642725002504,0.6989703869257698,C,-0.312,-39.26,14.588
C,520,GLY,56.48307131000931,0.7148122474941747,C,0.641,-36.054,12.77
C,521,PHE,71.0490028165253,0.6412676407092925,C,-2.772,-34.421,12.286
C,522,THR,2.5484599605920395,0.9871326124508472,C,-2.94,-32.022,15.285
C,523,ASN,6.795893228245439,0.9656869665355923,C,-4.536,-28.893,13.853
C,524,THR,10.193839842368158,0.9485304498033885,C,-7.334,-27.787,16.215
C,525,MET,0.0,1.0,C,-7.074,-25.429,19.19
C,526,ARG,36.141196046162335,0.8175200775342583,C,-10.177,-24.602,21.206
C,527,VAL,2.142918048125441,0.9891802274951581,C,-10.646,-22.32,24.196
C,528,VAL,14.441273110021559,0.9270848038881336,C,-13.165,-24.027,26.485
C,529,PRO,97.57385914827297,0.5073414219795664,C,-14.59,-23.725,30.015
C,530,VAL,2.142918048125441,0.9891802274951581,C,-13.916,-26.542,32.477
C,531,PRO,88.90873085751223,0.5510923796577263,C,-17.168,-28.579,32.746
D,14,GLN,165.14178880906158,0.16618529228416756,C,37.658,-13.977,21.933
D,15,THR,70.36815685663933,0.6447052889213887,C,37.925,-13.119,25.631
D,16,GLN,22.391286948230974,0.8869445189084928,C,35.599,-12.134,28.532
D,17,GLN,0.8494866535306799,0.9957108708169491,C,32.558,-13.597,26.744
D,18,LEU,20.970759281242582,0.894116881942671,C,32.516,-10.789,24.152
D,19,HIS,100.39461979370756,0.49309916549154464,C,30.885,-13.109,21.55
D,20,ALA,0.0,1.0,C,27.948,-13.735,23.959
D,21,ALA,10.4158122129002,0.9474096927340184,C,28.122,-9.978,24.767
D,22,MET,79.74060845017053,0.5973829967117733,C,27.02,-9.258,21.153
D,23,ALA,0.0,1.0,C,23.874,-11.442,21.224
D,24,ASP,68.05262714175507,0.6563965921726564,C,20.673,-9.592,20.199
D,25,THR,22.530597732861757,0.886241127101935,C,18.676,-11.836,22.595
D,26,PHE,80.40215246479285,0.5940428056361442,C,19.183,-13.222,26.09
D,27,LEU,7.645379881776119,0.9613978373525414,C,18.632,-16.778,24.815
D,28,GLU,43.693371157091754,0.7793885135724608,C,21.398,-16.357,22.24
D,29,HIS,0.8494866535306799,0.9957108708169491,C,23.589,-14.778,24.944
D,30,MET,5.559362359792499,0.9719303143405067,C,23.201,-18.003,26.975
D,31,CYS,0.0,1.0,C,23.885,-20.097,23.89
D,32,ARG,61.51193176794602,0.6894211103197654,C,27.203,-18.28,23.29
D,33,LEU,2.5484599605920395,0.9871326124508472,C,28.592,-18.556,26.854
D,34,ASP,57.16939620748315,0.7113469356678208,C,31.964,-20.181,26.241
D,35,ILE,1.6989733070613597,0.9914217416338981,C,34.174,-22.048,28.72
D,36,ASP,72.69112586292732,0.632976424065441,C,37.182,-21.452,26.417
D,37,SER,3.6199189846547597,0.9817227261984262,C,36.659,-17.668,26.651
D,38,PRO,64.65272017381649,0.6735630068952827,C,38.925,-16.492,29.504
D,39,PRO,33.283590802086444,0.8319483654832963,C,38.119,-13.646,31.906
D,40,ILE,48.37630456475639,0.7557439910156702,C,40.073,-10.431,32.342
D,41,THR,68.6866256719907,0.6531954805521937,C,42.425,-10.217,35.358
D,42,ALA,1.9209456775934002,0.9903009845645281,C,40.227,-7.711,37.305
D,43,ARG,18.38167224445432,0.907189398998463,C,37.395,-8.916,39.612
D,44,ASN,6.428754144376322,0.9675406824854742,C,34.575,-6.471,40.346
D,45,THR,0.0,1.0,C,32.447,-8.185,43.007
D,46,GLY,4.247433267653399,0.9785543540847452,C,33.756,-7.298,46.473
D,47,ILE,0.0,1.0,C,34.474,-10.148,48.877
D,48,ILE,0.0,1.0,C,33.484,-9.912,52.547
D,49,CYS,0.0,1.0,C,35.179,-12.453,54.866
D,50,THR,7.512176353263912,0.9620703931120138,C,34.011,-13.229,58.383
D,51,ILE,7.500213168439043,0.9621307962330532,C,37.111,-13.342,60.56
D,52,GLY,2.5484599605920395,0.9871326124508472,C,37.334,-15.934,63.355
D,53,PRO,118.53993117327641,0.40148197027113186,C,39.754,-18.514,64.858
D,54,ALA,27.665920482643315,0.8603124529092002,C,40.796,-19.737,61.349
D,55,SER,0.0,1.0,C,41.611,-16.249,59.996
D,56,ARG,42.845354768922945,0.7836702192626949,C,42.718,-14.02,62.951
D,57,SER,62.40907009884636,0.6848913838310615,C,46.497,-14.398,62.684
D,58,VAL,36.88606766432847,0.8137591584170194,C,48.433,-11.556,61.05
D,59,GLU,118.18726854835504,0.40326259336866366,C,50.063,-14.104,58.716
D,60,THR,32.34830097000091,0.8366707220932981,C,46.792,-15.775,57.666
D,61,LEU,0.0,1.0,C,45.222,-12.317,57.124
D,62,LYS,55.81887579118735,0.7181658262363367,C,48.084,-11.349,54.773
D,63,GLU,70.38208039528004,0.6446349878099269,C,47.219,-14.383,52.601
D,64,MET,0.0,1.0,C,43.464,-13.613,52.889
D,65,ILE,0.0,1.0,C,44.246,-10.162,51.453
D,66,LYS,128.23038734157456,0.352554046358761,C,46.455,-11.707,48.702
D,67,SER,11.525674065560402,0.9418059073871684,C,43.628,-14.199,47.903
D,68,GLY,7.645379881776119,0.9613978373525414,C,41.042,-11.414,47.477
D,69,MET,0.0,1.0,C,39.509,-10.292,50.797
D,70,ASN,18.05805050202273,0.9088233922506983,C,38.219,-6.721,50.52
D,71,VAL,0.0,1.0,C,36.187,-6.474,53.746
D,72,ALA,0.0,1.0,C,36.793,-8.087,57.152
D,73,ARG,14.079989954858732,0.9289089527640614,C,33.519,-8.946,58.929
D,74,LEU,0.8494866535306799,0.9957108708169491,C,33.453,-9.301,62.715
D,75,ASN,51.71777790933817,0.7388726125460201,C,30.314,-11.071,63.998
D,76,PHE,0.0,1.0,C,29.284,-9.661,67.375
D,77,SER,33.42875751542352,0.8312154066027845,C,26.808,-12.487,68.058
D,78,HIS,145.38289261075596,0.2659496122493976,C,29.816,-13.814,70.059
D,79,GLY,40.68055866955791,0.7946004558785973,C,33.135,-12.502,71.444
D,80,THR,91.0755752752874,0.5401518009108055,C,34.27,-9.728,73.781
D,81,HIS,66.18990145921798,0.6658016499823136,C,35.22,-6.149,72.898
D,82,GLU,143.6623177126085,0.27463693885611584,C,38.775,-7.243,73.859
D,83,TYR,69.25819447301421,0.6503095818574911,C,38.707,-10.193,71.439
D,84,HIS,5.946406574714759,0.9699760957186433,C,37.285,-8.056,68.608
D,85,ALA,31.342136807650405,0.8417509291262644,C,39.698,-5.166,69.238
D,86,GLU,87.0268037606764,0.560594387014598,C,42.594,-7.633,68.778
D,87,THR,0.8494866535306799,0.9957108708169491,C,41.06,-9.096,65.566
D,88,ILE,3.3979466141227195,0.9828434832677961,C,40.832,-5.544,64.129
D,89,LYS,146.8440096548287,0.25857231005455006,C,44.426,-4.769,65.157
D,90,ASN,15.351291970801608,0.922490042526462,C,45.587,-7.949,63.328
D,91,VAL,0.8494866535306799,0.9957108708169491,C,43.605,-7.039,60.163
D,92,ARG,83.95340880041074,0.5761122152939815,C,45.236,-3.6,60.208
D,93,THR,60.91407411959727,0.6924397436039789,C,48.724,-5.031,60.778
D,94,ALA,0.0,1.0,C,48.147,-7.425,57.858
D,95,THR,4.963716392671873,0.9749377806611668,C,46.694,-4.656,55.673
D,96,GLU,81.72770350267791,0.5873499875482011,C,49.4,-2.082,56.397
D,97,SER,57.68773386258423,0.7087298054822813,C,52.199,-4.591,55.755
D,98,PHE,43.01297758654789,0.7828238776329209,C,51.584,-3.808,52.042
D,99,ALA,22.521600211501877,0.8862865563400277,C,51.512,-0.024,52.55
D,100,SER,119.46318242231338,0.3968203974741089,C,55.227,0.36,51.673
D,101,ASP,59.6884508608376,0.6986280179750044,C,54.346,0.258,47.959
D,102,PRO,44.040102455083144,0.7776378382408226,C,51.199,2.368,47.393
D,103,ILE,43.90689892657094,0.778310394000295,C,50.777,0.9,43.88
D,104,LEU,76.18739176073679,0.6153234850443585,C,50.39,-2.658,45.268
D,105,TYR,6.428754144376322,0.9675406824854742,C,48.555,-1.623,48.49
D,106,ARG,52.665030926248555,0.7340898528149791,C,44.963,-2.948,48.636
D,107,PRO,1.6989733070613597,0.9914217416338981,C,42.629,-1.148,51.091
D,108,VAL,4.285836096250882,0.9783604549903161,C,40.725,-3.51,53.422
D,109,ALA,0.0,1.0,C,37.547,-2.384,55.159
D,110,VAL,1.6989733070613597,0.9914217416338981,C,36.326,-3.39,58.618
D,111,ALA,0.0,1.0,C,32.599,-4.098,59.122
D,112,LEU,0.8494866535306799,0.9957108708169491,C,30.862,-4.617,62.496
D,113,ASP,1.0714590240627204,0.994590113747579,C,27.961,-7.089,62.33
D,114,THR,2.77043233112408,0.9860118553814771,C,25.572,-6.573,65.275
D,115,LYS,50.912801340523544,0.7429370065875568,C,24.07,-9.383,67.35
D,116,GLY,2.992404701656121,0.9848910983121071,C,20.685,-7.679,67.236
D,117,PRO,10.04867312903108,0.9492634086839004,C,17.387,-8.105,69.07
D,118,GLU,63.13083216145269,0.6812471467932255,C,16.737,-11.738,69.987
D,119,ILE,10.4158122129002,0.9474096927340184,C,14.022,-13.921,71.483
D,120,ARG,80.32738255963741,0.5944203251426405,C,15.271,-16.854,73.594
D,121,THR,9.829666421964031,0.9503691918703236,C,13.892,-19.735,75.643
D,133,GLU,150.8329275462035,0.2384319299019243,C,11.925,-34.065,73.694
D,134,LEU,10.146439492410796,0.9487697781359102,C,8.857,-32.501,72.011
D,135,LYS,64.38631311679208,0.6749081184142277,C,6.515,-35.035,70.347
D,136,LYS,72.85112089358933,0.6321685957701954,C,4.602,-33.867,67.246
D,137,GLY,62.57877893399328,0.6840345097242997,C,0.892,-33.226,67.965
D,138,ALA,49.00381884775502,0.7525756189019892,C,1.425,-32.728,71.723
D,139,THR,106.86315906744895,0.4604389695303689,C,0.321,-29.613,73.617
D,140,LEU,10.551981404877395,0.9467221630915993,C,2.871,-27.064,74.851
D,141,LYS,42.79100521601585,0.7839446347022909,C,2.146,-23.998,76.991
D,142,ILE,12.872437137042503,0.9350059879669623,C,4.222,-20.883,76.295
D,143,THR,23.211343161782825,0.8828039864790913,C,4.334,-18.923,79.565
D,144,LEU,31.904356228936834,0.838912236232038,C,6.002,-15.59,80.449
D,145,ASP,52.360296438850355,0.7356284827364137,C,5.99,-16.175,84.257
D,146,ASN,121.48103995008469,0.3866320659992927,C,9.612,-15.95,85.464
D,147,ALA,110.55557344417795,0.441795660429135,C,8.981,-18.63,88.121
D,148,TYR,28.533201116963934,0.8559334804284687,C,9.42,-21.14,85.268
D,149,MET,36.421061686114726,0.816107012504144,C,12.408,-19.211,83.774
D,150,GLU,108.52056282051802,0.4520705993201476,C,14.653,-22.175,84.759
D,151,LYS,65.76554768994168,0.667944247665486,C,11.963,-24.93,84.856
D,152,CYS,57.238322750302906,0.7109989197866222,C,11.633,-25.29,81.041
D,153,ASP,63.08684986430243,0.6814692170911646,C,10.096,-28.76,80.699
D,154,GLU,67.6581562017997,0.6583883089505433,C,8.349,-30.693,77.912
D,155,ASN,82.80258057954772,0.5819228432611976,C,5.008,-29.5,79.367
D,156,ILE,37.253005686267755,0.8119064576456425,C,5.721,-25.743,79.782
D,157,LEU,12.967237836957228,0.9345273313019189,C,8.197,-23.452,77.946
D,158,TRP,48.26523041489606,0.7563048136909511,C,9.402,-19.96,78.992
D,159,LEU,2.77043233112408,0.9860118553814771,C,10.436,-17.051,76.697
D,160,ASP,74.54371048437861,0.6236225693216229,C,12.122,-13.691,77.397
D,161,TYR,5.096919921184079,0.9742652249016942,C,9.924,-11.623,75.028
D,162,LYS,76.77757135664015,0.6123436188892996,C,7.232,-10.157,77.319
D,163,ASN,76.64027119130768,0.6130368589108086,C,5.237,-8.543,74.48
D,164,ILE,13.100441365469434,0.9338547755424463,C,4.965,-11.801,72.476
D,165,CYS,13.537751062849134,0.9316467622943668,C,1.179,-11.964,73.103
D,166,LYS,83.7908502301434,0.576932987115164,C,0.66,-8.45,71.72
D,167,VAL,36.20215551001259,0.8172122881013149,C,1.928,-9.58,68.31
D,168,VAL,13.144775520996895,0.9336309286821238,C,0.503,-13.142,68.402
D,169,GLU,62.77907431521554,0.6830232015874854,C,-2.966,-13.963,67.055
D,170,VAL,102.17178105873145,0.48412612958436374,C,-4.735,-17.351,67.174
D,171,GLY,45.62331435604503,0.7696440688988961,C,-3.28,-19.284,64.217
D,172,SER,33.68913271455304,0.8299007504389854,C,0.285,-17.865,64.291
D,173,LYS,31.164599123610742,0.8426473317460594,C,3.354,-20.08,63.781
D,174,ILE,8.853008097816035,0.9553004214577011,C,6.297,-20.149,66.243
D,175,TYR,47.26885545525414,0.7613355942204618,C,9.77,-21.536,65.452
D,176,VAL,4.963716392671873,0.9749377806611668,C,12.366,-22.637,68.023
D,177,ASP,53.70912039511321,0.7288181577365327,C,16.109,-23.508,67.664
D,178,ASP,73.64385781742557,0.6281660007201422,C,16.727,-22.038,64.212
D,179,GLY,15.76410981185392,0.9204056907100063,C,13.513,-23.462,62.736
D,180,LEU,56.492068831369195,0.714766818256082,C,14.168,-27.008,64.015
D,181,ILE,4.247433267653399,0.9785543540847452,C,10.848,-27.078,65.952
D,182,SER,11.043326495898837,0.9442413206203375,C,7.524,-25.531,64.864
D,183,LEU,4.605574830162636,0.976746067372956,C,4.399,-24.659,66.896
D,184,GLN,88.03588332100945,0.5554994598933111,C,0.941,-23.13,66.259
D,185,VAL,1.0714590240627204,0.994590113747579,C,-1.117,-20.87,68.586
D,186,LYS,76.0331269950749,0.6161023807522156,C,-4.502,-22.425,69.533
D,187,GLN,51.77721684234409,0.7385725004005197,C,-5.399,-20.446,72.712
D,188,LYS,101.09132451330888,0.48958144507487733,C,-4.398,-16.944,73.864
D,189,GLY,32.360264154825785,0.8366103189722587,C,-3.8,-15.298,77.238
D,190,ALA,92.15720049317714,0.5346905846952323,C,-1.585,-12.431,78.437
D,191,ASP,52.45203094433518,0.7351653075435693,C,1.053,-14.408,80.342
D,192,PHE,55.00928736435726,0.7222535059348287,C,0.535,-17.578,78.253
D,193,LEU,12.83403430844502,0.9351998870613913,C,-0.469,-19.227,74.967
D,194,VAL,34.68224041783523,0.8248864665601787,C,-1.779,-22.765,74.368
D,195,THR,1.9209456775934002,0.9903009845645281,C,0.102,-24.195,71.378
D,196,GLU,30.98696090860616,0.8435442419551069,C,0.002,-27.571,69.623
D,197,VAL,6.206781773844282,0.9686614395548442,C,3.253,-28.862,68.097
D,198,GLU,69.50660648731886,0.6490553288147316,C,3.488,-29.038,64.276
D,199,ASN,93.67765593929093,0.5270136779441366,C,7.096,-30.169,63.76
D,200,GLY,28.633581285431433,0.8554266525599153,C,8.367,-32.098,66.781
D,201,GLY,18.197361286653514,0.9081200004441405,C,11.974,-32.237,67.964
D,202,SER,84.42736203450191,0.5737191857633905,C,14.392,-32.106,70.893
D,203,LEU,42.08613235551522,0.7875035967457183,C,13.943,-28.862,72.882
D,204,GLY,40.22761640713395,0.79688739925543,C,17.325,-27.763,74.303
D,205,SER,96.74351107718796,0.5115339188586856,C,18.227,-24.766,76.504
D,206,LYS,70.85940141669586,0.6422249540393794,C,18.304,-21.037,75.603
D,207,LYS,23.294281207837592,0.8823852253458349,C,17.619,-21.666,71.918
D,208,GLY,15.648901326061473,0.9209873879932935,C,16.665,-19.133,69.207
D,209,VAL,9.199186475500403,0.9535525378669514,C,13.021,-18.134,68.618
D,210,ASN,22.052133171720037,0.8886569347002289,C,11.627,-16.734,65.34
D,211,LEU,8.494866535306798,0.9571087081694905,C,8.051,-15.463,64.764
D,212,PRO,19.836971058932644,0.8998414735315998,C,7.163,-15.779,61.038
D,213,GLY,61.33705815447661,0.6903040618243709,C,4.966,-13.007,59.631
D,214,ALA,10.193839842368158,0.9485304498033885,C,4.963,-11.175,62.965
D,215,ALA,60.84923164722717,0.6927671386717975,C,5.44,-7.452,63.454
D,216,VAL,0.8494866535306799,0.9957108708169491,C,7.976,-8.019,66.247
D,217,ASP,77.4179410367773,0.6091103387999638,C,8.211,-4.862,68.432
D,218,LEU,29.148852746102616,0.8528250038465748,C,11.639,-5.55,70.042
D,219,PRO,90.1373197797369,0.5448891314037538,C,13.823,-2.405,69.796
D,220,ALA,2.77043233112408,0.9860118553814771,C,15.945,-1.6,66.728
D,221,VAL,9.249552488922753,0.9532982356514829,C,19.05,-2.198,68.877
D,222,SER,24.50190942387751,0.8762878094509946,C,19.524,-4.186,72.11
D,223,GLU,143.99401963134514,0.27296214811771624,C,21.467,-2.854,75.104
D,224,LYS,65.27726879335015,0.6704096086645486,C,24.492,-4.873,73.928
D,225,ASP,0.0,1.0,C,24.135,-3.453,70.395
D,226,ILE,69.61643656648836,0.6485007875564495,C,24.285,0.107,71.737
D,227,GLN,106.9869378180004,0.4598140002633119,C,27.639,-0.712,73.411
D,228,ASP,1.0714590240627204,0.994590113747579,C,29.004,-2.606,70.387
D,229,LEU,0.0,1.0,C,27.991,0.249,68.042
D,230,LYS,54.908756399442396,0.7227610951872607,C,29.76,2.867,70.203
D,231,PHE,9.344353188837479,0.9528195789864394,C,32.753,0.487,70.31
D,232,GLY,0.0,1.0,C,32.492,0.435,66.494
D,233,VAL,32.493467683338,0.8359377632127862,C,32.903,4.225,66.438
D,234,GLU,131.467760871987,0.3362082765600042,C,35.805,4.049,68.939
D,235,GLN,40.35157108687399,0.7962615417071812,C,37.405,1.433,66.691
D,236,ASP,69.23381571402237,0.6504326722512059,C,36.849,3.5,63.491
D,237,VAL,0.8494866535306799,0.9957108708169491,C,34.989,0.748,61.572
D,238,ASP,0.0,1.0,C,33.918,1.564,58.013
D,239,MET,0.0,1.0,C,30.44,0.085,58.113
D,240,VAL,0.0,1.0,C,27.811,-1.522,60.29
D,241,PHE,0.0,1.0,C,25.752,-4.556,59.274
D,242,ALA,0.0,1.0,C,22.623,-3.904,61.428
D,243,SER,7.867352252308159,0.9602770802831714,C,20.774,-7.141,62.327
D,244,PHE,23.344546690295026,0.8821314307196189,C,17.007,-7.676,62.128
D,245,ILE,0.0,1.0,C,16.011,-4.41,60.37
D,246,ARG,0.0,1.0,C,12.227,-4.42,59.922
D,247,LYS,36.39472257330702,0.8162400008882812,C,11.381,-0.766,59.18
D,248,ALA,22.311591025794705,0.8873469102883583,C,12.769,2.682,58.315
D,249,SER,50.477854120819345,0.7451330914882042,C,12.724,3.68,62.011
D,250,ASP,1.0714590240627204,0.994590113747579,C,15.062,0.799,62.962
D,251,VAL,0.0,1.0,C,17.68,2.258,60.544
D,252,HIS,100.21401591523801,0.4940110495835388,C,17.196,5.782,61.955
D,253,GLU,74.38110164862879,0.6244435949374317,C,17.775,4.482,65.483
D,254,VAL,0.0,1.0,C,21.049,2.801,64.412
D,255,ARG,76.26062856867728,0.6149537062739617,C,21.971,6.136,62.74
D,256,LYS,104.74406685800832,0.4711384433823844,C,21.142,7.989,66.047
D,257,VAL,44.513452503384826,0.7752478542457462,C,23.374,5.621,68.104
D,258,LEU,2.142918048125441,0.9891802274951581,C,26.373,6.115,65.776
D,259,GLY,27.49431412553363,0.8611789077631018,C,25.769,9.863,66.192
D,260,GLU,145.15848236432475,0.26708267835813904,C,27.746,12.762,64.735
D,261,LYS,116.7550541566953,0.41049396365343704,C,31.058,10.992,65.575
D,262,GLY,0.8494866535306799,0.9957108708169491,C,29.968,7.98,63.439
D,263,LYS,133.9920557018876,0.3234629007774048,C,28.058,9.998,60.802
D,264,ASN,81.41356937006016,0.5889360770647383,C,30.261,8.645,57.978
D,265,ILE,4.247433267653399,0.9785543540847452,C,29.999,4.988,58.97
D,266,LYS,58.61143750096332,0.7040659485336223,C,27.84,3.21,56.389
D,267,ILE,0.0,1.0,C,24.732,1.382,57.564
D,268,ILE,0.0,1.0,C,24.045,-1.87,55.707
D,269,SER,0.0,1.0,C,20.615,-3.133,56.869
D,270,LYS,16.989733070613596,0.9142174163389808,C,20.228,-6.887,57.274
D,271,ILE,0.0,1.0,C,16.94,-8.196,55.89
D,272,GLU,9.199186475500403,0.9535525378669514,C,16.135,-11.244,58.004
D,273,ASN,0.8494866535306799,0.9957108708169491,C,12.316,-11.625,58.206
D,274,HIS,31.272355751628872,0.8421032595161089,C,8.904,-11.248,56.467
D,275,GLU,20.892156633049765,0.8945137532894163,C,8.431,-7.698,57.805
D,276,GLY,0.0,1.0,C,11.731,-6.406,56.335
D,277,VAL,5.54086466224816,0.9720237107629542,C,10.98,-7.854,52.912
D,278,ARG,76.41484306885668,0.6141750643607309,C,7.481,-6.344,52.941
D,279,ARG,91.85577096125051,0.5362125276199933,C,8.796,-2.962,54.062
D,280,PHE,0.0,1.0,C,12.01,-3.179,51.986
D,281,ASP,79.79479464025964,0.5971094061047124,C,11.449,0.125,50.159
D,282,GLU,69.27394013539403,0.6502300806908289,C,11.322,2.375,53.259
D,283,ILE,0.0,1.0,C,14.289,0.413,54.727
D,284,LEU,9.344353188837479,0.9528195789864394,C,16.33,0.78,51.485
D,285,GLU,134.8302703209772,0.31923068503928276,C,15.746,4.556,51.334
D,286,ALA,12.153188348559041,0.9386375352734875,C,17.104,5.103,54.879
D,287,SER,1.0714590240627204,0.994590113747579,C,20.087,2.73,54.599
D,288,ASP,33.80434120034548,0.8293190531556982,C,23.415,3.047,52.799
D,289,GLY,0.0,1.0,C,23.048,-0.552,51.527
D,290,ILE,0.0,1.0,C,21.502,-3.977,52.071
D,291,MET,1.2867963509103797,0.9935028575688696,C,22.487,-7.48,53.168
D,292,VAL,0.0,1.0,C,20.441,-10.348,51.832
D,293,ALA,6.795893228245439,0.9656869665355923,C,20.696,-12.233,55.132
D,294,ARG,0.0,1.0,C,19.732,-15.611,53.679
D,295,GLY,15.515697797549267,0.9216599437527659,C,20.453,-17.683,56.811
D,296,ASP,56.52991873965965,0.7145757109025412,C,17.932,-16.124,59.193
D,297,LEU,0.0,1.0,C,15.613,-15.179,56.308
D,298,GLY,10.714590240627205,0.9459011374757904,C,15.28,-18.872,55.415
D,299,ILE,16.1786492456804,0.9183126464276027,C,14.165,-19.639,58.984
D,300,GLU,2.142918048125441,0.9891802274951581,C,11.497,-16.909,58.853
D,301,ILE,1.0714590240627204,0.994590113747579,C,10.351,-17.609,55.281
D,302,PRO,58.36733575177939,0.7052984386871839,C,9.936,-20.939,53.483
D,303,ALA,23.24688085788023,0.8826245536783566,C,13.447,-21.865,52.239
D,304,GLU,16.921372014471483,0.9145625770306346,C,12.128,-22.255,48.666
D,305,LYS,27.54171447549099,0.8609395794305801,C,11.123,-18.525,48.591
D,306,VAL,6.795893228245438,0.9656869665355923,C,14.516,-17.089,49.584
D,307,PHE,7.889481630960046,0.9601653471989797,C,15.77,-16.872,45.973
D,308,LEU,0.0,1.0,C,12.754,-14.579,45.246
D,309,ALA,0.0,1.0,C,13.682,-12.328,48.178
D,310,GLN,1.0714590240627204,0.994590113747579,C,17.32,-12.203,47.041
D,311,LYS,9.588454938021407,0.9515870888328778,C,16.532,-11.393,43.396
D,312,MET,0.8494866535306799,0.9957108708169491,C,13.904,-8.789,44.403
D,313,MET,0.0,1.0,C,16.336,-7.1,46.763
D,314,ILE,0.0,1.0,C,19.343,-7.104,44.412
D,315,GLY,0.0,1.0,C,17.114,-5.736,41.577
D,316,ARG,43.80259805047176,0.7788370178496933,C,15.729,-2.902,43.705
D,317,CYS,0.0,1.0,C,19.195,-2.049,45.055
D,318,ASN,8.53326936390428,0.9569148090750613,C,20.56,-2.021,41.514
D,319,ARG,75.86500152262539,0.6169512603282516,C,17.638,0.254,40.614
D,320,ALA,39.549736110712956,0.8003100735845794,C,18.339,2.608,43.566
D,321,GLY,15.678306633299076,0.9208389181369571,C,22.12,2.475,43.04
D,322,LYS,52.50969801908447,0.7348741416586431,C,22.826,1.306,46.63
D,323,PRO,1.6989733070613597,0.9914217416338981,C,25.27,-1.572,47.406
D,324,VAL,0.0,1.0,C,23.72,-5.014,48.094
D,325,ILE,0.0,1.0,C,25.475,-7.986,49.727
D,326,CYS,0.0,1.0,C,24.59,-11.649,49.089
D,327,ALA,0.0,1.0,C,25.412,-13.721,52.163
D,328,THR,33.884665441312464,0.828913489343005,C,25.425,-17.053,54.005
D,329,GLN,38.08427110240763,0.8077093290145947,C,26.156,-20.656,52.954
D,330,MET,0.0,1.0,C,27.649,-19.675,49.553
D,331,LEU,0.0,1.0,C,30.696,-22.072,49.756
D,332,GLU,45.15840890879619,0.7719914153967683,C,29.433,-23.936,52.887
D,333,SER,27.54171447549099,0.8609395794305801,C,31.033,-27.342,52.196
D,334,MET,0.0,1.0,C,34.499,-25.708,52.1
D,335,ILE,27.40851094697879,0.8616121351900525,C,34.266,-25.48,55.907
D,336,LYS,145.25301917045655,0.2666053541148833,C,35.262,-29.208,55.825
D,337,LYS,82.45047087493339,0.5837006746178408,C,36.214,-29.871,52.146
D,338,PRO,60.887634475824655,0.6925732395773685,C,38.984,-28.241,50.038
D,339,ARG,77.08121256979491,0.610810509000985,C,36.609,-27.993,47.007
D,340,PRO,6.206781773844282,0.9686614395548442,C,33.035,-26.661,46.744
D,341,THR,12.250954711938753,0.9381439047254974,C,29.918,-28.392,45.415
D,342,ARG,22.774699482045683,0.8850086369483734,C,28.475,-27.733,41.947
D,343,ALA,0.0,1.0,C,25.451,-26.024,43.586
D,344,GLU,0.0,1.0,C,27.758,-23.697,45.541
D,345,GLY,4.963716392671872,0.9749377806611668,C,29.827,-22.624,42.557
D,346,SER,3.0145340803080076,0.9847793652279155,C,26.519,-22.07,40.752
D,347,ASP,0.0,1.0,C,25.21,-20.014,43.705
D,348,VAL,0.0,1.0,C,28.187,-17.597,43.698
D,349,ALA,0.0,1.0,C,27.938,-17.211,39.898
D,350,ASN,2.992404701656121,0.9848910983121071,C,24.204,-16.475,39.985
D,351,ALA,0.0,1.0,C,24.54,-13.853,42.763
D,352,VAL,0.0,1.0,C,26.928,-11.957,40.493
D,353,LEU,36.32636151716492,0.816585161579935,C,24.63,-12.405,37.493
D,354,ASP,11.564076894157882,0.9416120082927394,C,21.685,-11.163,39.652
D,355,GLY,7.020831262242469,0.9645512355832756,C,23.777,-8.02,40.259
D,356,ALA,0.0,1.0,C,25.065,-8.366,43.852
D,357,ASP,2.142918048125441,0.9891802274951581,C,27.797,-5.798,44.632
D,358,CYS,0.0,1.0,C,29.417,-8.05,47.224
D,359,ILE,0.0,1.0,C,29.56,-11.727,48.077
D,360,MET,2.5484599605920395,0.9871326124508472,C,30.25,-13.062,51.617
D,361,LEU,0.0,1.0,C,31.941,-15.884,53.509
D,362,SER,20.74582124724555,0.8952526128949877,C,30.975,-16.69,57.088
D,363,GLY,15.15755623504003,0.9234682304645552,C,31.915,-20.063,58.673
D,364,GLU,0.0,1.0,C,34.001,-20.765,55.532
D,365,THR,0.0,1.0,C,36.55,-18.097,56.598
D,366,ALA,12.250954711938755,0.9381439047254974,C,35.731,-17.615,60.309
D,367,LYS,157.83524854453105,0.20307662535630377,C,36.093,-21.223,61.547
D,368,GLY,5.135322749781562,0.9740713258072652,C,36.744,-23.559,58.571
D,369,ASP,100.75007215290533,0.491304456792258,C,39.647,-25.784,57.523
D,370,TYR,66.13520004793368,0.6660778419842932,C,39.975,-24.056,54.108
D,371,PRO,14.30806958150935,0.9277573596476062,C,39.589,-20.231,54.458
D,372,LEU,31.164599123610742,0.8426473317460594,C,42.164,-19.183,51.813
D,373,GLU,57.802942348376696,0.708148108198994,C,40.717,-21.657,49.308
D,374,ALA,0.0,1.0,C,37.147,-20.378,49.93
D,375,VAL,0.0,1.0,C,38.334,-16.809,49.157
D,376,ARG,104.24307079435506,0.47366801442187967,C,40.297,-17.842,46.024
D,377,MET,28.920245331886193,0.8539792618066053,C,37.262,-19.78,44.795
D,378,GLN,0.0,1.0,C,34.825,-16.883,45.177
D,379,HIS,36.47389070817749,0.8158402743519909,C,37.492,-14.803,43.358
D,380,LEU,54.68381836544536,0.7238968261395775,C,37.685,-17.271,40.402
D,381,ILE,0.0,1.0,C,33.873,-17.603,40.097
D,382,ALA,0.0,1.0,C,33.103,-13.888,40.499
D,383,ARG,50.5795034927189,0.7446198553053387,C,35.416,-13.089,37.59
D,384,GLU,2.142918048125441,0.9891802274951581,C,33.834,-15.71,35.281
D,385,ALA,0.0,1.0,C,30.271,-14.629,36.184
D,386,GLU,13.63018928508836,0.9311800339767555,C,31.139,-10.956,35.598
D,387,ALA,6.548649886407923,0.9669353188532924,C,32.121,-11.709,31.975
D,388,ALA,1.0714590240627204,0.994590113747579,C,28.875,-13.688,31.543
D,389,ILE,7.645379881776119,0.9613978373525414,C,26.638,-10.722,32.378
D,390,TYR,13.591786456490878,0.9313739330711847,C,24.354,-9.502,29.559
D,391,HIS,7.039994977429366,0.9644544763820307,C,25.552,-5.892,29.72
D,392,LEU,40.261708970610705,0.796715263050199,C,23.799,-5.043,26.469
D,393,GLN,26.077669467065082,0.8683316651624048,C,20.276,-5.242,27.955
D,394,LEU,35.43119610645103,0.8211049266295598,C,21.48,-4.499,31.528
D,395,PHE,7.645379881776119,0.9613978373525414,C,22.898,-1.051,30.532
D,396,GLU,17.548886297470123,0.9113942049169537,C,19.94,-0.441,28.192
D,397,GLU,9.113383296945557,0.9539857652939021,C,17.51,-0.997,31.061
D,398,LEU,7.461810339841561,0.9623246953274823,C,19.518,0.876,33.764
D,399,ARG,24.645103217028137,0.8755648120095617,C,19.671,3.747,31.336
D,400,ARG,51.44600501206143,0.7402448166413136,C,15.895,3.634,30.579
D,401,LEU,62.616013090123616,0.6838465113549301,C,15.042,3.495,34.294
D,402,ALA,12.66962848169736,0.9360299858350875,C,17.308,6.576,34.817
D,403,PRO,100.68930118461427,0.49161129449535323,C,16.16,10.221,35.632
D,404,ILE,80.71264234993242,0.5924751162300077,C,16.995,13.25,33.426
D,405,THR,57.14054382055258,0.7114926137832689,C,18.544,15.627,35.926
D,406,SER,72.31716323981459,0.6348645926358317,C,20.594,18.767,35.365
D,407,ASP,53.20033318167904,0.7313870669430913,C,23.36,16.97,37.391
D,408,PRO,39.65946565891754,0.7997560399155499,C,26.626,17.152,35.344
D,409,THR,10.4158122129002,0.9474096927340184,C,28.312,14.543,37.526
D,410,GLU,20.34621066170893,0.8972702801734052,C,25.619,11.952,36.645
D,411,ALA,0.0,1.0,C,25.843,12.879,32.929
D,412,THR,0.0,1.0,C,29.65,12.586,32.89
D,413,ALA,1.6989733070613597,0.9914217416338981,C,29.408,9.196,34.666
D,414,VAL,0.0,1.0,C,26.92,7.736,32.146
D,415,GLY,0.0,1.0,C,28.897,9.13,29.208
D,416,ALA,0.0,1.0,C,32.043,7.433,30.57
D,417,VAL,0.0,1.0,C,30.286,4.072,31.04
D,418,GLU,5.357295120313602,0.9729505687378952,C,28.905,4.255,27.437
D,419,ALA,0.0,1.0,C,32.331,5.322,26.165
D,420,SER,0.0,1.0,C,33.888,2.33,28.015
D,421,PHE,35.808576782370864,0.8191995000245863,C,31.515,-0.045,26.197
D,422,LYS,3.3979466141227195,0.9828434832677961,C,32.059,1.57,22.824
D,423,CYS,5.357295120313602,0.9729505687378952,C,35.842,1.087,22.982
D,424,CYS,43.46702568958591,0.7805313507743116,C,36.015,-1.864,25.392
D,425,SER,3.214377072188161,0.9837703412427371,C,38.335,0.178,27.644
D,426,GLY,18.172090315348036,0.9082475956924707,C,40.626,-1.632,30.068
D,427,ALA,0.0,1.0,C,39.499,0.663,32.89
D,428,ILE,0.0,1.0,C,37.485,3.65,34.03
D,429,ILE,0.0,1.0,C,39.804,5.863,36.146
D,430,VAL,0.0,1.0,C,38.055,8.285,38.519
D,431,LEU,0.8494866535306799,0.9957108708169491,C,39.358,10.843,41.018
D,432,THR,2.4152564320798326,0.9878051682103196,C,37.075,11.007,44.014
D,433,LYS,72.92264867512625,0.6318074460170899,C,37.362,12.639,47.451
D,434,SER,61.01184048297698,0.6919461130559887,C,34.164,11.137,48.941
D,435,GLY,0.0,1.0,C,33.791,8.161,46.571
D,436,ARG,57.49868538306181,0.7096843270714797,C,30.591,9.59,45.069
D,437,SER,2.77043233112408,0.9860118553814771,C,31.887,10.039,41.491
D,438,ALA,0.0,1.0,C,32.955,6.373,41.379
D,439,HIS,37.84331094587728,0.8089259570040179,C,29.69,5.15,43.003
D,440,GLN,31.916068086349423,0.8388531020841297,C,27.885,6.984,40.176
D,441,VAL,0.0,1.0,C,29.935,5.162,37.52
D,442,ALA,1.2076282160399163,0.9939025841051599,C,29.486,1.813,39.256
D,443,ARG,78.02302434822928,0.6060552225382319,C,25.693,2.113,39.286
D,444,TYR,12.156154012024029,0.9386225613905408,C,25.656,1.88,35.441
D,445,ARG,13.591786456490878,0.9313739330711847,C,27.482,-1.443,35.812
D,446,PRO,7.500213168439043,0.9621307962330532,C,30.279,-1.116,33.297
D,447,ARG,16.584191158147,0.9162650313832917,C,32.242,-4.18,32.16
D,448,ALA,5.946406574714759,0.9699760957186433,C,35.465,-2.238,32.686
D,449,PRO,0.8494866535306799,0.9957108708169491,C,37.079,-1.974,36.163
D,450,ILE,0.0,1.0,C,36.644,1.31,38.044
D,451,ILE,0.0,1.0,C,40.009,2.317,39.508
D,452,ALA,0.0,1.0,C,38.955,4.968,42.078
D,453,VAL,0.0,1.0,C,41.92,7.195,43.086
D,454,THR,0.0,1.0,C,41.514,8.961,46.438
D,455,ARG,56.15605664751184,0.7164633718836796,C,43.644,10.481,49.181
D,456,ASN,64.63736406892575,0.6736405411535917,C,40.876,9.647,51.659
D,457,PRO,59.68900378114463,0.6986252262341159,C,41.526,6.391,53.588
D,458,GLN,32.75384288246752,0.8346231070489871,C,37.896,5.865,54.639
D,459,THR,4.913350379249521,0.9751920828766352,C,36.622,6.579,51.092
D,460,ALA,0.8494866535306799,0.9957108708169491,C,39.034,3.937,49.783
D,461,ARG,53.61913261514378,0.7292725135661159,C,37.843,1.272,52.267
D,462,GLN,17.241110748383242,0.9129481894132744,C,34.113,1.929,51.849
D,463,ALA,2.5484599605920395,0.9871326124508472,C,34.359,1.912,47.996
D,464,HIS,12.964272173492239,0.9345423051848656,C,34.691,-1.888,48.2
D,465,LEU,1.6989733070613597,0.9914217416338981,C,30.906,-2.001,48.752
D,466,TYR,26.005350004179444,0.8686968121808731,C,30.329,-1.091,45.076
D,467,ARG,8.494866535306798,0.9571087081694905,C,30.567,-3.488,42.15
D,468,GLY,0.0,1.0,C,33.581,-2.715,39.99
D,469,ILE,6.428754144376322,0.9675406824854742,C,35.272,-0.148,42.213
D,470,PHE,33.22171399318133,0.8322607866681684,C,38.957,-0.871,42.801
D,471,PRO,6.834296056842922,0.9654930674411633,C,40.078,1.629,45.395
D,472,VAL,4.605574830162636,0.976746067372956,C,43.662,2.815,45.444
D,473,LEU,4.963716392671873,0.9749377806611668,C,44.885,5.202,48.14
D,474,CYS,1.9209456775934002,0.9903009845645281,C,47.149,7.964,46.883
D,475,LYS,110.27010320293154,0.44323702356007244,C,49.589,9.178,49.53
D,476,ASP,65.24675764549848,0.6705636620026617,C,51.61,11.719,47.539
D,477,PRO,110.88314102698244,0.44014174429874164,C,51.542,15.168,49.094
D,478,VAL,114.60927097606977,0.42132820245197333,C,49.257,17.697,47.369
D,479,GLN,77.05506195254644,0.610942545655274,C,51.137,19.436,44.509
D,480,GLU,143.09517227404126,0.27750050362371137,C,51.028,23.25,44.463
D,481,ALA,46.946703978184416,0.7629621639798805,C,49.954,23.17,40.783
D,482,TRP,68.76694991295768,0.6527899167395004,C,46.512,21.493,40.887
D,483,ALA,67.42315250494057,0.6595748622767599,C,46.713,20.438,37.206
D,484,GLU,103.05012009919272,0.47969132228586475,C,49.902,18.554,38.053
D,485,ASP,0.0,1.0,C,48.262,17.156,41.21
D,486,VAL,9.344353188837477,0.9528195789864394,C,45.392,15.823,39.107
D,487,ASP,83.26054939021743,0.5796105204217432,C,47.807,14.277,36.543
D,488,LEU,37.05749809224956,0.8128935918443096,C,49.999,12.799,39.295
D,489,ARG,0.8494866535306799,0.9957108708169491,C,46.944,10.824,40.461
D,490,VAL,9.344353188837479,0.9528195789864394,C,45.811,9.755,37.004
D,491,ASN,70.41161136622378,0.644485883467025,C,49.348,8.428,36.363
D,492,PHE,13.6835209619757,0.9309107578783404,C,49.199,6.651,39.753
D,493,ALA,0.0,1.0,C,46.038,4.893,38.414
D,494,MET,5.455061483693315,0.972456938189905,C,47.929,4.004,35.22
D,495,ASN,46.84696469461826,0.7634657559669495,C,50.707,2.448,37.346
D,496,VAL,4.114229739141193,0.9792269098442177,C,48.241,0.44,39.428
D,497,GLY,0.0,1.0,C,46.529,-1.011,36.357
D,498,LYS,76.85151188133506,0.6119702869941357,C,49.808,-2.019,34.725
D,499,ALA,61.12408330530444,0.6913793896556483,C,51.131,-3.585,37.956
D,500,ARG,70.87626548606033,0.6421398059422839,C,47.836,-5.351,38.647
D,501,GLY,39.549736110712956,0.8003100735845794,C,47.675,-6.665,35.069
D,502,PHE,27.520753769306243,0.8610454117897122,C,44.393,-4.878,34.248
D,503,PHE,8.0893246228402,0.9591563232138014,C,45.841,-3.364,31.081
D,504,LYS,108.60988458284486,0.4516196062693618,C,49.115,-2.385,29.414
D,505,LYS,176.1303761945643,0.1107029952524542,C,50.842,0.468,27.479
D,506,GLY,52.36884157086812,0.7355853376499569,C,48.868,1.389,24.323
D,507,ASP,52.83319409780992,0.7332407828929732,C,45.533,0.16,25.773
D,508,VAL,22.66973258830394,0.8855386235765691,C,42.733,2.779,25.822
D,509,VAL,0.0,1.0,C,41.129,3.756,29.132
D,510,ILE,0.0,1.0,C,38.536,6.262,30.358
D,511,VAL,0.0,1.0,C,39.602,8.957,32.778
D,512,LEU,0.8494866535306799,0.9957108708169491,C,37.168,10.952,34.923
D,513,THR,7.645379881776119,0.9613978373525414,C,38.251,14.267,36.494
D,514,GLY,4.285836096250882,0.9783604549903161,C,36.7,17.529,37.65
D,515,TRP,144.4952670224107,0.27043130810509,C,37.175,21.185,36.812
D,516,ARG,102.77217711394431,0.4810946796715263,C,38.299,22.331,40.296
D,517,PRO,61.612915122203006,0.6889112369156973,C,39.276,20.836,43.714
D,518,GLY,16.251144637754635,0.9179466111279426,C,36.684,19.643,46.281
D,519,SER,63.065989689082585,0.6815745418610444,C,33.712,17.275,45.888
D,520,GLY,45.75651788455723,0.7689715131394237,C,30.921,17.546,43.275
D,521,PHE,62.82054333824293,0.6828138210208572,C,32.84,19.052,40.343
D,522,THR,0.8494866535306799,0.9957108708169491,C,33.419,15.868,38.326
D,523,ASN,7.889481630960047,0.9601653471989797,C,32.693,16.812,34.706
D,524,THR,15.290759763552238,0.9227956747050827,C,35.604,15.793,32.477
D,525,MET,0.0,1.0,C,35.827,12.51,30.624
D,526,ARG,57.38810132165546,0.7102426752491549,C,38.839,11.628,28.448
D,527,VAL,1.0714590240627204,0.994590113747579,C,39.647,8.682,26.273
D,528,VAL,20.387679684736316,0.8970608996067769,C,43.437,8.126,26.409
D,529,PRO,85.84248616212614,0.5665741056515304,C,46.153,5.519,25.8
D,530,VAL,1.0714590240627204,0.994590113747579,C,47.944,3.893,28.732
D,531,PRO,78.89846055707862,0.6016350718793968,C,51.466,5.459,28.672
