chain_id,res_num,res_name,sasa,depth,secondary_structure,ca_x,ca_y,ca_z
A,14,GLN,78.78008534589137,0.6862299318502855,C,13.111,-12.276,-2.922
A,15,THR,45.55847188367493,0.8185469745942201,C,9.341,-11.347,-2.557
A,16,GLN,15.795236711865687,0.9370897800153063,C,7.042,-9.352,-0.122
A,17,GLN,0.0,1.0,C,10.194,-7.729,1.476
A,18,LEU,27.183572912981756,0.8917316287738212,C,10.812,-11.026,3.378
A,19,HIS,82.57770537740379,0.6711045420914064,C,14.56,-10.173,3.66
A,20,ALA,0.0,1.0,C,13.632,-6.776,5.263
A,21,ALA,6.1683789452468,0.9754322088694679,C,11.002,-8.699,7.4
A,22,MET,112.6418799926857,0.5513631369319119,C,13.818,-10.724,9.075
A,23,ALA,0.0,1.0,C,15.98,-7.705,10.155
A,24,ASP,46.0343352060995,0.8166516774965902,C,16.895,-7.333,13.859
A,25,THR,0.8494866535306799,0.996616613399182,C,16.636,-3.521,13.769
A,26,PHE,26.96743133841478,0.8925924904533192,C,14.315,-0.997,12.15
A,27,LEU,0.0,1.0,C,17.415,0.638,10.565
A,28,GLU,10.418777876365189,0.9585034640423331,C,18.533,-2.666,8.984
A,29,HIS,0.8494866535306799,0.996616613399182,C,14.92,-3.263,7.936
A,30,MET,0.0,1.0,C,15.056,0.092,6.014
A,31,CYS,1.0714590240627204,0.9957325284743764,C,18.514,-0.973,4.525
A,32,ARG,73.91507779439527,0.7056065769031512,C,16.952,-4.177,3.176
A,33,LEU,2.5484599605920395,0.9898498401975457,C,13.926,-2.574,1.44
A,34,ASP,28.8435904711386,0.8851200108748852,C,14.156,-3.816,-2.097
A,35,ILE,5.762837032780201,0.977047425620675,C,12.575,-2.439,-5.324
A,36,ASP,67.4699999345909,0.7312764211337338,C,13.281,-5.902,-6.875
A,37,SER,0.8494866535306799,0.996616613399182,C,11.176,-7.709,-4.226
A,38,PRO,47.43804906920586,0.8110608813892266,C,7.635,-7.889,-5.676
A,39,PRO,2.142918048125441,0.9914650569487529,C,4.496,-7.699,-3.454
A,40,ILE,39.11775455447375,0.8441994514409198,C,1.999,-10.666,-3.087
A,41,THR,24.617117909669957,0.9019534603161034,C,-1.453,-10.14,-4.777
A,42,ALA,0.0,1.0,C,-3.548,-9.203,-1.762
A,43,ARG,0.0,1.0,C,-3.895,-5.494,-0.947
A,44,ASN,0.0,1.0,C,-4.99,-4.801,2.671
A,45,THR,0.0,1.0,C,-5.535,-1.05,2.87
A,46,GLY,0.0,1.0,C,-9.133,0.014,2.236
A,47,ILE,0.0,1.0,C,-9.633,2.47,-0.676
A,48,ILE,0.0,1.0,C,-12.289,5.181,-0.22
A,49,CYS,0.0,1.0,C,-13.274,7.136,-3.364
A,50,THR,0.0,1.0,C,-15.305,10.323,-3.47
A,51,ILE,0.0,1.0,C,-17.896,9.997,-6.226
A,52,GLY,0.0,1.0,C,-18.762,13.034,-8.37
A,53,PRO,41.97399006415267,0.8328234646469383,C,-19.09,14.048,-12.048
A,54,ALA,28.959351877238078,0.8846589493753773,C,-15.826,12.319,-13.144
A,55,SER,0.0,1.0,C,-16.787,9.032,-11.495
A,56,ARG,2.5484599605920395,0.9898498401975457,C,-20.579,8.676,-11.097
A,57,SER,21.953449463285466,0.9125624794137692,C,-21.498,6.866,-14.377
A,58,VAL,23.294281207837592,0.9072221339950223,C,-22.31,3.163,-13.905
A,59,GLU,101.36014431349126,0.5962967131950725,C,-19.555,2.374,-16.484
A,60,THR,11.623440428940116,0.95370546148167,C,-16.835,4.382,-14.661
A,61,LEU,0.0,1.0,C,-18.015,2.931,-11.291
A,62,LYS,42.71843442571792,0.8298584468123368,C,-17.622,-0.62,-12.702
A,63,GLU,14.518078767216522,0.9421765215892848,C,-13.987,0.214,-13.494
A,64,MET,0.0,1.0,C,-13.445,1.907,-10.034
A,65,ILE,4.69137800871748,0.9813148971462986,C,-14.549,-1.37,-8.368
A,66,LYS,78.6866543803736,0.6866020543262779,C,-12.252,-3.416,-10.664
A,67,SER,0.0,1.0,C,-9.409,-0.928,-9.922
A,68,GLY,0.0,1.0,C,-9.879,-1.462,-6.177
A,69,MET,0.0,1.0,C,-12.493,0.972,-4.862
A,70,ASN,0.0,1.0,C,-14.006,-0.387,-1.628
A,71,VAL,0.0,1.0,C,-15.984,2.59,-0.262
A,72,ALA,0.0,1.0,C,-18.017,5.245,-2.192
A,73,ARG,0.0,1.0,C,-17.873,8.562,-0.401
A,74,LEU,0.0,1.0,C,-20.67,11.085,-0.985
A,75,ASN,0.0,1.0,C,-19.668,14.601,0.04
A,76,PHE,0.0,1.0,C,-22.697,16.516,1.291
A,77,SER,1.0714590240627204,0.9957325284743764,C,-20.989,19.948,1.074
A,78,HIS,22.90755115218069,0.9087624257500545,C,-22.37,19.998,-2.482
A,79,GLY,5.899006224757397,0.9765050827625912,C,-25.326,18.625,-4.466
A,80,THR,46.45535888716297,0.8149747990250842,C,-29.001,17.852,-3.897
A,81,HIS,12.247813119285166,0.9512186723300687,C,-30.626,14.717,-2.435
A,82,GLU,94.025505644267,0.6255095537878639,C,-31.849,13.867,-5.961
A,83,TYR,21.731376561788515,0.9134469647393558,C,-28.294,14.094,-7.315
A,84,HIS,2.5484599605920395,0.9898498401975457,C,-26.935,11.971,-4.398
A,85,ALA,0.0,1.0,C,-29.805,9.419,-4.717
A,86,GLU,21.207208110722366,0.9155346544123341,C,-28.848,8.938,-8.38
A,87,THR,0.0,1.0,C,-25.137,8.507,-7.522
A,88,ILE,0.0,1.0,C,-26.035,5.919,-4.833
A,89,LYS,53.87580073494207,0.7854202163655711,C,-28.314,4.135,-7.37
A,90,ASN,0.0,1.0,C,-25.381,4.056,-9.877
A,91,VAL,0.0,1.0,C,-22.948,2.746,-7.226
A,92,ARG,0.0,1.0,C,-25.449,-0.048,-6.499
A,93,THR,22.97454247392584,0.9084956086795077,C,-26.015,-0.746,-10.229
A,94,ALA,0.0,1.0,C,-22.218,-1.049,-10.831
A,95,THR,0.0,1.0,C,-21.707,-3.191,-7.671
A,96,GLU,11.747646436092442,0.9532107663165446,C,-24.609,-5.565,-8.453
A,97,SER,18.54353966433788,0.9261436735099998,C,-23.456,-6.112,-12.099
A,98,PHE,0.8494866535306799,0.996616613399182,C,-20.866,-8.458,-10.503
A,99,ALA,16.40062161621244,0.934678616561247,C,-23.428,-10.255,-8.211
A,100,SER,109.12417586660814,0.5653736607657434,C,-23.871,-12.97,-10.902
A,101,ASP,30.96906639685131,0.8766545373591696,C,-20.575,-14.605,-9.702
A,102,PRO,26.334086259451073,0.8951150153746392,C,-20.583,-14.693,-5.863
A,103,ILE,33.22171399318133,0.8676825568552843,C,-16.922,-15.828,-5.912
A,104,LEU,56.51599520101893,0.7749046908503066,C,-15.814,-12.649,-7.721
A,105,TYR,0.0,1.0,C,-18.42,-10.165,-6.315
A,106,ARG,8.494866535306798,0.966166133991819,C,-16.834,-7.313,-4.337
A,107,PRO,0.0,1.0,C,-19.049,-5.683,-1.588
A,108,VAL,0.0,1.0,C,-18.937,-1.834,-1.968
A,109,ALA,0.0,1.0,C,-19.798,0.426,1.002
A,110,VAL,0.0,1.0,C,-21.639,3.787,0.764
A,111,ALA,0.0,1.0,C,-20.354,6.59,3.072
A,112,LEU,0.0,1.0,C,-22.184,9.88,3.718
A,113,ASP,0.0,1.0,C,-19.782,12.718,4.533
A,114,THR,0.0,1.0,C,-21.669,15.549,6.258
A,115,LYS,13.591786456490878,0.9458658143869105,C,-21.256,19.268,5.428
A,116,GLY,0.0,1.0,C,-20.987,20.026,9.152
A,117,PRO,0.0,1.0,C,-20.342,23.507,10.564
A,118,GLU,0.0,1.0,C,-18.67,24.817,7.368
A,119,ILE,0.0,1.0,C,-18.313,28.478,6.46
A,120,ARG,5.946406574714759,0.9763162937942734,C,-18.639,29.055,2.641
A,121,THR,0.0,1.0,C,-18.458,32.222,0.502
A,122,GLY,1.6989733070613597,0.9932332267983638,C,-21.21,33.407,-1.901
A,123,LEU,31.164599123610742,0.8758757578398098,C,-21.406,33.197,-5.733
A,124,ILE,0.0,1.0,C,-18.968,35.235,-7.851
A,125,LYS,152.18041946718128,0.3938866608531808,C,-21.086,37.718,-9.833
A,126,GLY,48.21017714523455,0.8079856031895125,C,-24.173,35.416,-9.918
A,127,SER,53.141522567203836,0.7883447436711777,C,-22.308,32.274,-11.138
A,128,GLY,50.71726861376412,0.7980002083085064,C,-20.973,29.148,-9.36
A,129,THR,128.33426096107283,0.48886257699644464,C,-18.006,28.772,-11.794
A,130,ALA,28.391201129021674,0.8869218143901137,C,-17.207,32.543,-12.186
A,131,GLU,101.04040557957948,0.597570187879558,C,-13.664,33.478,-10.922
A,132,VAL,16.140246417082917,0.9357156545844563,C,-12.089,36.765,-9.862
A,133,GLU,84.57835954380405,0.6631362161956009,C,-8.248,36.956,-9.672
A,134,LEU,9.199186475500403,0.9633609261189988,C,-7.49,38.634,-6.278
A,135,LYS,141.84196583178309,0.4350632765866993,C,-4.506,41.057,-5.947
A,136,LYS,161.14739198009892,0.3581724627265661,C,-1.803,40.732,-3.205
A,137,GLY,48.612577465047565,0.8063828989627166,C,-1.947,43.732,-0.805
A,138,ALA,25.842741168429633,0.897071974192568,C,-5.429,44.787,-2.134
A,139,THR,84.88326996039088,0.6619218006263368,C,-8.502,45.552,0.061
A,140,LEU,0.8494866535306799,0.996616613399182,C,-11.471,43.104,0.402
A,141,LYS,32.84126712283162,0.8691978235614939,C,-14.724,43.721,2.343
A,142,ILE,0.8494866535306799,0.996616613399182,C,-16.468,40.747,3.968
A,143,THR,19.538193031205637,0.922182108181184,C,-20.28,41.176,4.503
A,144,LEU,14.47967593861904,0.9423294746876887,C,-23.135,39.092,6.071
A,145,ASP,59.667490154652846,0.7623527269620526,C,-25.658,41.313,4.266
A,146,ASN,86.92781845934711,0.6537786497394567,C,-27.417,38.725,2.016
A,147,ALA,82.09773285178834,0.6730162055709661,C,-27.889,41.544,-0.598
A,148,TYR,114.99968297831667,0.5419723372109313,C,-24.375,40.56,-1.703
A,149,MET,74.86405240407984,0.7018269436792757,C,-24.741,36.777,-1.294
A,150,GLU,96.63332913964126,0.6151229573241335,C,-24.945,36.297,-5.106
A,151,LYS,46.76313443624987,0.8137489720335569,C,-22.969,39.47,-5.988
A,152,CYS,0.0,1.0,C,-19.463,38.375,-4.742
A,153,ASP,47.194563072182056,0.8120306520812006,C,-16.573,40.243,-6.439
A,154,GLU,28.613072968588796,0.8860381298660894,C,-12.935,41.549,-6.197
A,155,ASN,94.09047378034325,0.6252507947830379,C,-13.806,44.099,-3.398
A,156,ILE,24.285767849310535,0.903273181290813,C,-16.929,42.531,-1.833
A,157,LEU,0.0,1.0,C,-17.058,38.996,-0.384
A,158,TRP,2.5484599605920395,0.9898498401975457,C,-20.157,37.56,1.367
A,159,LEU,0.8494866535306799,0.996616613399182,C,-19.82,34.679,3.996
A,160,ASP,16.660996815341964,0.9336415785380376,C,-22.696,32.513,5.357
A,161,TYR,2.5484599605920395,0.9898498401975457,C,-21.513,32.68,9.058
A,162,LYS,158.86713606752912,0.36725440329497816,C,-23.871,35.068,10.929
A,163,ASN,72.89029027079428,0.7096881623661204,C,-21.731,35.17,14.104
A,164,ILE,3.622884648119749,0.9855705568488778,C,-18.46,36.023,12.165
A,165,CYS,8.225493814817396,0.9672390078849424,C,-17.945,39.487,13.813
A,166,LYS,82.46494733388113,0.6715536416175771,C,-18.502,38.368,17.457
A,167,VAL,29.501062981681873,0.8825013897660864,C,-15.739,35.622,17.219
A,168,VAL,1.2076282160399163,0.9951901856162926,C,-13.106,37.305,14.942
A,169,GLU,102.23059167320667,0.5928298430313822,C,-11.124,40.165,16.602
A,170,VAL,96.85288876701534,0.614248482018076,C,-8.999,42.858,14.876
A,171,GLY,36.535026101216346,0.8544860978596526,C,-5.79,41.358,13.378
A,172,SER,22.407560398176567,0.9107538190351633,C,-7.404,37.892,13.0
A,173,LYS,22.936139645328357,0.9086485617779116,C,-6.475,35.697,10.027
A,174,ILE,1.6989733070613597,0.9932332267983638,C,-9.346,34.717,7.609
A,175,TYR,32.570273340532964,0.8702771539172134,C,-8.557,31.883,5.099
A,176,VAL,0.0,1.0,C,-10.444,31.291,1.883
A,177,ASP,27.63596225509869,0.8899298252585925,C,-10.397,28.283,-0.487
A,178,ASP,26.342530860503928,0.8950813817090216,C,-8.536,25.496,1.32
A,179,GLY,0.0,1.0,C,-6.422,28.242,3.014
A,180,LEU,21.10396280975479,0.9159458660145873,C,-4.862,29.425,-0.315
A,181,ILE,2.5484599605920395,0.9898498401975457,C,-6.191,32.968,0.086
A,182,SER,0.8494866535306799,0.996616613399182,C,-5.449,34.744,3.39
A,183,LEU,0.0,1.0,C,-6.947,37.989,4.649
A,184,GLN,65.99249634323702,0.7371611114144703,C,-6.132,40.006,7.811
A,185,VAL,0.0,1.0,C,-8.926,41.543,9.964
A,186,LYS,115.50904824479912,0.5399436065529791,C,-7.963,45.206,9.535
A,187,GLN,92.45301285743916,0.6317725727567007,C,-11.389,46.791,10.221
A,188,LYS,88.70420060939293,0.6467035679363258,C,-13.818,45.035,12.664
A,189,GLY,27.44691377557627,0.8906827789275675,C,-17.492,46.094,12.518
A,190,ALA,92.12176332804465,0.6330918933306292,C,-21.011,44.708,13.001
A,191,ASP,68.6866256719907,0.7264307708801124,C,-22.595,42.675,10.094
A,192,PHE,111.92489315091282,0.5542187953031587,C,-19.244,43.211,8.157
A,193,LEU,0.0,1.0,C,-15.358,43.211,8.115
A,194,VAL,27.89985603800023,0.8888787732080425,C,-12.635,45.017,6.024
A,195,THR,0.0,1.0,C,-9.479,43.007,5.215
A,196,GLU,14.30806958150935,0.943012958821132,C,-6.332,43.158,3.07
A,197,VAL,0.0,1.0,C,-5.513,40.221,0.775
A,198,GLU,80.79492694471527,0.6782050993942386,C,-2.112,38.881,2.046
A,199,ASN,26.227322374711484,0.8955402410042331,C,-2.155,35.821,-0.173
A,200,GLY,2.142918048125441,0.9914650569487529,C,-3.966,36.882,-3.306
A,201,GLY,28.882546220043118,0.884964855572185,C,-5.104,34.44,-5.992
A,202,SER,46.85910380863172,0.8133667394378403,C,-8.047,33.215,-8.117
A,203,LEU,0.0,1.0,C,-11.138,33.539,-5.862
A,204,GLY,0.0,1.0,C,-14.118,31.46,-6.947
A,205,SER,6.428754144376322,0.9743951708462586,C,-17.637,30.825,-5.701
A,206,LYS,90.57515726468239,0.6392518090983169,C,-18.817,29.049,-2.563
A,207,LYS,60.557654149862195,0.758807328195157,C,-15.248,28.414,-1.183
A,208,GLY,0.8494866535306799,0.996616613399182,C,-14.498,27.124,2.336
A,209,VAL,0.0,1.0,C,-13.604,29.669,5.017
A,210,ASN,0.0,1.0,C,-11.392,28.964,8.068
A,211,LEU,3.3979466141227195,0.9864664535967277,C,-11.035,31.048,11.227
A,212,PRO,0.0,1.0,C,-8.091,29.256,12.955
A,213,GLY,60.95544261165974,0.7572229923541969,C,-7.852,31.699,15.894
A,214,ALA,9.78829792990156,0.9610145775413901,C,-11.552,31.732,16.629
A,215,ALA,88.03280456020893,0.6493776445533156,C,-13.956,29.663,18.786
A,216,VAL,12.105787998601679,0.9517843385336553,C,-16.593,29.043,16.047
A,217,ASP,56.78184933773632,0.773845830984524,C,-19.973,28.542,17.787
A,218,LEU,9.344353188837479,0.962782747391001,C,-21.857,26.792,14.855
A,219,PRO,60.04714534365385,0.7608406134119947,C,-23.889,23.635,15.786
A,220,ALA,13.591786456490876,0.9458658143869105,C,-22.238,20.178,15.632
A,221,VAL,18.176400580468762,0.9276059371628032,C,-25.303,18.913,13.752
A,222,SER,2.0571148695705963,0.9918067990154745,C,-26.994,21.664,11.649
A,223,GLU,115.46485231934844,0.5401196327463973,C,-30.508,21.556,10.152
A,224,LYS,25.84274116842963,0.897071974192568,C,-28.962,20.691,6.757
A,225,ASP,0.0,1.0,C,-26.939,17.874,8.524
A,226,ILE,60.76342846867234,0.7579877578462161,C,-30.334,16.538,9.954
A,227,GLN,54.532293068577424,0.7828054991643886,C,-31.94,16.474,6.49
A,228,ASP,0.0,1.0,C,-28.744,14.786,5.188
A,229,LEU,0.0,1.0,C,-28.419,12.14,7.909
A,230,LYS,43.07657598822715,0.8284320190294475,C,-32.159,11.392,7.588
A,231,PHE,0.0,1.0,C,-31.59,10.908,3.86
A,232,GLY,0.8494866535306799,0.996616613399182,C,-28.621,8.598,4.688
A,233,VAL,0.0,1.0,C,-30.887,6.405,6.875
A,234,GLU,53.123527524484075,0.7884164154110056,C,-33.468,6.25,4.002
A,235,GLN,4.491535016837327,0.9821108438491508,C,-30.722,5.434,1.488
A,236,ASP,2.142918048125441,0.9914650569487529,C,-29.28,2.617,3.722
A,237,VAL,0.0,1.0,C,-25.811,4.089,3.919
A,238,ASP,0.0,1.0,C,-23.109,2.003,5.676
A,239,MET,0.0,1.0,C,-21.285,4.806,7.512
A,240,VAL,0.0,1.0,C,-21.24,8.52,8.32
A,241,PHE,0.0,1.0,C,-18.111,10.675,8.109
A,242,ALA,0.0,1.0,C,-19.1,13.357,10.595
A,243,SER,0.0,1.0,C,-17.281,16.685,9.766
A,244,PHE,0.0,1.0,C,-15.703,18.986,12.463
A,245,ILE,0.0,1.0,C,-16.154,16.714,15.561
A,246,ARG,9.097109846999961,0.9637674830621711,C,-14.852,18.733,18.541
A,247,LYS,39.076386062411274,0.8443642163623679,C,-15.93,16.537,21.517
A,248,ALA,0.0,1.0,C,-17.591,13.234,22.555
A,249,SER,19.046847940184193,0.9241390669991127,C,-21.06,14.985,22.939
A,250,ASP,4.063863725718841,0.9838141988223111,C,-20.812,15.89,19.185
A,251,VAL,0.0,1.0,C,-20.502,12.077,18.392
A,252,HIS,6.561530416287644,0.973866341514539,C,-23.398,11.334,20.802
A,253,GLU,21.612750023188966,0.9139194376611269,C,-25.478,13.939,18.91
A,254,VAL,0.0,1.0,C,-24.842,12.253,15.549
A,255,ARG,20.242085714798353,0.9193786020116835,C,-25.643,8.851,17.197
A,256,LYS,56.51006387408896,0.7749283144963951,C,-28.973,10.18,18.638
A,257,VAL,23.294281207837592,0.9072221339950223,C,-29.813,11.789,15.253
A,258,LEU,1.2076282160399163,0.9951901856162926,C,-29.284,8.445,13.424
A,259,GLY,6.795893228245439,0.9729329071934553,C,-31.545,6.906,16.143
A,260,GLU,114.9092176762639,0.5423326478638792,C,-32.845,3.341,16.403
A,261,LYS,118.67774655980408,0.5273231240810489,C,-33.313,3.233,12.576
A,262,GLY,0.0,1.0,C,-29.65,4.074,11.983
A,263,LYS,82.64430714165987,0.6708392765738866,C,-28.172,2.256,15.076
A,264,ASN,44.83096698969784,0.8214445248971958,C,-25.98,-0.047,12.852
A,265,ILE,0.0,1.0,C,-24.555,2.793,10.729
A,266,LYS,5.096919921184079,0.9796996803950915,C,-20.87,3.368,11.614
A,267,ILE,0.0,1.0,C,-19.938,6.828,12.887
A,268,ILE,0.0,1.0,C,-16.425,7.948,11.726
A,269,SER,0.0,1.0,C,-15.528,11.225,13.443
A,270,LYS,0.8494866535306799,0.996616613399182,C,-13.583,13.618,11.254
A,271,ILE,0.0,1.0,C,-10.745,15.345,13.168
A,272,GLU,0.0,1.0,C,-10.154,18.675,11.554
A,273,ASN,0.0,1.0,C,-9.524,21.432,14.124
A,274,HIS,6.678711822266541,0.9733996243539971,C,-7.467,22.062,17.298
A,275,GLU,33.95247357714756,0.8647720435770183,C,-10.225,21.109,19.751
A,276,GLY,0.0,1.0,C,-10.846,17.763,18.117
A,277,VAL,0.0,1.0,C,-7.129,16.887,18.423
A,278,ARG,104.230755751153,0.5848634690893849,C,-7.08,18.022,22.094
A,279,ARG,62.24091949365561,0.7521031176155772,C,-10.268,16.026,22.84
A,280,PHE,0.0,1.0,C,-9.135,13.076,20.682
A,281,ASP,4.285836096250882,0.9829301138975057,C,-9.413,10.332,23.346
A,282,GLU,9.113383296945559,0.9637026681857205,C,-13.015,11.031,24.288
A,283,ILE,0.0,1.0,C,-13.947,11.362,20.575
A,284,LEU,0.0,1.0,C,-12.258,8.022,19.742
A,285,GLU,82.98821100626306,0.6694695555516292,C,-14.008,6.186,22.605
A,286,ALA,8.93881127637088,0.9643979641422081,C,-17.44,7.492,21.42
A,287,SER,2.142918048125441,0.9914650569487529,C,-16.866,6.809,17.652
A,288,ASP,0.0,1.0,C,-16.704,3.676,15.455
A,289,GLY,0.0,1.0,C,-13.544,5.106,13.933
A,290,ILE,0.0,1.0,C,-11.647,8.259,12.94
A,291,MET,0.0,1.0,C,-10.855,10.197,9.786
A,292,VAL,0.0,1.0,C,-7.638,12.289,9.762
A,293,ALA,0.8494866535306799,0.996616613399182,C,-9.275,15.145,7.813
A,294,ARG,0.0,1.0,C,-6.015,16.784,6.77
A,295,GLY,0.0,1.0,C,-7.54,19.484,4.555
A,296,ASP,1.0714590240627204,0.9957325284743764,C,-9.236,21.562,7.265
A,297,LEU,0.0,1.0,C,-6.822,20.267,9.923
A,298,GLY,0.0,1.0,C,-3.881,21.724,7.948
A,299,ILE,1.0714590240627204,0.9957325284743764,C,-5.628,25.142,7.876
A,300,GLU,0.0,1.0,C,-6.928,25.081,11.495
A,301,ILE,0.0,1.0,C,-3.534,24.058,12.989
A,302,PRO,16.00704288857071,0.9362461856194958,C,-0.11,25.029,11.401
A,303,ALA,0.0,1.0,C,0.544,22.913,8.293
A,304,GLU,0.0,1.0,C,3.89,21.706,9.716
A,305,LYS,4.247433267653399,0.9830830669959095,C,2.045,20.026,12.684
A,306,VAL,0.0,1.0,C,-0.368,17.875,10.59
A,307,PHE,0.0,1.0,C,1.992,14.85,10.395
A,308,LEU,0.0,1.0,C,2.224,14.894,14.238
A,309,ALA,0.0,1.0,C,-1.613,14.789,14.601
A,310,GLN,0.0,1.0,C,-1.899,12.146,11.756
A,311,LYS,0.8494866535306799,0.996616613399182,C,0.701,9.815,13.365
A,312,MET,0.0,1.0,C,-0.746,10.436,16.893
A,313,MET,0.0,1.0,C,-4.285,9.524,15.76
A,314,ILE,0.0,1.0,C,-3.269,6.502,13.627
A,315,GLY,0.0,1.0,C,-1.209,5.2,16.613
A,316,ARG,1.943075056245287,0.9922610036516051,C,-4.069,5.679,19.124
A,317,CYS,0.0,1.0,C,-6.596,4.069,16.747
A,318,ASN,0.0,1.0,C,-4.245,1.109,16.151
A,319,ARG,13.81375882702292,0.9449817294621051,C,-3.903,0.79,19.932
A,320,ALA,0.0,1.0,C,-7.757,0.988,20.346
A,321,GLY,0.0,1.0,C,-8.364,-1.399,17.387
A,322,LYS,17.347874633122835,0.930905840200749,C,-10.63,1.266,15.813
A,323,PRO,0.0,1.0,C,-10.571,2.088,12.078
A,324,VAL,0.0,1.0,C,-8.552,5.109,10.984
A,325,ILE,0.0,1.0,C,-8.826,6.823,7.577
A,326,CYS,0.0,1.0,C,-6.089,9.007,6.165
A,327,ALA,0.0,1.0,C,-7.748,11.628,3.958
A,328,THR,1.9209456775934002,0.9923491418735584,C,-7.127,14.696,1.715
A,329,GLN,1.6989733070613597,0.9932332267983638,C,-4.689,15.586,-1.086
A,330,MET,0.0,1.0,C,-3.034,12.156,-1.083
A,331,LEU,0.0,1.0,C,-2.679,12.204,-4.926
A,332,GLU,26.98200832832744,0.8925344323400507,C,-3.889,15.815,-5.483
A,333,SER,24.993254514898954,0.9004553607933861,C,-1.902,16.472,-8.694
A,334,MET,0.0,1.0,C,-3.7,13.515,-10.314
A,335,ILE,18.419333657185554,0.9266383686751254,C,-6.774,15.811,-10.697
A,336,LYS,154.56330492855847,0.38439596113730046,C,-4.88,17.226,-13.73
A,337,LYS,81.64245324443009,0.6748295206086532,C,-2.032,14.716,-14.399
A,338,PRO,24.143767861368268,0.9038387473942042,C,-2.087,10.902,-15.089
A,339,ARG,86.98378907406347,0.6535557266045448,C,0.932,10.289,-12.737
A,340,PRO,0.0,1.0,C,1.387,11.49,-9.097
A,341,THR,2.9066015231012763,0.9884234124146565,C,4.213,13.677,-7.72
A,342,ARG,6.795893228245439,0.9729329071934553,C,6.949,12.001,-5.619
A,343,ALA,0.0,1.0,C,5.533,13.675,-2.466
A,344,GLU,0.0,1.0,C,2.194,12.001,-3.21
A,345,GLY,0.0,1.0,C,3.717,8.533,-3.733
A,346,SER,0.0,1.0,C,5.589,9.049,-0.448
A,347,ASP,0.0,1.0,C,2.394,10.245,1.382
A,348,VAL,0.0,1.0,C,0.399,7.185,0.358
A,349,ALA,0.0,1.0,C,3.21,4.809,1.32
A,350,ASN,0.0,1.0,C,3.723,6.55,4.688
A,351,ALA,0.0,1.0,C,0.005,6.566,5.627
A,352,VAL,0.0,1.0,C,0.0,2.771,5.156
A,353,LEU,9.38275601743496,0.9626297942925972,C,3.365,2.463,7.059
A,354,ASP,0.0,1.0,C,1.924,4.666,9.829
A,355,GLY,0.0,1.0,C,-0.913,2.044,10.161
A,356,ALA,0.0,1.0,C,-3.944,3.673,8.44
A,357,ASP,0.0,1.0,C,-6.791,1.168,7.766
A,358,CYS,0.0,1.0,C,-7.955,3.208,4.804
A,359,ILE,0.0,1.0,C,-6.671,5.732,2.363
A,360,MET,0.0,1.0,C,-8.987,8.186,0.6
A,361,LEU,0.0,1.0,C,-9.417,10.033,-2.682
A,362,SER,0.0,1.0,C,-11.448,13.282,-2.914
A,363,GLY,0.0,1.0,C,-11.135,15.594,-5.947
A,364,GLU,0.0,1.0,C,-8.89,12.892,-7.585
A,365,THR,0.0,1.0,C,-12.002,10.713,-8.107
A,366,ALA,0.0,1.0,C,-14.884,13.235,-7.758
A,367,LYS,126.78765489771061,0.4950224927641321,C,-13.91,15.775,-10.438
A,368,GLY,5.135322749781562,0.9795467272966876,C,-10.424,14.914,-11.758
A,369,ASP,73.07570706920917,0.7089496731753648,C,-9.346,13.934,-15.267
A,370,TYR,58.267847795625514,0.7679273068377792,C,-7.815,10.587,-14.107
A,371,PRO,6.662689699733232,0.9734634382284948,C,-10.096,8.91,-11.461
A,372,LEU,27.408510946978787,0.8908357320259714,C,-9.225,5.268,-12.416
A,373,GLU,36.35280116093753,0.8552118743256062,C,-5.509,6.053,-12.536
A,374,ALA,0.0,1.0,C,-5.802,7.578,-9.021
A,375,VAL,0.0,1.0,C,-7.559,4.411,-7.685
A,376,ARG,35.31401470047214,0.8593492155973521,C,-5.006,2.092,-9.396
A,377,MET,0.0,1.0,C,-2.106,4.155,-7.963
A,378,GLN,0.0,1.0,C,-3.465,3.936,-4.397
A,379,HIS,7.398136539938602,0.9705342562638073,C,-3.761,0.172,-4.921
A,380,LEU,11.043326495898837,0.9560159741893648,C,-0.183,-0.212,-6.204
A,381,ILE,0.0,1.0,C,1.351,1.937,-3.431
A,382,ALA,0.0,1.0,C,-0.723,0.357,-0.58
A,383,ARG,3.3979466141227195,0.9864664535967277,C,0.4,-3.126,-1.561
A,384,GLU,0.0,1.0,C,4.072,-2.067,-1.883
A,385,ALA,0.0,1.0,C,3.893,-0.304,1.52
A,386,GLU,0.0,1.0,C,2.139,-3.283,3.189
A,387,ALA,0.0,1.0,C,5.137,-5.489,2.271
A,388,ALA,1.0714590240627204,0.9957325284743764,C,7.513,-2.816,3.697
A,389,ILE,0.0,1.0,C,5.842,-2.914,7.144
A,390,TYR,0.0,1.0,C,8.224,-4.084,9.883
A,391,HIS,0.0,1.0,C,5.719,-6.683,11.197
A,392,LEU,23.294281207837592,0.9072221339950223,C,8.294,-8.131,13.702
A,393,GLN,6.662689699733232,0.9734634382284948,C,8.29,-4.856,15.691
A,394,LEU,0.8494866535306799,0.996616613399182,C,4.661,-4.028,14.904
A,395,PHE,0.0,1.0,C,3.253,-7.356,16.18
A,396,GLU,20.118306964246912,0.9198715954734892,C,5.57,-7.362,19.279
A,397,GLU,1.6989733070613597,0.9932332267983638,C,4.423,-3.825,20.185
A,398,LEU,2.77043233112408,0.9889657552727402,C,0.687,-4.496,19.597
A,399,ARG,12.191591177156523,0.9514425964669335,C,0.892,-7.61,21.837
A,400,ARG,57.76750518324419,0.7699201015256221,C,2.825,-5.814,24.634
A,401,LEU,42.13956456336747,0.8321640045603647,C,0.381,-2.855,24.595
A,402,ALA,6.342950965821478,0.9747369129129803,C,-2.938,-4.818,24.325
A,403,PRO,72.92264867512625,0.7095592833646839,C,-4.583,-5.688,27.679
A,404,ILE,124.22596254886165,0.5052253553194068,C,-4.584,-9.275,28.91
A,405,THR,56.51599520101893,0.7749046908503066,C,-8.274,-10.27,29.062
A,406,SER,89.11874004321939,0.6450525153152047,C,-10.284,-13.468,29.597
A,407,ASP,60.79831271349779,0.757848818775153,C,-12.104,-12.812,26.215
A,408,PRO,46.09721732465374,0.8164012268079734,C,-11.87,-16.097,24.247
A,409,THR,6.1683789452468,0.9754322088694679,C,-12.219,-14.304,20.886
A,410,GLU,9.027580118390713,0.9640444102524421,C,-9.267,-11.94,21.593
A,411,ALA,0.0,1.0,C,-7.107,-14.973,22.584
A,412,THR,0.0,1.0,C,-8.224,-16.863,19.407
A,413,ALA,0.0,1.0,C,-7.675,-13.723,17.182
A,414,VAL,0.0,1.0,C,-4.08,-13.237,18.544
A,415,GLY,0.0,1.0,C,-3.353,-17.034,18.326
A,416,ALA,0.0,1.0,C,-4.528,-16.746,14.735
A,417,VAL,0.0,1.0,C,-2.221,-13.876,13.844
A,418,GLU,0.0,1.0,C,0.724,-15.584,15.565
A,419,ALA,0.0,1.0,C,-0.01,-18.85,13.693
A,420,SER,0.0,1.0,C,-0.355,-16.899,10.379
A,421,PHE,8.003521444285354,0.968123092809748,C,3.181,-15.432,10.848
A,422,LYS,0.8494866535306799,0.996616613399182,C,4.671,-18.834,11.756
A,423,CYS,6.428754144376322,0.9743951708462586,C,3.364,-20.793,8.677
A,424,CYS,39.502235229790685,0.842668118653366,C,3.387,-17.78,6.256
A,425,SER,4.285836096250882,0.9829301138975057,C,-0.348,-18.458,5.611
A,426,GLY,12.247813119285166,0.9512186723300687,C,-2.003,-17.215,2.396
A,427,ALA,0.0,1.0,C,-5.022,-15.941,4.441
A,428,ILE,0.0,1.0,C,-6.94,-15.853,7.71
A,429,ILE,0.0,1.0,C,-10.51,-16.993,7.017
A,430,VAL,0.0,1.0,C,-13.004,-15.695,9.623
A,431,LEU,2.5484599605920395,0.9898498401975457,C,-16.746,-16.485,9.815
A,432,THR,0.8494866535306799,0.996616613399182,C,-18.448,-13.407,11.214
A,433,LYS,11.892813149429518,0.9526325875885467,C,-22.032,-12.177,11.645
A,434,SER,1.9209456775934002,0.9923491418735584,C,-21.369,-8.568,12.878
A,435,GLY,0.0,1.0,C,-17.747,-8.335,11.659
A,436,ARG,63.09354773983988,0.7487072184903478,C,-16.357,-8.154,15.207
A,437,SER,2.77043233112408,0.9889657552727402,C,-14.328,-11.455,15.078
A,438,ALA,0.0,1.0,C,-12.702,-10.191,11.826
A,439,HIS,0.0,1.0,C,-12.097,-6.734,13.372
A,440,GLN,17.351757641642674,0.9308903747205766,C,-10.338,-8.476,16.332
A,441,VAL,0.0,1.0,C,-7.875,-10.204,13.919
A,442,ALA,0.0,1.0,C,-7.274,-6.903,11.97
A,443,ARG,1.6989733070613597,0.9932332267983638,C,-6.269,-5.13,15.28
A,444,TYR,0.0,1.0,C,-3.087,-7.367,15.448
A,445,ARG,0.0,1.0,C,-2.069,-6.558,11.874
A,446,PRO,0.0,1.0,C,-1.276,-9.877,10.096
A,447,ARG,11.043326495898837,0.9560159741893648,C,0.61,-9.765,6.796
A,448,ALA,3.3979466141227195,0.9864664535967277,C,-1.947,-12.26,5.215
A,449,PRO,0.0,1.0,C,-5.398,-11.033,4.031
A,450,ILE,0.0,1.0,C,-8.363,-11.617,6.353
A,451,ILE,0.0,1.0,C,-11.145,-13.195,4.299
A,452,ALA,1.6989733070613597,0.9932332267983638,C,-14.246,-12.336,6.342
A,453,VAL,0.0,1.0,C,-17.153,-14.684,5.374
A,454,THR,0.8494866535306799,0.996616613399182,C,-20.55,-13.235,6.277
A,455,ARG,26.188919546114,0.895693194102637,C,-24.215,-13.568,5.139
A,456,ASN,23.177099801858695,0.9076888511555642,C,-24.865,-10.026,6.429
A,457,PRO,19.763131065202664,0.9212862114333342,C,-24.548,-7.626,3.42
A,458,GLN,1.0714590240627204,0.9957325284743764,C,-24.058,-4.576,5.693
A,459,THR,1.6989733070613597,0.9932332267983638,C,-21.301,-6.435,7.645
A,460,ALA,0.0,1.0,C,-19.617,-7.232,4.287
A,461,ARG,0.0,1.0,C,-19.701,-3.494,3.308
A,462,GLN,0.0,1.0,C,-18.683,-2.103,6.753
A,463,ALA,1.6989733070613597,0.9932332267983638,C,-15.685,-4.5,6.903
A,464,HIS,0.0,1.0,C,-13.77,-2.262,4.368
A,465,LEU,0.8494866535306799,0.996616613399182,C,-13.091,0.086,7.324
A,466,TYR,0.0,1.0,C,-10.429,-2.387,8.613
A,467,ARG,0.0,1.0,C,-6.937,-3.027,7.334
A,468,GLY,0.0,1.0,C,-6.633,-6.438,5.706
A,469,ILE,0.0,1.0,C,-10.291,-7.451,5.913
A,470,PHE,3.3979466141227195,0.9864664535967277,C,-11.333,-8.707,2.42
A,471,PRO,0.0,1.0,C,-15.096,-9.301,2.97
A,472,VAL,0.0,1.0,C,-16.999,-11.995,1.043
A,473,LEU,0.0,1.0,C,-20.787,-12.096,1.028
A,474,CYS,1.0714590240627204,0.9957325284743764,C,-22.056,-15.656,1.191
A,475,LYS,76.73458180276845,0.6943768865445867,C,-25.332,-16.07,-0.706
A,476,ASP,46.03433520609949,0.8166516774965902,C,-25.62,-19.905,-0.341
A,477,PRO,92.91071777432595,0.6299495980501684,C,-28.735,-20.976,1.666
A,478,VAL,82.69591722577306,0.6706337208228575,C,-28.503,-21.99,5.346
A,479,GLN,35.02682286645158,0.8604930605289364,C,-27.748,-25.76,5.568
A,480,GLU,171.4434466810443,0.3171647160225025,C,-29.788,-27.746,8.103
A,481,ALA,25.595497826592116,0.8980567098637381,C,-26.701,-29.197,9.808
A,482,TRP,49.00381884775502,0.8048246392226299,C,-24.841,-26.215,11.349
A,483,ALA,60.27208337765089,0.759944716664145,C,-21.453,-27.946,10.987
A,484,GLU,63.24900631071012,0.7480880487323787,C,-22.138,-28.368,7.22
A,485,ASP,2.142918048125441,0.9914650569487529,C,-23.244,-24.705,6.958
A,486,VAL,9.344353188837479,0.962782747391001,C,-19.975,-23.645,8.653
A,487,ASP,28.48544890862937,0.8865464386577745,C,-17.858,-25.83,6.305
A,488,LEU,25.35139607740819,0.8990289330104968,C,-19.796,-24.449,3.303
A,489,ARG,3.3979466141227195,0.9864664535967277,C,-18.759,-20.877,4.254
A,490,VAL,0.0,1.0,C,-15.106,-21.921,4.849
A,491,ASN,25.596666499059253,0.8980520552046571,C,-15.102,-23.569,1.388
A,492,PHE,0.0,1.0,C,-16.639,-20.465,-0.14
A,493,ALA,0.0,1.0,C,-13.687,-18.408,1.242
A,494,MET,1.6989733070613597,0.9932332267983638,C,-11.26,-21.07,-0.117
A,495,ASN,6.431468480429025,0.9743843600251672,C,-12.851,-20.601,-3.545
A,496,VAL,0.0,1.0,C,-12.603,-16.795,-3.335
A,497,GLY,0.0,1.0,C,-8.928,-16.922,-2.291
A,498,LYS,26.188919546114,0.895693194102637,C,-8.067,-19.386,-5.087
A,499,ALA,41.8552629945882,0.8332963379694905,C,-9.938,-17.273,-7.703
A,500,ARG,59.12879497915649,0.7644982745479088,C,-8.251,-14.027,-6.558
A,501,GLY,7.819951902350796,0.9688542246361496,C,-4.841,-15.747,-6.545
A,502,PHE,13.668592113685841,0.9455599081901028,C,-4.294,-15.216,-2.762
A,503,PHE,2.77043233112408,0.9889657552727402,C,-3.396,-18.929,-2.489
A,504,LYS,64.83618918478614,0.7417665211993945,C,-3.467,-22.296,-4.349
A,505,LYS,150.6961426020662,0.39979832813654825,C,-4.317,-25.94,-3.442
A,506,GLY,52.14983486380107,0.7922944971769492,C,-1.855,-27.32,-0.853
A,507,ASP,32.377706277238524,0.8710441216135291,C,-1.04,-23.897,0.73
A,508,VAL,7.154034790754675,0.971506479410566,C,-2.024,-23.397,4.362
A,509,VAL,0.0,1.0,C,-4.559,-20.957,5.707
A,510,ILE,0.0,1.0,C,-5.803,-20.043,9.19
A,511,VAL,0.0,1.0,C,-9.561,-20.595,9.791
A,512,LEU,0.8494866535306799,0.996616613399182,C,-11.57,-18.999,12.612
A,513,THR,5.096919921184079,0.9796996803950915,C,-14.938,-20.282,13.701
A,514,GLY,8.93881127637088,0.9643979641422081,C,-16.983,-20.593,16.889
A,515,TRP,73.81925921846079,0.7059882088976961,C,-18.388,-23.413,18.973
A,516,ARG,66.21601437735461,0.7362708703276545,C,-22.11,-22.512,18.45
A,517,PRO,51.552278808347054,0.7946744794201757,C,-24.206,-20.228,16.098
A,518,GLY,11.120132153093802,0.9557100679925572,C,-24.709,-16.538,16.829
A,519,SER,22.201861477590125,0.9115730890835181,C,-22.337,-13.625,17.477
A,520,GLY,28.63061562196644,0.8859682599297767,C,-19.718,-13.656,20.275
A,521,PHE,52.759907024386976,0.7898646650364682,C,-18.581,-17.353,20.234
A,522,THR,2.142918048125441,0.9914650569487529,C,-15.42,-17.328,18.026
A,523,ASN,4.247433267653399,0.9830830669959095,C,-12.961,-19.621,19.947
A,524,THR,1.6989733070613597,0.9932332267983638,C,-11.672,-22.044,17.298
A,525,MET,0.0,1.0,C,-8.504,-21.606,15.211
A,526,ARG,13.699543084509008,0.9454366347996026,C,-7.621,-24.197,12.564
A,527,VAL,2.142918048125441,0.9914650569487529,C,-4.568,-24.489,10.348
A,528,VAL,2.0571148695705963,0.9918067990154745,C,-6.014,-26.009,7.16
A,529,PRO,64.24717826134989,0.7441124693762221,C,-4.62,-26.886,3.695
A,530,VAL,1.0714590240627204,0.9957325284743764,C,-6.288,-25.277,0.688
A,531,PRO,80.7306373926522,0.6784611556937916,C,-8.288,-28.073,-1.074
B,14,GLN,121.52064915026116,0.5160002404406691,C,5.841,19.917,27.602
B,15,THR,71.09047183955269,0.7168565876013595,C,8.426,20.866,24.847
B,16,GLN,22.20186147759012,0.9115730890835181,C,10.292,19.15,21.929
B,17,GLN,0.8494866535306799,0.996616613399182,C,8.135,15.912,22.051
B,18,LEU,58.65891324914437,0.7663697477990594,C,9.95,14.965,25.284
B,19,HIS,122.24690997354746,0.5131076450973601,C,6.868,12.939,26.422
B,20,ALA,0.0,1.0,C,6.989,10.958,23.094
B,21,ALA,9.518925209412156,0.9620874514345134,C,10.855,10.734,23.596
B,22,MET,70.58113170581149,0.7188852181591163,C,10.339,8.729,26.864
B,23,ALA,0.8494866535306799,0.996616613399182,C,8.038,6.04,25.301
B,24,ASP,71.0066290148137,0.7171905218528485,C,9.031,2.343,25.648
B,25,THR,18.55550284916275,0.9260960258170415,C,7.621,1.436,22.202
B,26,PHE,32.780634384617336,0.8694393152826321,C,7.556,3.079,18.772
B,27,LEU,0.8494866535306799,0.996616613399182,C,3.744,2.7,18.817
B,28,GLU,36.05698879667551,0.8563900536241751,C,3.424,4.524,22.161
B,29,HIS,0.8494866535306799,0.996616613399182,C,5.927,7.115,20.819
B,30,MET,0.0,1.0,C,3.502,7.754,17.913
B,31,CYS,1.0714590240627204,0.9957325284743764,C,0.541,7.901,20.445
B,32,ARG,60.92867624225116,0.7573295990621812,C,2.36,10.657,22.358
B,33,LEU,3.3979466141227195,0.9864664535967277,C,3.119,12.955,19.41
B,34,ASP,30.62836695675481,0.8780114956065274,C,1.762,16.307,20.468
B,35,ILE,0.0,1.0,C,0.832,19.349,18.296
B,36,ASP,52.76538596197483,0.7898428431938949,C,0.896,21.439,21.566
B,37,SER,4.247433267653399,0.9830830669959095,C,4.538,20.455,22.358
B,38,PRO,75.92098470371236,0.69761733006653,C,6.565,23.221,20.602
B,39,PRO,26.487697573841007,0.8945032029810238,C,9.96,22.462,18.966
B,40,ILE,49.9865090297979,0.8009107215867722,C,13.296,23.973,20.063
B,41,THR,65.06670668733595,0.7408484022081903,C,14.785,26.871,18.108
B,42,ALA,1.9209456775934002,0.9923491418735584,C,17.467,24.676,16.486
B,43,ARG,14.929476608389411,0.940537981492575,C,16.695,23.176,13.021
B,44,ASN,1.6989733070613597,0.9932332267983638,C,19.057,20.312,12.063
B,45,THR,0.0,1.0,C,18.064,19.323,8.526
B,46,GLY,0.0,1.0,C,19.961,21.018,5.718
B,47,ILE,0.0,1.0,C,17.968,23.017,3.212
B,48,ILE,0.0,1.0,C,19.16,22.967,-0.435
B,49,CYS,0.0,1.0,C,17.576,25.533,-2.794
B,50,THR,3.3979466141227195,0.9864664535967277,C,17.773,25.538,-6.574
B,51,ILE,8.571672192501763,0.9658602277950115,C,18.512,29.084,-7.777
B,52,GLY,4.605574830162636,0.9816566392130203,C,16.728,30.386,-10.891
B,53,PRO,111.65526910301111,0.555292670198235,C,14.758,33.447,-12.092
B,54,ALA,31.865953400339357,0.8730823617900337,C,12.454,33.495,-8.993
B,55,SER,0.0,1.0,C,15.432,33.443,-6.612
B,56,ARG,33.256899830901546,0.8675424165818776,C,18.503,34.899,-8.491
B,57,SER,60.76046280520733,0.7579995696692605,C,18.548,38.571,-7.347
B,58,VAL,39.30132409640831,0.8434683196145181,C,20.864,39.581,-4.46
B,59,GLU,115.55300540920815,0.539768531311416,C,17.814,40.949,-2.614
B,60,THR,36.48169442432901,0.854698510474059,C,15.756,37.74,-2.946
B,61,LEU,0.0,1.0,C,18.891,35.7,-2.018
B,62,LYS,64.55784407567808,0.7428751308622366,C,19.295,37.775,1.195
B,63,GLU,56.956421358311,0.7731505350280363,C,15.728,36.719,2.168
B,64,MET,0.0,1.0,C,16.444,33.057,1.032
B,65,ILE,8.533269363904282,0.9660131808934153,C,19.32,32.932,3.56
B,66,LYS,140.70331442404537,0.4395983659844319,C,17.235,34.58,6.322
B,67,SER,12.289357540536237,0.9510532067072536,C,14.478,32.027,5.635
B,68,GLY,11.043326495898839,0.9560159741893648,C,16.894,29.122,6.121
B,69,MET,1.0714590240627204,0.9957325284743764,C,18.565,28.234,2.784
B,70,ASN,1.943075056245287,0.9922610036516051,C,21.911,26.59,3.543
B,71,VAL,0.0,1.0,C,23.017,25.516,-0.024
B,72,ALA,0.0,1.0,C,22.496,27.157,-3.396
B,73,ARG,16.628449915450773,0.9337712082909388,C,22.018,24.498,-6.085
B,74,LEU,0.8494866535306799,0.996616613399182,C,22.948,25.481,-9.662
B,75,ASN,42.7568372543154,0.829705493713933,C,21.375,23.194,-12.254
B,76,PHE,0.0,1.0,C,23.703,22.794,-15.243
B,77,SER,30.25278327183284,0.8795073929249482,C,21.04,21.235,-17.504
B,78,HIS,129.1347136364663,0.4856744858766382,C,20.412,24.84,-18.58
B,79,GLY,42.37953197661927,0.8312082478957312,C,22.207,28.182,-18.739
B,80,THR,77.3950199767767,0.6917464536127436,C,25.633,29.466,-19.777
B,81,HIS,57.58099511058587,0.7706629450748727,C,28.794,29.739,-17.639
B,82,GLU,134.38804717268732,0.46475119270633924,C,28.28,33.571,-17.729
B,83,TYR,76.4122292637689,0.6956607716493823,C,24.744,33.099,-16.288
B,84,HIS,4.247433267653399,0.9830830669959095,C,25.995,30.663,-13.634
B,85,ALA,24.0993331748759,0.9040157245394778,C,28.995,32.883,-12.747
B,86,GLU,88.92562005961793,0.6458216852158167,C,26.581,35.768,-12.128
B,87,THR,0.0,1.0,C,24.275,33.597,-9.941
B,88,ILE,1.6989733070613597,0.9932332267983638,C,27.329,32.462,-7.906
B,89,LYS,148.00720318437624,0.4105079979805787,C,28.453,36.114,-7.605
B,90,ASN,14.479675938619039,0.9423294746876887,C,24.939,37.064,-6.347
B,91,VAL,0.0,1.0,C,24.874,34.197,-3.83
B,92,ARG,80.41929299431084,0.67970119691305,C,28.254,35.439,-2.504
B,93,THR,60.87567129099979,0.7575407103740488,C,27.089,39.089,-2.425
B,94,ALA,0.0,1.0,C,23.947,38.143,-0.418
B,95,THR,2.0571148695705963,0.9918067990154745,C,25.913,35.795,1.937
B,96,GLU,86.42204717486038,0.6557930660694822,C,28.689,38.293,2.703
B,97,SER,52.77438348333472,0.7898070073239809,C,26.207,41.14,3.481
B,98,PHE,56.69946421198857,0.7741739594246861,C,25.795,39.31,6.865
B,99,ALA,22.793938595456268,0.9092149286828651,C,29.611,38.864,7.451
B,100,SER,117.31737410894661,0.5327412974016341,C,29.635,42.154,9.493
B,101,ASP,56.5214741386068,0.7748828690077332,C,28.333,40.158,12.55
B,102,PRO,47.304845540693655,0.811591412424266,C,30.344,36.908,12.847
B,103,ILE,48.51247375673357,0.8067815980405587,C,28.037,35.707,15.663
B,104,LEU,85.21497187912749,0.6606006782488931,C,24.986,35.851,13.362
B,105,TYR,5.357295120313602,0.9786626423718822,C,26.628,35.167,9.916
B,106,ARG,19.538193031205637,0.922182108181184,C,25.338,31.933,8.253
B,107,PRO,0.8494866535306799,0.996616613399182,C,27.76,30.186,5.833
B,108,VAL,3.214377072188161,0.9871975854231293,C,26.057,29.382,2.433
B,109,ALA,0.0,1.0,C,27.37,26.561,0.199
B,110,VAL,0.8494866535306799,0.996616613399182,C,27.339,26.481,-3.614
B,111,ALA,0.0,1.0,C,26.457,23.149,-5.317
B,112,LEU,0.0,1.0,C,26.971,22.407,-9.043
B,113,ASP,0.0,1.0,C,24.402,19.884,-10.32
B,114,THR,5.31889229171612,0.978815595470286,C,25.683,18.327,-13.579
B,115,LYS,49.125059191442354,0.8043417558805486,C,23.639,17.789,-16.751
B,116,GLY,1.0714590240627204,0.9957325284743764,C,24.966,14.24,-17.112
B,117,PRO,11.034328974538957,0.9560518100592789,C,24.375,11.645,-19.885
B,118,GLU,51.693926937912124,0.7941103147195184,C,21.135,12.785,-21.515
B,119,ILE,8.003521444285356,0.968123092809748,C,19.396,11.059,-24.494
B,120,ARG,63.467711424882424,0.7472169768329608,C,17.706,13.493,-26.999
B,121,THR,1.9209456775934002,0.9923491418735584,C,15.39,13.55,-30.143
B,122,GLY,0.0,1.0,C,14.558,15.768,-33.25
B,123,LEU,64.51951664530428,0.7430277836600545,C,13.17,19.268,-34.157
B,124,ILE,46.02885626851163,0.8166734993391636,C,10.081,21.72,-34.567
B,125,LYS,251.0758461138545,0.0,C,10.911,24.771,-36.854
B,130,ALA,88.70820928161889,0.646687601955177,C,5.929,22.77,-30.307
B,131,GLU,140.1546415502812,0.44178365334781844,C,3.224,20.654,-28.53
B,132,VAL,47.97076265228978,0.8089391576498496,C,1.776,18.18,-31.148
B,133,GLU,82.24459602515834,0.6724312700797863,C,-0.974,15.454,-31.032
B,134,LEU,15.811510161811285,0.9370249651388557,C,0.086,11.871,-30.139
B,135,LYS,161.39932257817557,0.3571690583689744,C,-1.798,8.889,-31.602
B,136,LYS,177.74471499553792,0.2920676451093721,C,-2.531,6.741,-28.456
B,137,GLY,39.12072021793873,0.8441876396178755,C,-1.935,3.334,-30.06
B,138,ALA,63.39589461682136,0.7475030131410034,C,-0.169,4.042,-33.438
B,139,THR,55.25762398043824,0.7799166075283054,C,3.535,3.471,-34.415
B,140,LEU,1.2076282160399163,0.9951901856162926,C,6.708,5.626,-34.555
B,141,LYS,55.57467351103852,0.7786538435647161,C,9.842,4.906,-36.658
B,142,ILE,1.6989733070613597,0.9932332267983638,C,13.01,5.452,-34.55
B,143,THR,16.536790808189636,0.9341362737031632,C,16.358,5.555,-36.499
B,144,LEU,43.97174139894104,0.8248667003236889,C,19.795,7.204,-35.908
B,145,ASP,124.26929139473998,0.505052782582726,C,20.457,8.641,-39.47
B,146,ASN,22.55100551873948,0.9101824971705428,C,17.967,11.61,-39.028
B,147,ALA,103.68115296596338,0.5870524601599971,C,15.091,11.526,-41.578
B,148,TYR,28.34973210599429,0.8870869797123431,C,12.154,13.544,-40.056
B,149,MET,87.65294830927809,0.6508905589049359,C,14.668,15.934,-38.397
B,150,GLU,97.92469964945528,0.6099796090897183,C,12.995,19.393,-38.964
B,151,LYS,50.39491607476458,0.799284093413302,C,9.376,18.385,-38.107
B,152,CYS,0.0,1.0,C,8.169,16.456,-35.004
B,153,ASP,78.0838581483734,0.6890029074602223,C,4.74,14.947,-35.844
B,154,GLU,29.521470767559595,0.8824201084075105,C,3.126,11.66,-34.665
B,155,ASN,59.85457828035942,0.7616075811083103,C,4.821,9.564,-37.468
B,156,ILE,29.024546207985374,0.8843992894687938,C,8.694,9.74,-37.454
B,157,LEU,3.1507032722852033,0.9874511892678977,C,11.367,10.558,-34.734
B,158,TRP,52.13535840485332,0.7923521548894366,C,15.222,10.224,-34.542
B,159,LEU,3.978060547163997,0.9841559408890329,C,17.677,9.828,-31.513
B,160,ASP,77.69027942073167,0.6905704765184711,C,21.259,10.761,-30.328
B,161,TYR,2.5484599605920395,0.9898498401975457,C,21.961,7.426,-28.52
B,162,LYS,187.27146905384285,0.25412391533305245,C,24.283,5.284,-30.736
B,163,ASN,77.42220103641554,0.691638195251537,C,24.373,2.063,-28.539
B,164,ILE,0.0,1.0,C,20.49,1.979,-28.148
B,165,CYS,21.541272507134487,0.914204122616533,C,20.077,-1.615,-29.558
B,166,LYS,96.32430951986356,0.6163537392753276,C,22.829,-3.253,-27.391
B,167,VAL,23.40948969363004,0.9067632746998108,C,21.064,-2.007,-24.143
B,168,VAL,2.0571148695705963,0.9918067990154745,C,17.341,-2.338,-25.233
B,169,GLU,122.73292692342841,0.5111719075208329,C,15.657,-5.601,-26.482
B,170,VAL,90.28193357276693,0.6404196780767709,C,12.18,-6.394,-28.048
B,171,GLY,50.92124594157641,0.7971877951235289,C,9.755,-5.771,-25.156
B,172,SER,29.91550188454344,0.8808507375457464,C,11.836,-3.107,-23.335
B,173,LYS,33.75739323973024,0.865549021292863,C,9.905,0.166,-22.679
B,174,ILE,1.6989733070613597,0.9932332267983638,C,11.089,3.737,-23.646
B,175,TYR,68.76343132918568,0.7261248646833047,C,10.046,7.039,-21.998
B,176,VAL,2.9066015231012763,0.9884234124146565,C,9.873,10.491,-23.719
B,177,ASP,42.99453015448601,0.8287587961169732,C,9.612,14.059,-22.19
B,178,ASP,71.79469124878139,0.7140517801293204,C,10.125,13.172,-18.45
B,179,GLY,12.327760369133719,0.9509002536088498,C,8.258,9.862,-18.887
B,180,LEU,71.89255814312601,0.7136619899688593,C,5.177,11.473,-20.549
B,181,ILE,0.0,1.0,C,5.157,9.37,-23.736
B,182,SER,20.74582124724555,0.9173722937974765,C,5.387,5.597,-23.281
B,183,LEU,0.8494866535306799,0.996616613399182,C,6.658,3.323,-26.076
B,184,GLN,76.70394499121063,0.6944989086826459,C,7.277,-0.475,-26.183
B,185,VAL,0.0,1.0,C,10.036,-1.946,-28.454
B,186,LYS,130.8724793296142,0.478753208023571,C,8.577,-4.464,-30.946
B,187,GLN,133.88677464888053,0.4667476911014079,C,11.483,-4.668,-33.49
B,188,LYS,93.34989986092721,0.6282003971875648,C,15.317,-4.071,-33.748
B,189,GLY,26.85897099364225,0.8930244728460952,C,18.01,-2.945,-34.803
B,190,ALA,97.60326445551058,0.6112598405373858,C,20.252,-2.425,-36.958
B,191,ASP,31.164599123610742,0.8758757578398098,C,19.697,1.403,-36.589
B,192,PHE,138.75032450138534,0.4473768518598691,C,15.844,1.083,-36.815
B,193,LEU,2.992404701656121,0.9880816703479348,C,13.187,0.576,-34.032
B,194,VAL,38.79647015697643,0.8454790822874155,C,9.479,-0.413,-34.64
B,195,THR,10.270645499563123,0.9590934545933752,C,7.14,0.676,-31.819
B,196,GLU,16.00704288857071,0.9362461856194958,C,3.647,0.895,-30.285
B,197,VAL,5.357295120313602,0.9786626423718822,C,2.408,4.068,-28.462
B,198,GLU,88.28910825525942,0.6483568227617432,C,1.264,3.406,-24.838
B,199,ASN,44.116103864558795,0.8242917248019405,C,0.628,7.036,-23.74
B,200,GLY,36.539336366337075,0.8544689306761603,C,-0.894,10.075,-25.474
B,201,GLY,20.69842089728819,0.9175610827657944,C,0.532,13.521,-24.73
B,202,SER,40.56183159999345,0.8384478944199196,C,2.254,16.687,-26.003
B,203,LEU,3.3979466141227195,0.9864664535967277,C,5.197,15.637,-28.28
B,204,GLY,3.2647430856105126,0.9869969846317672,C,7.934,18.289,-28.226
B,205,SER,21.75791673652604,0.9133412589331291,C,11.287,18.71,-30.041
B,206,LYS,115.71788875803912,0.5391118239802131,C,14.827,17.546,-28.93
B,207,LYS,67.22034384959542,0.7322707664236517,C,13.112,15.977,-25.888
B,208,GLY,18.197361286653514,0.9275224535999308,C,14.231,13.745,-22.961
B,209,VAL,13.06320720933909,0.9479710716441622,C,14.471,9.943,-23.332
B,210,ASN,10.942418539865537,0.9564178764734561,C,14.531,7.362,-20.506
B,211,LEU,2.5484599605920395,0.9898498401975457,C,15.369,3.639,-20.844
B,212,PRO,28.062464873750038,0.8882311249445132,C,13.77,1.892,-17.843
B,213,GLY,50.583889156063314,0.7985314400449129,C,15.65,-1.174,-16.61
B,214,ALA,12.986401552144125,0.9482769778409699,C,18.489,-0.622,-19.203
B,215,ALA,63.61066645699137,0.7466476069221487,C,22.162,-0.258,-18.139
B,216,VAL,7.597979531818757,0.9697383095609551,C,22.886,2.809,-20.35
B,217,ASP,73.59997605124022,0.7068615831016055,C,26.469,2.999,-21.816
B,218,LEU,32.32482698969329,0.8712547324244202,C,26.782,6.785,-22.271
B,219,PRO,80.92617011941162,0.6776823761744317,C,29.877,8.479,-20.713
B,220,ALA,7.683782710373601,0.9693965674942333,C,29.545,9.214,-17.001
B,221,VAL,11.969618806624482,0.952326681391739,C,31.254,12.52,-17.666
B,222,SER,23.652422770346828,0.905795706212133,C,30.172,14.052,-21.031
B,223,GLU,145.5628556043242,0.42024349272404204,C,32.21,16.745,-22.869
B,224,LYS,79.96264365255563,0.6815199674113803,C,29.825,19.409,-21.494
B,225,ASP,1.0714590240627204,0.9957325284743764,C,30.133,17.844,-17.964
B,226,ILE,60.76342846867233,0.7579877578462162,C,33.946,18.133,-18.287
B,227,GLN,129.74024933726045,0.48326272182140695,C,33.715,21.913,-19.073
B,228,ASP,1.0714590240627204,0.9957325284743764,C,31.137,22.421,-16.332
B,229,LEU,0.0,1.0,C,33.18,20.532,-13.708
B,230,LYS,51.7357478193167,0.7939437479945551,C,36.291,22.578,-14.649
B,231,PHE,14.685374859205485,0.9415102046393338,C,34.175,25.77,-14.343
B,232,GLY,0.8494866535306799,0.996616613399182,C,33.076,24.561,-10.861
B,233,VAL,17.916025381339242,0.9286429751860125,C,36.735,24.278,-9.766
B,234,GLU,123.40784155638441,0.5084838168765025,C,37.426,27.842,-11.155
B,235,GLN,47.85764018401932,0.8093897086288521,C,34.345,29.151,-9.321
B,236,ASP,70.30527473808509,0.7199839179026246,C,35.366,27.474,-5.993
B,237,VAL,0.0,1.0,C,32.115,25.468,-5.65
B,238,ASP,0.0,1.0,C,31.669,23.429,-2.434
B,239,MET,0.0,1.0,C,30.103,20.284,-3.914
B,240,VAL,0.0,1.0,C,29.087,18.484,-7.1
B,241,PHE,0.0,1.0,C,25.746,16.728,-7.492
B,242,ALA,1.6989733070613597,0.9932332267983638,C,26.739,14.202,-10.145
B,243,SER,5.096919921184079,0.9796996803950915,C,23.911,13.189,-12.489
B,244,PHE,27.683714463433255,0.8897396348875406,C,22.986,9.593,-13.537
B,245,ILE,0.8494866535306799,0.996616613399182,C,25.601,7.746,-11.439
B,246,ARG,0.0,1.0,C,25.306,4.053,-12.332
B,247,LYS,52.06278761455539,0.7926411942033378,C,28.507,2.568,-10.798
B,248,ALA,15.515697797549267,0.9382031444374246,C,31.638,3.329,-8.68
B,249,SER,54.097773105474104,0.7845361314407656,C,33.777,3.958,-11.844
B,250,ASP,1.0714590240627204,0.9957325284743764,C,31.364,6.816,-12.697
B,251,VAL,0.0,1.0,C,32.21,8.495,-9.314
B,252,HIS,99.63721950403891,0.6031588818828205,C,35.952,7.864,-9.897
B,253,GLU,80.90762215638483,0.6777562501185561,C,35.626,9.613,-13.301
B,254,VAL,2.9066015231012763,0.9884234124146565,C,34.08,12.752,-11.706
B,255,ARG,74.08633229312777,0.7049244941724419,C,36.807,12.65,-9.008
B,256,LYS,81.08571276073152,0.6770469401347279,C,39.586,12.435,-11.662
B,257,VAL,51.34774856022776,0.7954890948094495,C,37.979,15.296,-13.662
B,258,LEU,2.142918048125441,0.9914650569487529,C,37.872,17.534,-10.524
B,259,GLY,28.479969971041506,0.8865682605003478,C,41.592,16.603,-10.088
B,260,GLU,139.07942518140482,0.44606608985263785,C,44.122,17.906,-7.515
B,261,LYS,166.83053309044286,0.3355373060665071,C,42.609,21.412,-7.793
B,262,GLY,0.0,1.0,C,39.149,20.118,-6.858
B,263,LYS,115.84506042865647,0.5386053169920431,C,40.239,17.352,-4.437
B,264,ASN,77.94609302732819,0.689551606680707,C,38.287,18.976,-1.525
B,265,ILE,4.247433267653399,0.9830830669959095,C,35.025,19.413,-3.48
B,266,LYS,40.77535936947263,0.8375974431607317,C,32.404,16.942,-2.188
B,267,ILE,0.0,1.0,C,30.988,14.475,-4.732
B,268,ILE,0.0,1.0,C,27.273,13.654,-4.103
B,269,SER,0.0,1.0,C,26.154,10.844,-6.428
B,270,LYS,17.839219724144275,0.9289488813828202,C,22.639,11.24,-7.783
B,271,ILE,0.0,1.0,C,20.726,7.899,-7.827
B,272,GLU,7.636382360416238,0.9695853564625512,C,18.521,8.295,-10.92
B,273,ASN,0.8494866535306799,0.996616613399182,C,17.805,4.717,-12.243
B,274,HIS,46.1603633369909,0.8161497250673061,C,17.621,0.923,-11.503
B,275,GLU,26.227322374711484,0.8955402410042331,C,21.413,0.398,-12.066
B,276,GLY,0.0,1.0,C,22.267,3.068,-9.46
B,277,VAL,5.31889229171612,0.978815595470286,C,19.97,1.382,-6.889
B,278,ARG,170.6321115286988,0.32039615052686976,C,21.347,-2.071,-7.674
B,279,ARG,100.59788083839481,0.5993327020681352,C,25.026,-0.846,-7.536
B,280,PHE,0.0,1.0,C,24.244,1.427,-4.556
B,281,ASP,76.75498958864615,0.694295605186011,C,26.856,0.011,-2.141
B,282,GLU,61.368185054488364,0.7555790968970391,C,29.819,0.55,-4.475
B,283,ILE,0.0,1.0,C,28.541,4.03,-5.42
B,284,LEU,11.043326495898839,0.9560159741893648,C,28.121,4.984,-1.726
B,285,GLU,133.55600264156936,0.46806510977162585,C,31.66,3.773,-0.858
B,286,ALA,12.153188348559041,0.9515955495653374,C,33.159,5.883,-3.715
B,287,SER,4.285836096250882,0.9829301138975057,C,31.058,9.059,-2.984
B,288,ASP,26.970045143502567,0.892582080033009,C,31.01,11.784,-0.324
B,289,GLY,0.0,1.0,C,27.218,11.486,-0.156
B,290,ILE,0.0,1.0,C,24.054,10.51,-2.045
B,291,MET,1.2867963509103797,0.9948748700011276,C,21.113,12.316,-3.587
B,292,VAL,0.0,1.0,C,17.806,10.364,-3.835
B,293,ALA,4.247433267653399,0.9830830669959095,C,16.949,11.939,-7.238
B,294,ARG,0.0,1.0,C,13.247,10.964,-7.134
B,295,GLY,13.816724490487907,0.9449699176390608,C,12.359,12.765,-10.41
B,296,ASP,47.93000991238741,0.8091014701165131,C,14.312,10.562,-12.822
B,297,LEU,0.0,1.0,C,14.153,7.582,-10.413
B,298,GLY,2.142918048125441,0.9914650569487529,C,10.296,7.73,-10.479
B,299,ILE,15.195959063637513,0.93947661912191,C,10.422,7.511,-14.33
B,300,GLU,4.285836096250882,0.9829301138975057,C,13.033,4.714,-14.532
B,301,ILE,4.963716392671873,0.980230211430131,C,11.419,2.497,-11.829
B,302,PRO,67.69252522542997,0.7303901340046319,C,7.634,2.225,-11.053
B,303,ALA,0.0,1.0,C,6.486,5.339,-9.137
B,304,GLU,7.500213168439043,0.970127699320635,C,5.028,3.135,-6.334
B,305,LYS,27.541714475490995,0.8903052009909318,C,8.581,1.762,-5.593
B,306,VAL,0.0,1.0,C,10.365,5.12,-5.118
B,307,PHE,0.0,1.0,C,9.66,5.238,-1.335
B,308,LEU,0.0,1.0,C,11.362,1.781,-1.029
B,309,ALA,0.0,1.0,C,14.543,3.045,-2.797
B,310,GLN,0.0,1.0,C,14.397,6.366,-0.785
B,311,LYS,1.6989733070613597,0.9932332267983638,C,14.137,4.539,2.607
B,312,MET,4.247433267653399,0.9830830669959095,C,16.771,1.934,1.513
B,313,MET,0.0,1.0,C,19.295,4.671,0.504
B,314,ILE,0.0,1.0,C,18.636,6.91,3.555
B,315,GLY,0.0,1.0,C,19.063,3.85,5.826
B,316,ARG,26.457865010002514,0.8946220219128336,C,22.342,2.748,4.146
B,317,CYS,0.0,1.0,C,23.714,6.31,4.217
B,318,ASN,4.46940563818544,0.9821989820711041,C,22.817,6.681,7.912
B,319,ARG,87.7578146720549,0.6504728908400863,C,24.536,3.321,8.497
B,320,ALA,34.85835810199548,0.8611640321379684,C,27.655,4.573,6.528
B,321,GLY,15.54213744132188,0.9380978390319791,C,27.537,8.052,8.141
B,322,LYS,56.379826009041736,0.7754470337083904,C,27.416,9.622,4.655
B,323,PRO,0.8494866535306799,0.996616613399182,C,25.182,12.61,3.785
B,324,VAL,0.0,1.0,C,21.92,11.794,2.078
B,325,ILE,0.0,1.0,C,19.735,14.402,0.217
B,326,CYS,0.0,1.0,C,16.055,13.782,-0.399
B,327,ALA,0.0,1.0,C,15.191,15.605,-3.645
B,328,THR,32.62963687531519,0.8700407172559373,C,12.362,16.449,-6.125
B,329,GLN,27.06324991434927,0.8922108584587742,C,8.689,17.564,-5.814
B,330,MET,0.0,1.0,C,8.819,17.835,-2.009
B,331,LEU,0.0,1.0,C,6.636,21.01,-2.068
B,332,GLU,44.25855624184317,0.8237243568950341,C,5.766,20.986,-5.802
B,333,SER,24.99325451489895,0.9004553607933862,C,2.367,22.783,-5.534
B,334,MET,0.0,1.0,C,4.145,25.745,-3.905
B,335,ILE,20.97075928124258,0.9164763970496268,C,5.351,26.677,-7.442
B,336,LYS,177.94338931495093,0.29127635306560096,C,1.818,28.126,-7.874
B,337,LYS,56.310220882208796,0.7757242611992474,C,0.332,28.245,-4.299
B,338,PRO,4.247433267653399,0.9830830669959095,C,1.556,29.951,-1.055
B,339,ARG,30.816196498327635,0.8772633967970239,C,0.745,26.831,1.084
B,340,PRO,0.0,1.0,C,1.746,23.178,0.348
B,341,THR,2.9066015231012763,0.9884234124146565,C,-0.631,20.225,-0.098
B,342,ARG,0.0,1.0,C,-0.995,17.855,2.907
B,343,ALA,0.0,1.0,C,0.927,15.133,0.918
B,344,GLU,1.0714590240627204,0.9957325284743764,C,3.82,17.602,0.602
B,345,GLY,0.0,1.0,C,3.901,18.473,4.297
B,346,SER,0.0,1.0,C,3.832,14.721,5.017
B,347,ASP,0.0,1.0,C,6.659,14.05,2.485
B,348,VAL,0.0,1.0,C,8.999,16.619,4.045
B,349,ALA,0.0,1.0,C,8.247,15.357,7.585
B,350,ASN,0.0,1.0,C,8.813,11.696,6.541
B,351,ALA,0.0,1.0,C,12.112,12.423,4.725
B,352,VAL,0.0,1.0,C,13.328,13.897,8.055
B,353,LEU,17.954428209936722,0.9284900220876086,C,11.915,10.964,10.055
B,354,ASP,1.0714590240627204,0.9957325284743764,C,13.503,8.562,7.521
B,355,GLY,4.247433267653399,0.9830830669959095,C,16.884,10.028,8.445
B,356,ALA,0.0,1.0,C,17.693,12.473,5.533
B,357,ASP,2.992404701656121,0.9880816703479348,C,20.523,14.97,6.198
B,358,CYS,0.0,1.0,C,19.177,17.523,3.721
B,359,ILE,0.0,1.0,C,15.938,18.271,1.964
B,360,MET,1.6989733070613597,0.9932332267983638,C,15.852,19.994,-1.403
B,361,LEU,0.0,1.0,C,13.836,22.559,-3.388
B,362,SER,22.444794554306913,0.9106055205958404,C,13.907,22.607,-7.202
B,363,GLY,14.194029768184041,0.9434671634572626,C,11.128,24.405,-9.147
B,364,GLU,0.0,1.0,C,9.734,25.682,-5.786
B,365,THR,0.0,1.0,C,12.729,28.077,-5.474
B,366,ALA,16.365184451079948,0.9348197578366065,C,14.06,28.206,-9.083
B,367,LYS,148.04695061462948,0.4103496895217267,C,10.901,29.338,-10.874
B,368,GLY,5.357295120313602,0.9786626423718822,C,7.939,29.369,-8.513
B,369,ASP,101.59955880643601,0.5953431587347355,C,5.752,32.212,-7.265
B,370,TYR,32.57323900399795,0.8702653420941692,C,6.525,31.561,-3.567
B,371,PRO,10.551981404877393,0.9579729330072937,C,10.278,30.702,-3.17
B,372,LEU,35.41203239126414,0.8589588248357193,C,10.628,32.207,0.348
B,373,GLU,49.00030026398301,0.8048386532499705,C,7.415,30.522,1.571
B,374,ALA,0.0,1.0,C,8.756,27.176,0.227
B,375,VAL,0.0,1.0,C,12.094,27.662,2.127
B,376,ARG,103.50448236149612,0.5877561144827914,C,10.237,28.732,5.335
B,377,MET,2.5484599605920395,0.9898498401975457,C,7.948,25.694,5.081
B,378,GLN,0.0,1.0,C,10.881,23.27,4.788
B,379,HIS,37.681518924217414,0.8499197772009892,C,12.417,24.898,7.916
B,380,LEU,38.94318253389907,0.8448947473974074,C,9.157,24.698,9.907
B,381,ILE,0.0,1.0,C,8.46,21.046,8.969
B,382,ALA,0.0,1.0,C,12.064,19.815,9.473
B,383,ARG,49.3497458980271,0.8034468601346517,C,12.16,21.256,13.005
B,384,GLU,0.0,1.0,C,8.758,19.727,13.938
B,385,ALA,0.0,1.0,C,9.861,16.353,12.471
B,386,GLU,14.124500039574794,0.9437440906475336,C,13.27,16.434,14.226
B,387,ALA,3.642048363306647,0.9854942304499689,C,11.479,16.669,17.622
B,388,ALA,1.0714590240627204,0.9957325284743764,C,9.293,13.674,16.573
B,389,ILE,6.304548137223996,0.974889866011384,C,12.315,11.412,15.989
B,390,TYR,11.892813149429518,0.9526325875885467,C,12.347,8.379,18.29
B,391,HIS,4.979738515205182,0.9801663975556333,C,15.995,8.973,19.294
B,392,LEU,48.040292380899025,0.8086622304595785,C,15.792,6.211,21.927
B,393,GLN,22.28632005448923,0.9112367023772445,C,15.489,3.529,19.181
B,394,LEU,11.892813149429518,0.9526325875885467,C,17.556,5.458,16.64
B,395,PHE,10.193839842368158,0.959399360790183,C,20.62,5.848,18.902
B,396,GLU,28.89099082109597,0.8849312219065674,C,20.412,2.182,20.17
B,397,GLU,7.23983796930952,0.9711647373438443,C,20.297,0.926,16.564
B,398,LEU,1.9209456775934002,0.9923491418735584,C,23.096,3.202,15.203
B,399,ARG,28.370240422836922,0.887005297952986,C,25.414,2.164,18.065
B,400,ARG,68.2373150906743,0.7282203121214179,C,24.581,-1.638,17.7
B,401,LEU,44.33284862491526,0.8234284607177554,C,25.278,-1.47,13.949
B,402,ALA,12.733302281600317,0.9492850368576427,C,28.469,0.735,14.041
B,403,PRO,90.85063724129037,0.6381546108577381,C,31.821,-1.133,13.816
B,404,ILE,93.91085007878158,0.6259662108787791,C,34.12,-1.288,16.815
B,405,THR,54.45888033144834,0.783097891834832,C,37.298,0.537,15.701
B,406,SER,86.79225245315939,0.6543185901928534,C,40.414,1.917,17.378
B,407,ASP,60.747946700075445,0.7580494195665151,C,39.652,5.426,15.919
B,408,PRO,43.5487573640617,0.8265513866104277,C,39.781,7.871,18.888
B,409,THR,4.46940563818544,0.9821989820711041,C,37.507,10.473,17.21
B,410,GLU,31.208480889796085,0.8757009828988326,C,34.776,7.847,16.506
B,411,ALA,0.0,1.0,C,34.873,6.799,20.189
B,412,THR,0.0,1.0,C,34.881,10.475,21.351
B,413,ALA,0.0,1.0,C,31.969,11.294,19.05
B,414,VAL,0.0,1.0,C,29.782,8.348,20.21
B,415,GLY,0.0,1.0,C,30.742,9.244,23.853
B,416,ALA,0.0,1.0,C,29.72,12.866,23.298
B,417,VAL,0.0,1.0,C,26.408,11.816,21.762
B,418,GLU,6.428754144376322,0.9743951708462586,C,25.689,9.508,24.733
B,419,ALA,0.0,1.0,C,26.574,12.295,27.275
B,420,SER,5.3572951203136014,0.9786626423718822,C,24.429,14.794,25.292
B,421,PHE,23.116642992833015,0.9079296421753353,C,21.433,12.476,25.816
B,422,LYS,11.892813149429518,0.9526325875885467,C,22.228,11.89,29.503
B,423,CYS,7.500213168439043,0.970127699320635,C,22.502,15.646,30.517
B,424,CYS,57.14748045713172,0.772389573343438,C,19.928,16.916,27.895
B,425,SER,7.500213168439043,0.970127699320635,C,22.619,19.322,26.573
B,426,GLY,19.24354933941076,0.9233556328206718,C,21.741,22.479,24.592
B,427,ALA,0.0,1.0,C,24.496,21.711,21.985
B,428,ILE,0.0,1.0,C,27.556,19.718,21.067
B,429,ILE,0.0,1.0,C,30.365,22.201,20.32
B,430,VAL,0.0,1.0,C,33.036,20.705,18.008
B,431,LEU,16.314818437657596,0.9350203586279686,C,36.274,22.438,16.877
B,432,THR,6.526520507756036,0.9740057810865786,C,36.963,21.14,13.373
B,433,LYS,100.84166842831338,0.5983617301738174,C,39.395,21.932,10.559
B,434,SER,30.081176914723155,0.8801908770583916,C,38.093,19.625,7.776
B,435,GLY,0.8494866535306799,0.996616613399182,C,34.62,19.035,9.286
B,436,ARG,139.4207403736614,0.44470667915049555,C,35.331,15.285,9.919
B,437,SER,8.755241734436321,0.9651290959686097,C,35.043,15.507,13.733
B,438,ALA,0.0,1.0,C,31.616,17.235,13.366
B,439,HIS,18.44146303583744,0.9265502304531721,C,30.564,14.676,10.68
B,440,GLN,29.339446889210603,0.8831450840719017,C,31.454,11.872,13.142
B,441,VAL,0.0,1.0,C,29.085,13.366,15.786
B,442,ALA,0.0,1.0,C,26.303,13.84,13.189
B,443,ARG,40.77221777681904,0.8376099556851431,C,26.433,10.083,12.28
B,444,TYR,1.0714590240627204,0.9957325284743764,C,25.068,9.306,15.833
B,445,ARG,5.455061483693316,0.9782732526122022,C,22.135,11.641,15.441
B,446,PRO,4.285836096250882,0.9829301138975057,C,22.059,13.663,18.702
B,447,ARG,27.89374878188165,0.8889030975554981,C,18.891,15.654,19.421
B,448,ALA,7.039994977429366,0.9719606840466966,C,21.03,18.761,20.349
B,449,PRO,0.8494866535306799,0.996616613399182,C,22.541,20.942,17.536
B,450,ILE,0.0,1.0,C,26.204,20.402,16.653
B,451,ILE,0.0,1.0,C,27.904,23.809,16.619
B,452,ALA,0.0,1.0,C,30.93,23.189,14.413
B,453,VAL,0.0,1.0,C,33.582,25.946,15.002
B,454,THR,0.0,1.0,C,36.006,26.22,12.084
B,455,ARG,61.994530665019866,0.7530844498801075,C,38.386,28.841,10.566
B,456,ASN,65.34753993782564,0.7397298826260145,C,38.079,27.031,7.196
B,457,PRO,60.04714534365386,0.7608406134119947,C,35.376,28.825,5.125
B,458,GLN,28.08459425240192,0.88814298672256,C,34.904,25.776,2.814
B,459,THR,5.135322749781562,0.9795467272966876,C,34.53,23.463,5.845
B,460,ALA,0.0,1.0,C,31.854,25.893,7.211
B,461,ARG,39.91644793798119,0.8410183673347837,C,29.971,25.684,3.839
B,462,GLN,8.127727451437682,0.9676283976446224,C,30.32,21.888,3.321
B,463,ALA,0.8494866535306799,0.996616613399182,C,29.024,21.182,6.925
B,464,HIS,0.0,1.0,C,25.423,21.904,5.725
B,465,LEU,0.0,1.0,C,25.473,18.397,4.083
B,466,TYR,10.676187412029721,0.9574782378421681,C,25.146,16.8,7.575
B,467,ARG,5.096919921184079,0.9796996803950915,C,22.167,16.578,9.835
B,468,GLY,0.8494866535306799,0.996616613399182,C,22.479,18.78,12.914
B,469,ILE,0.0,1.0,C,25.736,20.508,12.02
B,470,PHE,14.799414672530794,0.9410560000032032,C,25.291,24.259,12.568
B,471,PRO,0.0,1.0,C,28.625,25.617,11.208
B,472,VAL,0.8494866535306799,0.996616613399182,C,30.161,28.827,12.575
B,473,LEU,6.6626896997332326,0.9734634382284948,C,33.068,30.521,10.799
B,474,CYS,2.142918048125441,0.9914650569487529,C,35.562,31.875,13.314
B,475,LYS,124.03332008734351,0.5059926233163083,C,37.248,35.051,12.006
B,476,ASP,56.54908245484654,0.7747729089432067,C,39.217,35.906,15.248
B,477,PRO,110.391795935961,0.5603249072158777,C,43.043,35.797,14.749
B,478,VAL,105.58169085767906,0.5794828833921313,C,45.156,32.809,15.868
B,479,GLN,64.55118389925248,0.7429016574139884,C,46.273,33.3,19.532
B,480,GLU,196.380303324626,0.2178447016541205,C,49.931,32.417,20.208
B,481,ALA,44.53144754610459,0.8226374689745701,C,49.04,30.136,23.146
B,482,TRP,83.56636458548849,0.6671668506591673,C,47.185,27.198,21.502
B,483,ALA,66.70983504338709,0.7343040516404895,C,45.154,26.538,24.673
B,484,GLU,102.96135125717286,0.5899193297531165,C,43.931,30.197,24.561
B,485,ASP,2.142918048125441,0.9914650569487529,C,43.113,29.89,20.837
B,486,VAL,9.344353188837477,0.962782747391001,C,41.074,26.722,21.574
B,487,ASP,85.76160900085213,0.6584234990013252,C,39.185,28.454,24.464
B,488,LEU,54.21163698961082,0.7840826275060021,C,38.541,31.469,22.204
B,489,ARG,16.140246417082917,0.9357156545844563,C,36.807,29.239,19.616
B,490,VAL,9.344353188837479,0.962782747391001,C,34.77,27.421,22.329
B,491,ASN,68.76472566535895,0.7261197095232472,C,33.672,30.827,23.689
B,492,PHE,10.437941591552086,0.9584271376434241,C,32.773,31.971,20.162
B,493,ALA,0.0,1.0,C,30.42,28.948,19.868
B,494,MET,2.5484599605920395,0.9898498401975457,C,28.989,29.766,23.345
B,495,ASN,54.31148937051251,0.783684929430113,C,28.227,33.289,22.06
B,496,VAL,0.0,1.0,C,26.568,31.97,18.869
B,497,GLY,0.0,1.0,C,24.454,29.465,20.842
B,498,LYS,83.26399257576577,0.6683711561087069,C,23.365,32.149,23.349
B,499,ALA,60.05262428124171,0.7608187915694213,C,22.518,34.66,20.529
B,500,ARG,84.36615124323937,0.663981412194536,C,20.524,32.027,18.554
B,501,GLY,44.63765851053716,0.8222144455492725,C,18.7,30.966,21.723
B,502,PHE,26.709669944373044,0.8936191180562183,C,20.052,27.354,21.651
B,503,PHE,14.12450003957479,0.9437440906475336,C,21.038,27.72,25.323
B,504,LYS,157.13272559533527,0.37416231777197384,C,21.585,30.22,28.189
B,505,LYS,158.59776334703972,0.36832727718810143,C,24.245,30.824,30.92
B,506,GLY,56.48307131000931,0.7750358221061371,C,24.313,27.903,33.407
B,507,ASP,49.35844182649224,0.8034122254670812,C,23.043,25.253,30.896
B,508,VAL,16.723326013589183,0.9333933300537173,C,25.381,22.34,30.146
B,509,VAL,0.0,1.0,C,26.89,21.691,26.693
B,510,ILE,0.0,1.0,C,29.225,19.008,25.315
B,511,VAL,0.0,1.0,C,32.578,20.342,23.996
B,512,LEU,0.0,1.0,C,34.835,18.378,21.633
B,513,THR,8.494866535306798,0.966166133991819,C,38.467,19.274,21.141
B,514,GLY,15.773107333213801,0.9371779182372596,C,41.754,17.542,20.355
B,515,TRP,159.22480010795505,0.3658298774157992,C,45.058,17.042,22.102
B,516,ARG,111.3625857650321,0.5564583870224901,C,47.186,19.011,19.563
B,517,PRO,61.4797115936908,0.7551349022804376,C,46.625,21.397,16.572
B,518,GLY,24.35674271054043,0.9029904983393128,C,45.896,19.918,13.105
B,519,SER,44.01914174889839,0.8246779113553712,C,43.174,17.58,11.744
B,520,GLY,58.89536207862415,0.7654280051617667,C,42.709,14.047,13.035
B,521,PHE,69.39149853249134,0.7236233608029957,C,43.315,14.551,16.787
B,522,THR,7.500213168439043,0.970127699320635,C,39.788,15.047,18.305
B,523,ASN,4.247433267653399,0.9830830669959095,C,39.862,12.838,21.454
B,524,THR,12.742299802960197,0.9492492009877287,C,38.609,15.124,24.235
B,525,MET,0.0,1.0,C,34.972,15.42,25.393
B,526,ARG,47.80278797628764,0.8096081773050735,C,34.087,17.98,28.106
B,527,VAL,1.0714590240627204,0.9957325284743764,C,30.754,18.643,29.825
B,528,VAL,26.4258207649359,0.894749649661829,C,30.92,22.42,30.363
B,529,PRO,76.49813297328865,0.6953186291818796,C,28.488,25.061,31.755
B,530,VAL,2.142918048125441,0.9914650569487529,C,27.509,27.933,29.42
B,531,PRO,85.42498106483465,0.659764241017046,C,29.328,31.047,30.825
C,14,GLN,120.22093457035922,0.5211768219399207,C,0.278,-10.501,43.554
C,15,THR,80.51459634905012,0.6793216169725086,C,0.766,-14.196,42.499
C,16,GLN,3.2647430856105126,0.9869969846317672,C,3.353,-16.077,40.283
C,17,GLN,0.8494866535306799,0.996616613399182,C,5.7,-13.036,39.788
C,18,LEU,68.35844233702609,0.7277378792302155,C,3.076,-11.372,37.529
C,19,HIS,123.68575940889158,0.5073769089169804,C,4.415,-7.899,38.487
C,20,ALA,0.0,1.0,C,7.946,-9.034,37.384
C,21,ALA,10.146439492410796,0.9595881497585008,C,6.291,-10.619,34.237
C,22,MET,67.6774958461752,0.7304499939214155,C,5.037,-7.135,33.124
C,23,ALA,0.0,1.0,C,8.501,-5.43,33.271
C,24,ASP,85.37954106869316,0.6599452221701311,C,9.824,-3.742,30.087
C,25,THR,5.946406574714759,0.9763162937942734,C,13.477,-4.663,30.872
C,26,PHE,72.6650380775319,0.7105853103664113,C,15.231,-7.72,32.243
C,27,LEU,4.247433267653399,0.9830830669959095,C,16.81,-5.471,34.913
C,28,GLU,33.41076247270376,0.8669296031863093,C,13.399,-4.183,36.07
C,29,HIS,0.8494866535306799,0.996616613399182,C,12.127,-7.787,35.928
C,30,MET,3.7812209178606757,0.9849399256185479,C,14.891,-8.737,38.437
C,31,CYS,5.31889229171612,0.978815595470286,C,13.968,-5.65,40.628
C,32,ARG,65.78149441425131,0.7380015026040314,C,10.361,-6.911,40.785
C,33,LEU,4.46940563818544,0.9821989820711041,C,11.064,-10.472,41.911
C,34,ASP,57.119030194060805,0.7725028867645068,C,9.002,-10.891,45.043
C,35,ILE,5.762837032780201,0.977047425620675,C,9.423,-13.414,47.911
C,36,ASP,69.4293484407818,0.7234726099088882,C,5.787,-12.585,48.851
C,37,SER,3.3979466141227195,0.9864664535967277,C,4.439,-13.417,45.38
C,38,PRO,64.29457861130726,0.7439236804079042,C,3.54,-17.194,45.684
C,39,PRO,25.194266179246245,0.8996547594314529,C,3.96,-19.616,42.724
C,40,ILE,67.20118013440853,0.7323470928225607,C,1.182,-21.504,40.946
C,41,THR,67.23175411411327,0.7322253209349898,C,0.585,-25.136,41.982
C,42,ALA,1.6989733070613597,0.9932332267983638,C,1.923,-26.43,38.628
C,43,ARG,15.978806253800247,0.9363586481889047,C,5.62,-27.465,38.49
C,44,ASN,1.6989733070613597,0.9932332267983638,C,7.024,-27.622,34.931
C,45,THR,0.0,1.0,C,10.6,-28.856,35.341
C,46,GLY,1.2076282160399163,0.9951901856162926,C,11.12,-32.629,35.115
C,47,ILE,0.0,1.0,C,12.635,-34.379,38.143
C,48,ILE,0.0,1.0,C,15.005,-37.289,37.458
C,49,CYS,0.0,1.0,C,16.052,-39.392,40.495
C,50,THR,6.6626896997332326,0.9734634382284948,C,18.812,-41.97,40.607
C,51,ILE,7.500213168439043,0.970127699320635,C,17.536,-45.121,42.318
C,52,GLY,5.096919921184079,0.9796996803950915,C,19.843,-46.993,44.708
C,53,PRO,117.82364804825794,0.5307248790677027,C,19.792,-48.5,48.236
C,54,ALA,28.959351877238078,0.8846589493753773,C,18.299,-45.304,49.852
C,55,SER,0.0,1.0,C,15.415,-45.247,47.328
C,56,ARG,42.239969864576196,0.8317641042801792,C,14.921,-48.881,45.993
C,57,SER,51.327340774350034,0.7955703761680253,C,12.042,-50.201,48.16
C,58,VAL,45.247730671123065,0.8197846134087915,C,8.482,-50.089,46.735
C,59,GLU,136.64445211383102,0.45576424722325803,C,7.457,-48.081,49.841
C,60,THR,31.904356228936837,0.8729294086916299,C,10.19,-45.423,49.414
C,61,LEU,0.0,1.0,C,9.46,-45.274,45.64
C,62,LYS,78.6409756231904,0.6867839864312183,C,5.782,-44.535,46.404
C,63,GLU,54.54413058969616,0.7827583519724067,C,6.891,-41.49,48.444
C,64,MET,0.0,1.0,C,9.387,-40.385,45.724
C,65,ILE,8.533269363904282,0.9660131808934153,C,6.548,-40.285,43.184
C,66,LYS,143.17927899256318,0.42973694519529304,C,4.29,-38.377,45.654
C,67,SER,10.995926145941477,0.9562047631576827,C,7.206,-35.948,46.272
C,68,GLY,11.401468058408074,0.9545895464064755,C,7.535,-35.296,42.531
C,69,MET,1.0714590240627204,0.9957325284743764,C,9.871,-37.912,40.937
C,70,ASN,1.943075056245287,0.9922610036516051,C,9.1,-38.213,37.199
C,71,VAL,0.0,1.0,C,12.043,-40.353,35.929
C,72,ALA,0.0,1.0,C,13.822,-43.221,37.653
C,73,ARG,17.477936568981452,0.9303878216901207,C,17.486,-43.266,36.627
C,74,LEU,0.8494866535306799,0.996616613399182,C,19.329,-46.619,36.764
C,75,ASN,34.68964201012709,0.8618360047489535,C,23.105,-46.181,36.814
C,76,PHE,0.0,1.0,C,24.816,-49.062,35.024
C,77,SER,14.962023508280604,0.9404083517396739,C,28.296,-48.252,36.463
C,78,HIS,107.52966679846395,0.5717243675056547,C,27.306,-50.667,39.239
C,79,GLY,43.42572002937651,0.8270414271164722,C,25.002,-53.652,39.745
C,80,THR,90.71743371277816,0.6386851418927775,C,23.902,-56.746,37.855
C,81,HIS,64.86823342985275,0.7416388934503991,C,21.044,-57.115,35.367
C,82,GLU,132.6027177667641,0.4718619101789935,C,19.153,-59.077,38.064
C,83,TYR,77.81655887903537,0.6900675230872342,C,19.584,-56.127,40.501
C,84,HIS,3.3979466141227195,0.9864664535967277,C,18.442,-53.648,37.812
C,85,ALA,24.457474737385137,0.9025892967565885,C,15.486,-55.866,36.762
C,86,GLU,76.69562605386392,0.694532041847287,C,14.314,-55.888,40.408
C,87,THR,0.8494866535306799,0.996616613399182,C,14.671,-52.056,40.702
C,88,ILE,0.8494866535306799,0.996616613399182,C,12.647,-51.659,37.463
C,89,LYS,147.07208928147935,0.41423242594675125,C,10.017,-54.08,38.872
C,90,ASN,27.482350940708763,0.890541637652208,C,9.844,-52.015,42.126
C,91,VAL,0.0,1.0,C,9.532,-48.726,40.193
C,92,ARG,79.95321887459487,0.6815575049846143,C,6.631,-50.283,38.218
C,93,THR,57.34452114836486,0.7716047878123607,C,5.032,-51.704,41.418
C,94,ALA,0.0,1.0,C,5.16,-48.251,43.132
C,95,THR,3.7560881766319563,0.9850400258138383,C,3.875,-46.47,39.954
C,96,GLU,83.70198085715865,0.6666267100053798,C,0.968,-48.884,39.386
C,97,SER,50.669868263806755,0.7981889972768242,C,-0.194,-48.708,43.069
C,98,PHE,47.97965964268475,0.8089037221807167,C,-1.691,-45.325,42.016
C,99,ALA,27.177541055086863,0.8917556528206909,C,-3.349,-46.714,38.782
C,100,SER,120.44594800257994,0.5202806248914851,C,-6.63,-47.216,40.835
C,101,ASP,61.52062769641116,0.7549719391625047,C,-7.353,-43.424,40.486
C,102,PRO,51.685482336859266,0.794143948385136,C,-6.662,-42.391,36.857
C,103,ILE,34.33760770373643,0.8632381081843872,C,-7.131,-38.706,37.818
C,104,LEU,87.49405911923013,0.6515233923395622,C,-4.271,-38.873,40.333
C,105,TYR,4.285836096250882,0.9829301138975057,C,-2.03,-41.51,38.606
C,106,ARG,17.347874633122835,0.930905840200749,C,1.37,-40.131,37.628
C,107,PRO,0.0,1.0,C,3.288,-41.819,34.737
C,108,VAL,3.214377072188161,0.9871975854231293,C,6.939,-42.616,35.781
C,109,ALA,0.0,1.0,C,9.684,-43.105,33.163
C,110,VAL,0.0,1.0,C,12.635,-45.507,33.436
C,111,ALA,0.0,1.0,C,16.064,-44.28,32.248
C,112,LEU,0.0,1.0,C,19.124,-46.491,31.674
C,113,ASP,0.0,1.0,C,22.406,-44.617,32.265
C,114,THR,3.3979466141227195,0.9864664535967277,C,25.336,-46.466,30.61
C,115,LYS,39.79266918742974,0.8415113607965894,C,28.72,-47.095,32.271
C,116,GLY,2.142918048125441,0.9914650569487529,C,30.526,-46.015,29.1
C,117,PRO,15.367565420747203,0.9387931349884667,C,34.294,-45.6,28.797
C,118,GLU,31.79759234419724,0.8733546343212238,C,34.948,-45.281,32.571
C,119,ILE,9.566325559369519,0.9618986624661955,C,38.381,-45.559,34.21
C,120,ARG,44.77554929528851,0.8216652458278113,C,38.516,-46.942,37.799
C,121,THR,0.0,1.0,C,41.199,-47.83,40.372
C,122,GLY,4.46940563818544,0.9821989820711041,C,41.103,-51.141,42.288
C,123,LEU,22.444794554306913,0.9106055205958404,C,40.932,-52.144,45.947
C,124,ILE,0.8494866535306799,0.996616613399182,C,42.751,-50.468,48.798
C,125,LYS,133.50071061086618,0.46828533020126495,C,44.414,-53.413,50.606
C,126,GLY,49.76101807549385,0.8018088205389184,C,41.804,-56.021,49.528
C,127,SER,39.78070600260488,0.8415590084895476,C,38.899,-53.953,50.852
C,128,GLY,55.99461648422918,0.7769812694016075,C,36.024,-51.937,49.295
C,129,THR,133.20021099036504,0.46948217818625537,C,35.993,-49.474,52.209
C,130,ALA,27.89985603800023,0.8888787732080425,C,39.718,-49.084,53.154
C,131,GLU,98.43554774767021,0.607944972520244,C,41.406,-45.726,52.613
C,132,VAL,6.795893228245439,0.9729329071934553,C,44.97,-44.459,52.761
C,133,GLU,116.45285807616119,0.5361845439192359,C,46.06,-40.813,52.92
C,134,LEU,4.913350379249521,0.9804308122214931,C,48.062,-39.14,50.201
C,135,LYS,184.44950203682924,0.2653634155107555,C,50.401,-36.317,51.147
C,136,LYS,159.2235560372642,0.3658348323754662,C,51.309,-33.397,48.923
C,137,GLY,57.99847507513611,0.7690001807309026,C,54.628,-34.213,47.205
C,138,ALA,40.39491249912292,0.8391127098669413,C,54.651,-38.004,47.723
C,139,THR,93.24196730372047,0.6286302774762398,C,55.491,-40.517,44.974
C,140,LEU,0.0,1.0,C,52.625,-42.765,43.87
C,141,LYS,101.33301351933484,0.5964047713558887,C,53.27,-45.464,41.267
C,142,ILE,0.0,1.0,C,50.507,-46.356,38.818
C,143,THR,11.709243607494958,0.9533637194149484,C,50.482,-49.961,37.716
C,144,LEU,18.632308506357717,0.9257901196202338,C,48.48,-51.998,35.193
C,145,ASP,77.92538364855574,0.6896340892416263,C,49.804,-55.297,36.6
C,146,ASN,81.94486295326465,0.6736250650088205,C,46.661,-57.24,37.614
C,147,ALA,77.65656384837334,0.6907047609304533,C,48.566,-58.588,40.663
C,148,TYR,104.08659434746505,0.5854376438095712,C,47.971,-55.178,42.324
C,149,MET,81.4602408705219,0.6755552470245091,C,44.231,-55.185,41.293
C,150,GLU,97.6334614440969,0.6111395701527442,C,43.096,-55.789,44.879
C,151,LYS,45.86624743276182,0.8173211476026929,C,46.297,-54.514,46.485
C,152,CYS,1.2076282160399163,0.9951901856162926,C,46.241,-50.721,45.993
C,153,ASP,26.543994914193334,0.8942789785435732,C,47.879,-48.578,48.716
C,154,GLU,69.65132081131384,0.7225885249840827,C,49.675,-45.243,49.426
C,155,ASN,109.56166149317643,0.5636312166663221,C,52.698,-46.344,47.215
C,156,ILE,14.624742120991202,0.941751696360472,C,51.106,-48.5,44.44
C,157,LEU,0.8494866535306799,0.996616613399182,C,47.779,-47.768,42.622
C,158,TRP,28.74934269153091,0.8854953866072245,C,46.285,-50.141,40.015
C,159,LEU,1.0714590240627204,0.9957325284743764,C,43.662,-48.788,37.59
C,160,ASP,53.064163989701846,0.7886528520722818,C,41.689,-50.663,34.825
C,161,TYR,5.946406574714759,0.9763162937942734,C,42.767,-48.73,31.649
C,162,LYS,169.2739507590695,0.32580551503026933,C,45.511,-50.88,29.967
C,163,ASN,64.52160266282627,0.7430194753438454,C,46.367,-48.063,27.489
C,164,ILE,0.0,1.0,C,46.906,-45.325,30.113
C,165,CYS,9.296952838880115,0.9629715363593189,C,50.684,-45.147,29.331
C,166,LYS,117.19909942872428,0.5332123689206711,C,50.057,-44.609,25.56
C,167,VAL,31.6823838584048,0.8738134936164353,C,47.879,-41.574,26.128
C,168,VAL,0.0,1.0,C,49.501,-39.906,29.192
C,169,GLU,104.9506579909084,0.5819961990954845,C,52.894,-38.061,29.118
C,170,VAL,97.48336871347897,0.611737368519019,C,55.454,-36.559,31.552
C,171,GLY,44.146313419515714,0.8241714043672013,C,53.662,-33.559,33.118
C,172,SER,22.85150513924065,0.9089856491855522,C,50.119,-34.934,32.59
C,173,LYS,85.52563769345566,0.6593633397349077,C,47.53,-34.557,35.385
C,174,ILE,0.0,1.0,C,45.468,-37.599,36.577
C,175,TYR,35.56564370565407,0.8583470124421039,C,42.402,-37.106,38.743
C,176,VAL,0.0,1.0,C,41.162,-39.628,41.186
C,177,ASP,36.207634447600455,0.855790053053604,C,37.794,-39.679,42.96
C,178,ASP,45.229735628403304,0.8198562851486195,C,35.664,-36.859,41.404
C,179,GLY,3.6199189846547597,0.9855823686719222,C,38.873,-34.933,40.779
C,180,LEU,25.484599605920394,0.8984984019754574,C,39.551,-34.527,44.534
C,181,ILE,0.8494866535306799,0.996616613399182,C,42.928,-36.283,44.301
C,182,SER,2.5484599605920395,0.9898498401975457,C,45.327,-34.958,41.639
C,183,LEU,0.0,1.0,C,48.496,-36.597,40.318
C,184,GLN,45.98434618379557,0.8168507767850229,C,51.307,-35.322,38.117
C,185,VAL,0.0,1.0,C,53.151,-37.849,35.866
C,186,LYS,114.67170070528189,0.543278644759472,C,56.8,-37.073,36.5
C,187,GLN,123.96742203984181,0.5062550860283601,C,58.2,-40.387,35.14
C,188,LYS,67.69800416301784,0.7303683121620586,C,56.644,-42.738,32.576
C,189,GLY,16.89493237069887,0.9327098459202738,C,57.387,-46.453,32.242
C,190,ALA,106.29483239004394,0.576642540350764,C,56.59,-49.361,29.91
C,191,ASP,55.938746400477726,0.7772037921357382,C,53.382,-50.475,31.698
C,192,PHE,81.4677806928905,0.675525216965922,C,53.575,-48.096,34.743
C,193,LEU,0.0,1.0,C,53.609,-44.385,35.689
C,194,VAL,34.69574926624567,0.8618116804014979,C,55.641,-42.577,38.372
C,195,THR,0.0,1.0,C,53.478,-39.724,39.727
C,196,GLU,9.702494751346714,0.9613563196081117,C,53.707,-36.964,42.387
C,197,VAL,3.214377072188161,0.9871975854231293,C,50.662,-36.252,44.553
C,198,GLU,50.83544276302156,0.7975295371902505,C,49.658,-32.612,43.893
C,199,ASN,22.534732068793883,0.9102473120469934,C,46.29,-32.419,45.652
C,200,GLY,9.077946131813064,0.9638438094610801,C,46.391,-35.083,48.384
C,201,GLY,28.033059566512435,0.888348242173003,C,43.574,-36.574,50.477
C,202,SER,54.07681239928936,0.7846196150036379,C,42.013,-39.957,51.399
C,203,LEU,0.8494866535306799,0.996616613399182,C,42.176,-42.538,48.588
C,204,GLY,1.6989733070613597,0.9932332267983638,C,39.586,-45.348,48.746
C,205,SER,5.135322749781562,0.9795467272966876,C,38.613,-48.248,46.384
C,206,LYS,131.6835631545474,0.4755227745211569,C,37.312,-48.354,42.786
C,207,LYS,65.16322898002483,0.7404639674081772,C,37.388,-44.55,42.333
C,208,GLY,22.936139645328353,0.9086485617779116,C,36.746,-42.775,39.003
C,209,VAL,6.206781773844282,0.975279255771064,C,39.813,-41.644,37.081
C,210,ASN,6.029068160616015,0.975987064251963,C,39.98,-38.664,34.654
C,211,LEU,2.5484599605920395,0.9898498401975457,C,42.684,-37.857,32.126
C,212,PRO,32.97581525299956,0.8686619371660063,C,41.688,-34.279,31.097
C,213,GLY,79.37594494131243,0.6838567063702412,C,44.66,-33.68,28.837
C,214,ALA,25.1084630006914,0.8999965014981746,C,44.435,-37.072,27.083
C,215,ALA,92.72418256892641,0.6306925416996142,C,42.742,-38.585,23.967
C,216,VAL,24.635112952389715,0.9018817885762754,C,41.329,-41.693,25.764
C,217,ASP,66.62654513895512,0.7346357836876821,C,41.177,-44.752,23.356
C,218,LEU,37.64371928140942,0.8500703278947062,C,38.287,-46.672,25.08
C,219,PRO,74.48841845367542,0.7033230411980871,C,35.244,-47.712,22.946
C,220,ALA,11.487271236962918,0.9542478043397539,C,32.117,-45.46,22.804
C,221,VAL,12.597133089623123,0.9498273797157264,C,29.992,-48.579,23.35
C,222,SER,27.899856038000223,0.8888787732080425,C,31.909,-51.327,25.205
C,223,GLU,106.70513695697338,0.5750083546125494,C,30.874,-55.013,25.2
C,224,LYS,79.6045020900464,0.6829463951942696,C,29.279,-54.4,28.671
C,225,ASP,0.0,1.0,C,27.455,-51.295,27.223
C,226,ILE,52.89311055289919,0.7893341340014287,C,26.134,-53.576,24.391
C,227,GLN,108.70804050371363,0.5670310697492655,C,24.686,-56.122,26.881
C,228,ASP,2.142918048125441,0.9914650569487529,C,23.247,-53.276,29.051
C,229,LEU,0.0,1.0,C,21.552,-51.602,26.065
C,230,LYS,107.74845987723054,0.5708529452555535,C,20.065,-54.911,24.908
C,231,PHE,23.424343143696213,0.9067041154843941,C,18.8,-55.497,28.477
C,232,GLY,0.0,1.0,C,17.186,-51.998,28.316
C,233,VAL,26.991005849687316,0.8924985964701367,C,15.243,-53.042,25.16
C,234,GLU,107.22713142592325,0.5729293236064639,C,14.106,-56.265,26.972
C,235,GLN,50.298167587404635,0.7996694291150727,C,13.072,-54.249,30.033
C,236,ASP,74.45494164235876,0.7034563746582141,C,11.097,-51.688,27.938
C,237,VAL,0.0,1.0,C,13.066,-48.685,29.213
C,238,ASP,0.0,1.0,C,11.907,-45.209,28.065
C,239,MET,0.0,1.0,C,15.306,-43.594,27.488
C,240,VAL,0.0,1.0,C,19.096,-44.092,27.473
C,241,PHE,0.0,1.0,C,21.538,-41.643,29.077
C,242,ALA,1.6989733070613597,0.9932332267983638,C,24.649,-42.426,27.062
C,243,SER,4.247433267653399,0.9830830669959095,C,27.822,-41.667,29.071
C,244,PHE,21.509404191256476,0.9143310496641613,C,30.944,-39.874,27.583
C,245,ILE,2.5484599605920395,0.9898498401975457,C,29.563,-39.064,24.078
C,246,ARG,35.805359791493586,0.8573922567794233,C,32.42,-37.425,22.108
C,247,LYS,62.370667270248866,0.7515863503573902,C,30.995,-37.354,18.538
C,248,ALA,15.515697797549269,0.9382031444374246,C,27.918,-38.108,16.367
C,249,SER,59.55283458916742,0.7628093840529678,C,29.322,-41.615,15.457
C,250,ASP,1.0714590240627204,0.9957325284743764,C,29.197,-42.462,19.22
C,251,VAL,0.0,1.0,C,25.395,-41.653,19.196
C,252,HIS,101.55170606713654,0.5955337495065685,C,24.947,-43.68,15.986
C,253,GLU,82.1980878875146,0.6726165054911712,C,26.661,-46.674,17.693
C,254,VAL,0.8494866535306799,0.996616613399182,C,24.139,-46.516,20.624
C,255,ARG,76.5207524403945,0.6952285390061181,C,21.258,-46.099,18.075
C,256,LYS,102.86755586690731,0.5902929036819404,C,22.451,-49.147,16.018
C,257,VAL,23.161077679325388,0.9077526650300618,C,22.751,-51.224,19.224
C,258,LEU,0.0,1.0,C,19.144,-50.297,20.28
C,259,GLY,26.153482380981508,0.8958343353779966,C,18.098,-51.304,16.731
C,260,GLU,115.01643395034561,0.5419056204307702,C,14.613,-51.497,15.184
C,261,LYS,197.8307263873059,0.21206786933380972,C,13.306,-53.036,18.456
C,262,GLY,0.0,1.0,C,14.493,-50.019,20.463
C,263,LYS,142.5564519658037,0.43221757818488404,C,13.853,-47.334,17.794
C,264,ASN,84.38070310041083,0.6639234541814627,C,11.361,-45.446,20.061
C,265,ILE,5.096919921184079,0.9796996803950915,C,13.699,-45.347,23.086
C,266,LYS,43.68196089257391,0.8260208555753882,C,15.022,-41.802,23.504
C,267,ILE,0.0,1.0,C,18.822,-41.349,23.286
C,268,ILE,0.0,1.0,C,20.07,-38.586,25.649
C,269,SER,0.0,1.0,C,23.778,-37.911,25.036
C,270,LYS,16.989733070613596,0.9323322679836382,C,25.758,-37.119,28.172
C,271,ILE,0.0,1.0,C,28.268,-34.302,27.57
C,272,GLU,1.0714590240627204,0.9957325284743764,C,31.067,-34.792,30.063
C,273,ASN,15.290759763552238,0.9390990411852744,C,34.394,-34.078,28.228
C,274,HIS,56.23073858807299,0.7760408280668535,C,36.093,-31.387,26.16
C,275,GLU,33.8402307548201,0.8652190910491857,C,35.402,-33.412,22.931
C,276,GLY,0.0,1.0,C,31.66,-33.566,23.698
C,277,VAL,5.31889229171612,0.978815595470286,C,31.577,-29.783,24.03
C,278,ARG,157.0627057782721,0.37444119691605304,C,33.617,-29.131,20.845
C,279,ARG,100.1225578699067,0.6012258470115661,C,31.435,-31.488,18.76
C,280,PHE,0.0,1.0,C,28.168,-30.496,20.525
C,281,ASP,79.167280357261,0.6846877882416404,C,26.255,-29.591,17.327
C,282,GLU,70.75094107192332,0.7182088911896363,C,26.772,-32.928,15.599
C,283,ILE,0.0,1.0,C,25.983,-34.795,18.841
C,284,LEU,11.043326495898839,0.9560159741893648,C,22.752,-32.73,19.352
C,285,GLU,142.00174723414466,0.4344268895951401,C,21.608,-33.394,15.747
C,286,ALA,19.307223139313717,0.9231020289759034,C,22.093,-37.187,16.231
C,287,SER,2.142918048125441,0.9914650569487529,C,20.471,-37.312,19.746
C,288,ASP,26.748072772970527,0.8934661649578145,C,16.925,-37.07,21.143
C,289,GLY,0.0,1.0,C,18.278,-34.775,23.83
C,290,ILE,0.0,1.0,C,21.28,-33.848,25.991
C,291,MET,1.2867963509103797,0.9948748700011276,C,22.443,-34.257,29.584
C,292,VAL,0.0,1.0,C,24.872,-31.612,30.962
C,293,ALA,2.5484599605920395,0.9898498401975457,C,26.871,-34.203,32.947
C,294,ARG,0.0,1.0,C,28.62,-31.689,35.204
C,295,GLY,6.795893228245439,0.9729329071934553,C,30.414,-34.313,37.361
C,296,ASP,34.93633243165758,0.8608534712820798,C,32.928,-35.571,34.795
C,297,LEU,0.0,1.0,C,32.617,-32.327,32.778
C,298,GLY,3.214377072188161,0.9871975854231293,C,33.893,-30.331,35.783
C,299,ILE,16.489390458232275,0.934325062671481,C,36.944,-32.625,36.008
C,300,GLU,26.922644793545206,0.8927708690013268,C,37.58,-32.835,32.217
C,301,ILE,2.4152564320798326,0.9903803712325853,C,37.412,-29.037,31.69
C,302,PRO,66.728998758574,0.7342277252415805,C,38.36,-26.381,34.357
C,303,ALA,2.992404701656121,0.9880816703479348,C,35.63,-26.16,37.04
C,304,GLU,12.635535918220604,0.9496744266173226,C,35.228,-22.391,36.404
C,305,LYS,30.939661089613708,0.8767716545876595,C,34.153,-23.099,32.764
C,306,VAL,4.247433267653399,0.9830830669959095,C,31.292,-25.563,33.499
C,307,PHE,2.5484599605920395,0.9898498401975457,C,28.596,-22.816,33.737
C,308,LEU,0.0,1.0,C,29.685,-21.636,30.213
C,309,ALA,0.0,1.0,C,29.191,-25.163,28.753
C,310,GLN,2.3012166187545233,0.9908345758687158,C,25.901,-25.643,30.748
C,311,LYS,9.588454938021407,0.9618105242442423,C,24.396,-22.323,29.488
C,312,MET,4.247433267653399,0.9830830669959095,C,25.7,-22.982,25.917
C,313,MET,0.0,1.0,C,24.121,-26.484,25.796
C,314,ILE,0.0,1.0,C,20.807,-25.473,27.432
C,315,GLY,0.0,1.0,C,20.561,-22.527,25.006
C,316,ARG,39.80240812465588,0.8414725719709143,C,21.296,-24.653,21.909
C,317,CYS,0.0,1.0,C,18.827,-27.349,23.037
C,318,ASN,5.31889229171612,0.978815595470286,C,16.1,-24.735,23.684
C,319,ARG,81.56416475550265,0.675141332716983,C,16.817,-23.359,20.18
C,320,ALA,38.70024945718228,0.8458623158850851,C,16.604,-26.949,18.717
C,321,GLY,16.88593484933899,0.9327456817901879,C,13.494,-27.804,20.814
C,322,LYS,50.699826491351395,0.7980696778440379,C,15.397,-30.848,22.177
C,323,PRO,0.0,1.0,C,15.223,-31.94,25.848
C,324,VAL,0.0,1.0,C,18.113,-30.869,28.082
C,325,ILE,0.0,1.0,C,18.896,-32.268,31.557
C,326,CYS,0.0,1.0,C,21.01,-30.421,34.132
C,327,ALA,0.0,1.0,C,22.757,-33.073,36.225
C,328,THR,28.565773149596353,0.8862265184336261,C,25.191,-33.658,39.155
C,329,GLN,20.98992299642948,0.9164000706507178,C,25.749,-32.188,42.638
C,330,MET,0.0,1.0,C,22.643,-29.979,42.421
C,331,LEU,0.0,1.0,C,21.839,-30.628,46.117
C,332,GLU,40.10888933756948,0.8402519001394446,C,25.007,-32.559,47.015
C,333,SER,28.391201129021674,0.8869218143901137,C,25.115,-31.616,50.748
C,334,MET,0.0,1.0,C,21.655,-33.206,51.127
C,335,ILE,19.896334593714876,0.9207556803982947,C,23.404,-36.661,51.008
C,336,LYS,164.15175986657988,0.34620648538154264,C,24.24,-35.95,54.697
C,337,LYS,136.02876278558048,0.45821645175738657,C,22.016,-32.959,55.687
C,338,PRO,35.09229365735239,0.8602322995202047,C,18.173,-32.467,55.539
C,339,ARG,77.48742049990408,0.6913784352447582,C,18.559,-28.863,54.14
C,340,PRO,2.142918048125441,0.9914650569487529,C,20.632,-27.698,51.084
C,341,THR,7.154034790754676,0.971506479410566,C,23.384,-25.028,51.059
C,342,ARG,25.42795040719087,0.8987240278156421,C,22.658,-21.579,49.514
C,343,ALA,0.0,1.0,C,24.816,-22.454,46.467
C,344,GLU,0.0,1.0,C,22.637,-25.534,45.901
C,345,GLY,2.5484599605920395,0.9898498401975457,C,19.367,-23.576,46.178
C,346,SER,6.029068160616015,0.975987064251963,C,20.807,-21.083,43.715
C,347,ASP,0.0,1.0,C,22.038,-23.843,41.312
C,348,VAL,0.0,1.0,C,18.634,-25.466,41.029
C,349,ALA,0.0,1.0,C,16.914,-22.098,40.478
C,350,ASN,5.135322749781562,0.9795467272966876,C,19.488,-21.039,37.83
C,351,ALA,0.0,1.0,C,19.247,-24.334,35.881
C,352,VAL,0.0,1.0,C,15.504,-23.619,35.586
C,353,LEU,44.23211659807056,0.8238296623004796,C,16.086,-20.01,34.631
C,354,ASP,15.405968249344683,0.9386401818900628,C,18.746,-21.122,32.13
C,355,GLY,6.304548137223995,0.974889866011384,C,16.108,-23.214,30.344
C,356,ALA,0.0,1.0,C,16.691,-26.828,31.506
C,357,ASP,1.0714590240627204,0.9957325284743764,C,13.794,-29.256,30.834
C,358,CYS,0.0,1.0,C,14.875,-31.581,33.643
C,359,ILE,0.0,1.0,C,16.872,-31.375,36.858
C,360,MET,1.6989733070613597,0.9932332267983638,C,18.481,-34.498,38.274
C,361,LEU,0.8494866535306799,0.996616613399182,C,19.427,-36.109,41.579
C,362,SER,22.80293611681615,0.9091790928129511,C,22.254,-38.679,41.847
C,363,GLY,12.381016647797374,0.9506881412950292,C,23.786,-39.55,45.251
C,364,GLU,0.0,1.0,C,21.069,-37.388,46.89
C,365,THR,0.0,1.0,C,18.459,-40.105,46.036
C,366,ALA,15.515697797549267,0.9382031444374246,C,20.644,-43.192,45.326
C,367,LYS,153.25791034913885,0.3895951652806877,C,22.547,-43.404,48.628
C,368,GLY,7.056268427374962,0.971895869170246,C,21.894,-40.303,50.784
C,369,ASP,88.11453623468473,0.649052118718231,C,20.184,-39.929,54.161
C,370,TYR,63.50093690878679,0.7470846443747869,C,17.46,-37.571,52.842
C,371,PRO,14.30806958150935,0.943012958821132,C,16.192,-38.8,49.387
C,372,LEU,31.297802652122947,0.8753452268047702,C,12.583,-37.527,49.834
C,373,GLU,58.11071789746357,0.7685531332587353,C,13.734,-34.159,51.163
C,374,ALA,0.0,1.0,C,16.026,-33.799,48.109
C,375,VAL,0.0,1.0,C,13.085,-34.569,45.718
C,376,ARG,101.69146924110943,0.5949770923205582,C,10.728,-32.152,47.621
C,377,MET,6.795893228245439,0.9729329071934553,C,13.391,-29.408,47.516
C,378,GLN,0.0,1.0,C,13.848,-29.751,43.738
C,379,HIS,41.81177078589191,0.8334695613574408,C,10.033,-29.51,43.398
C,380,LEU,55.308366984979024,0.779714505234014,C,9.866,-26.33,45.598
C,381,ILE,0.0,1.0,C,12.744,-24.535,43.858
C,382,ALA,0.0,1.0,C,11.73,-25.414,40.248
C,383,ARG,54.33262600588587,0.7836007451658737,C,8.246,-23.978,40.777
C,384,GLU,6.206781773844282,0.975279255771064,C,9.611,-20.755,42.364
C,385,ALA,0.0,1.0,C,12.123,-20.373,39.516
C,386,GLU,11.981581991449351,0.9522790336987808,C,9.507,-21.078,36.797
C,387,ALA,1.6989733070613597,0.9932332267983638,C,7.463,-18.074,37.992
C,388,ALA,1.0714590240627204,0.9957325284743764,C,10.685,-15.958,37.938
C,389,ILE,6.795893228245439,0.9729329071934553,C,11.293,-16.665,34.197
C,390,TYR,16.584191158146997,0.9339474847348453,C,11.082,-13.527,32.057
C,391,HIS,3.280765208143822,0.9869331707572695,C,8.619,-15.126,29.582
C,392,LEU,37.46914726083473,0.8507656238511938,C,8.107,-11.807,27.727
C,393,GLN,41.36528763796373,0.835247841326776,C,11.731,-11.91,26.442
C,394,LEU,33.48812105020575,0.8666214947852052,C,11.918,-15.689,26.314
C,395,PHE,0.8494866535306799,0.996616613399182,C,8.829,-16.114,24.042
C,396,GLU,10.91012296738663,0.9565465052244043,C,9.857,-13.176,21.762
C,397,GLU,11.30370169502836,0.9549789361661555,C,13.343,-14.683,21.3
C,398,LEU,3.3979466141227195,0.9864664535967277,C,12.091,-18.299,20.693
C,399,ARG,14.53706655321482,0.9421008958917428,C,9.672,-16.999,18.005
C,400,ARG,55.63061899301365,0.7784310205299995,C,12.346,-14.813,16.277
C,401,LEU,44.329882961450274,0.8234402725407997,C,14.798,-17.757,16.174
C,402,ALA,11.883815628069637,0.9526684234584607,C,12.326,-20.537,15.095
C,403,PRO,92.0582654573303,0.6333447964740306,C,12.054,-21.281,11.339
C,404,ILE,83.27306549534933,0.6683350199382072,C,8.921,-20.418,9.407
C,405,THR,54.95022542246978,0.7811409330169032,C,7.554,-23.775,8.151
C,406,SER,76.51260943223639,0.6952609714693923,C,4.394,-25.058,6.441
C,407,ASP,57.483203614464934,0.7710524349347478,C,3.875,-27.561,9.347
C,408,PRO,39.43452762492051,0.8429377885794787,C,0.277,-27.035,10.611
C,409,THR,9.344353188837479,0.962782747391001,C,1.105,-28.487,14.035
C,410,GLU,14.837817501128278,0.9409030469047993,C,3.983,-26.034,14.617
C,411,ALA,0.0,1.0,C,1.71,-23.118,13.619
C,412,THR,0.0,1.0,C,-1.1,-24.455,15.931
C,413,ALA,0.0,1.0,C,1.446,-24.856,18.762
C,414,VAL,0.0,1.0,C,2.924,-21.317,18.641
C,415,GLY,0.0,1.0,C,-0.636,-19.942,18.269
C,416,ALA,0.0,1.0,C,-1.765,-21.923,21.341
C,417,VAL,0.0,1.0,C,1.213,-20.665,23.373
C,418,GLU,3.214377072188161,0.9871975854231293,C,0.529,-17.079,22.204
C,419,ALA,0.0,1.0,C,-3.165,-17.539,23.147
C,420,SER,2.142918048125441,0.9914650569487529,C,-2.171,-18.943,26.566
C,421,PHE,16.584191158147,0.9339474847348453,C,-0.19,-15.735,27.32
C,422,LYS,12.136914898613444,0.951660364441788,C,-3.038,-13.506,26.074
C,423,CYS,6.428754144376322,0.9743951708462586,C,-5.828,-15.014,28.32
C,424,CYS,63.68586361874771,0.7463481071378395,C,-3.508,-16.058,31.212
C,425,SER,10.492617870095163,0.9582093696685697,C,-4.779,-19.671,30.798
C,426,GLY,19.24354933941076,0.9233556328206718,C,-4.564,-22.225,33.63
C,427,ALA,0.0,1.0,C,-3.316,-24.889,31.109
C,428,ILE,0.0,1.0,C,-2.743,-25.985,27.519
C,429,ILE,0.0,1.0,C,-4.55,-29.345,27.028
C,430,VAL,0.0,1.0,C,-3.028,-31.357,24.137
C,431,LEU,13.766358477065557,0.9451705184304229,C,-4.301,-34.721,22.811
C,432,THR,3.978060547163997,0.9841559408890329,C,-1.251,-36.625,21.576
C,433,LYS,93.17712483135037,0.6288885359800893,C,-0.47,-40.147,20.376
C,434,SER,38.439874258052754,0.8468993539082945,C,3.38,-39.956,19.961
C,435,GLY,1.6989733070613597,0.9932332267983638,C,3.909,-36.863,22.178
C,436,ARG,121.69870205549603,0.5152910806071336,C,5.05,-34.68,19.222
C,437,SER,6.834296056842922,0.9727799540950515,C,2.149,-32.199,19.423
C,438,ALA,1.6989733070613597,0.9932332267983638,C,2.87,-31.673,23.156
C,439,HIS,25.70343038379885,0.8976268295750631,C,6.652,-31.432,22.495
C,440,GLN,29.497745459839685,0.8825146029918647,C,5.935,-28.722,19.877
C,441,VAL,0.0,1.0,C,4.061,-26.656,22.53
C,442,ALA,0.0,1.0,C,6.825,-27.175,25.118
C,443,ARG,55.32142344404734,0.7796625031825606,C,9.477,-25.76,22.681
C,444,TYR,0.0,1.0,C,7.705,-22.323,23.013
C,445,ARG,12.250954711938755,0.9512061598056575,C,7.86,-22.334,26.781
C,446,PRO,4.063863725718841,0.9838141988223111,C,4.356,-21.306,27.938
C,447,ARG,40.25874330714572,0.839655052725025,C,3.907,-20.25,31.581
C,448,ALA,7.645379881776119,0.9695495205926372,C,0.839,-22.555,31.913
C,449,PRO,1.2076282160399163,0.9951901856162926,C,1.284,-26.361,32.318
C,450,ILE,0.0,1.0,C,0.826,-28.51,29.214
C,451,ILE,0.0,1.0,C,-1.565,-31.334,30.104
C,452,ALA,1.6989733070613597,0.9932332267983638,C,-0.713,-33.963,27.499
C,453,VAL,0.0,1.0,C,-3.583,-36.512,27.212
C,454,THR,0.8494866535306799,0.996616613399182,C,-2.468,-39.805,25.662
C,455,ARG,53.277691759181025,0.7878024008130938,C,-3.572,-43.487,25.614
C,456,ASN,65.57265390101128,0.7388332851767976,C,0.077,-44.502,24.822
C,457,PRO,62.82054333824293,0.7497945568616906,C,1.83,-45.43,28.122
C,458,GLN,31.09912833270993,0.8761365188485415,C,5.374,-44.928,26.6
C,459,THR,7.056268427374962,0.971895869170246,C,4.32,-41.482,25.285
C,460,ALA,0.0,1.0,C,3.059,-40.606,28.803
C,461,ARG,42.10676633606399,0.8322946353152187,C,6.452,-41.632,30.321
C,462,GLN,8.349699821969722,0.9667443127198169,C,8.7,-40.025,27.649
C,463,ALA,1.6989733070613597,0.9932332267983638,C,6.837,-36.676,28.042
C,464,HIS,0.0,1.0,C,8.68,-35.982,31.336
C,465,LEU,0.0,1.0,C,11.737,-35.086,29.161
C,466,TYR,15.725706983256439,0.9373667072055774,C,10.073,-31.748,28.237
C,467,ARG,5.096919921184079,0.9796996803950915,C,9.557,-28.69,30.32
C,468,GLY,0.8494866535306799,0.996616613399182,C,5.931,-28.102,31.292
C,469,ILE,0.8494866535306799,0.996616613399182,C,4.527,-31.318,29.889
C,470,PHE,11.043326495898837,0.9560159741893648,C,2.314,-32.878,32.596
C,471,PRO,0.0,1.0,C,1.372,-36.213,30.956
C,472,VAL,1.6989733070613597,0.9932332267983638,C,-1.95,-37.908,31.792
C,473,LEU,8.003521444285354,0.968123092809748,C,-2.609,-41.504,30.739
C,474,CYS,0.0,1.0,C,-6.156,-41.946,29.625
C,475,LYS,99.97849699718367,0.6017996213309712,C,-7.402,-45.506,30.266
C,476,ASP,53.75652074507058,0.7858952918924197,C,-11.066,-44.95,29.293
C,477,PRO,118.5285209087586,0.5279174689905859,C,-11.98,-47.156,26.287
C,478,VAL,103.711111193508,0.5869331407272109,C,-12.241,-45.741,22.741
C,479,GLN,74.52262411448771,0.7031868048322968,C,-15.755,-44.258,22.386
C,480,GLU,172.67806746116383,0.3122473940290533,C,-17.392,-44.962,19.041
C,481,ALA,47.324009255880554,0.811515086025357,C,-18.158,-41.375,18.004
C,482,TRP,81.86739127842712,0.6739336238608034,C,-14.718,-39.809,17.527
C,483,ALA,68.63374638444549,0.7266413816910036,C,-15.913,-36.357,18.611
C,484,GLU,105.63401722491726,0.5792744747855365,C,-17.202,-37.967,21.894
C,485,ASP,2.142918048125441,0.9914650569487529,C,-13.863,-39.773,22.383
C,486,VAL,10.193839842368158,0.959399360790183,C,-12.019,-36.463,21.914
C,487,ASP,81.117631342092,0.6769198128867089,C,-14.373,-34.648,24.385
C,488,LEU,45.71677045430401,0.817916493514183,C,-13.904,-37.511,26.88
C,489,ARG,14.685374859205485,0.9415102046393338,C,-10.115,-37.007,26.861
C,490,VAL,6.662689699733232,0.9734634382284948,C,-10.463,-33.183,27.097
C,491,ASN,63.257576575469116,0.7480539145657845,C,-12.822,-33.656,30.084
C,492,PHE,9.211149660325272,0.9633132784260405,C,-10.38,-36.115,31.658
C,493,ALA,0.0,1.0,C,-7.683,-33.379,31.478
C,494,MET,5.946406574714759,0.9763162937942734,C,-10.199,-30.839,32.959
C,495,ASN,57.32916504347412,0.7716659490316832,C,-10.746,-33.261,35.867
C,496,VAL,0.0,1.0,C,-6.996,-33.784,36.41
C,497,GLY,0.0,1.0,C,-6.329,-30.027,36.331
C,498,LYS,80.7437692499442,0.6784088533417524,C,-9.192,-29.28,38.791
C,499,ALA,60.05262428124172,0.7608187915694213,C,-8.004,-32.14,41.157
C,500,ARG,59.72129935362352,0.7621384124439358,C,-4.357,-30.926,41.072
C,501,GLY,45.35394163555563,0.819361589983494,C,-5.532,-27.328,41.617
C,502,PHE,24.566751896247602,0.9021540611074655,C,-4.108,-26.032,38.265
C,503,PHE,11.709243607494958,0.9533637194149484,C,-7.456,-24.324,37.57
C,504,LYS,102.66347800813011,0.591105717267699,C,-11.117,-24.085,38.685
C,505,LYS,171.23915519396664,0.3179783804599212,C,-14.576,-23.929,36.952
C,506,GLY,56.70504368054135,0.7741517371813316,C,-14.934,-20.7,34.922
C,507,ASP,51.36519068264049,0.7954196252739179,C,-11.156,-20.299,34.191
C,508,VAL,15.515697797549267,0.9382031444374246,C,-10.09,-20.416,30.534
C,509,VAL,0.0,1.0,C,-7.812,-23.115,29.095
C,510,ILE,0.0,1.0,C,-6.286,-23.724,25.647
C,511,VAL,0.0,1.0,C,-7.258,-27.064,23.995
C,512,LEU,0.0,1.0,C,-5.288,-28.631,21.096
C,513,THR,9.344353188837477,0.962782747391001,C,-6.781,-31.358,18.958
C,514,GLY,13.8521616556204,0.9448287763637012,C,-6.638,-32.555,15.372
C,515,TRP,114.52625753179132,0.5438579245896179,C,-9.162,-32.791,12.556
C,516,ARG,114.60519947199073,0.5435435098762105,C,-9.127,-36.618,12.259
C,517,PRO,58.21496850808029,0.7681379176486705,C,-7.83,-39.584,14.376
C,518,GLY,41.64525380888104,0.8341327752013378,C,-4.407,-41.074,13.945
C,519,SER,46.61500205944779,0.814338962584599,C,-1.214,-38.903,14.416
C,520,GLY,46.691807716642764,0.8140330563877913,C,0.214,-35.9,12.561
C,521,PHE,75.07149805018169,0.7010007166673481,C,-3.135,-34.011,12.281
C,522,THR,7.500213168439043,0.970127699320635,C,-3.006,-31.498,15.244
C,523,ASN,3.3979466141227195,0.9864664535967277,C,-4.364,-28.255,13.673
C,524,THR,8.494866535306798,0.966166133991819,C,-7.133,-27.095,16.052
C,525,MET,0.0,1.0,C,-6.777,-24.629,18.925
C,526,ARG,20.49543631275445,0.918369541993058,C,-9.793,-23.872,21.173
C,527,VAL,1.0714590240627204,0.9957325284743764,C,-10.155,-21.411,24.017
C,528,VAL,5.096919921184079,0.9796996803950915,C,-12.582,-23.143,26.413
C,529,PRO,83.11045665959952,0.6689826682017366,C,-14.0,-22.434,29.931
C,530,VAL,1.0714590240627204,0.9957325284743764,C,-13.312,-25.007,32.647
C,531,PRO,86.40767124687754,0.6558503233811883,C,-16.706,-26.738,33.321
D,14,GLN,108.87000845456211,0.566385974040716,C,37.688,-15.321,19.841
D,15,THR,72.60884126814449,0.7108091344030807,C,38.713,-13.893,23.314
D,16,GLN,25.545131813169768,0.8982573106551002,C,36.517,-12.835,26.336
D,17,GLN,0.8494866535306799,0.996616613399182,C,33.246,-14.25,24.747
D,18,LEU,39.034917039383885,0.8445293816845972,C,33.327,-11.555,22.021
D,19,HIS,108.53134476650513,0.5677348241722551,C,31.31,-13.846,19.679
D,20,ALA,0.0,1.0,C,28.598,-14.165,22.425
D,21,ALA,12.3367578904936,0.9508644177389358,C,28.934,-10.345,23.003
D,22,MET,120.36532216871822,0.5206017463179768,C,27.766,-9.646,19.398
D,23,ALA,0.8494866535306799,0.996616613399182,C,24.541,-11.764,19.574
D,24,ASP,66.7591957471603,0.734107454856939,C,21.191,-10.064,18.775
D,25,THR,24.94585416494159,0.9006441497617039,C,19.28,-12.086,21.387
D,26,PHE,80.89349755581428,0.6778125064283094,C,19.967,-13.283,24.928
D,27,LEU,3.3979466141227195,0.9864664535967277,C,19.205,-16.843,23.756
D,28,GLU,39.271365868863676,0.8435876390473044,C,21.778,-16.643,20.919
D,29,HIS,1.2076282160399163,0.9951901856162926,C,24.198,-15.049,23.435
D,30,MET,5.559362359792499,0.9778578368017466,C,23.831,-18.187,25.626
D,31,CYS,0.0,1.0,C,24.288,-20.416,22.465
D,32,ARG,63.23303445365927,0.7481516624064857,C,27.607,-18.687,21.746
D,33,LEU,2.5484599605920395,0.9898498401975457,C,29.175,-19.067,25.207
D,34,ASP,55.961767991443246,0.7771121003568521,C,32.459,-20.8,24.535
D,35,ILE,0.0,1.0,C,34.718,-22.765,26.932
D,36,ASP,71.26449093982035,0.7161634938491683,C,37.564,-22.14,24.384
D,37,SER,4.247433267653399,0.9830830669959095,C,37.177,-18.325,24.494
D,38,PRO,73.86386983414177,0.7058105310510555,C,39.725,-17.3,27.184
D,39,PRO,27.473353419348886,0.8905774735221219,C,38.919,-14.376,29.553
D,40,ILE,55.305401321514026,0.7797263170570582,C,40.975,-11.179,29.752
D,41,THR,73.26396386738287,0.7081998726625416,C,43.565,-10.833,32.569
D,42,ALA,1.9209456775934002,0.9923491418735584,C,41.398,-8.262,34.423
D,43,ARG,15.978806253800245,0.9363586481889047,C,38.984,-9.52,37.098
D,44,ASN,2.5484599605920395,0.9898498401975457,C,36.261,-7.053,38.052
D,45,THR,0.0,1.0,C,34.354,-8.714,40.904
D,46,GLY,1.2076282160399163,0.9951901856162926,C,35.654,-7.815,44.351
D,47,ILE,0.0,1.0,C,36.641,-10.746,46.645
D,48,ILE,0.0,1.0,C,35.882,-10.503,50.388
D,49,CYS,0.0,1.0,C,37.564,-13.085,52.662
D,50,THR,5.455061483693315,0.9782732526122022,C,36.66,-13.778,56.271
D,51,ILE,9.643131216564484,0.9615927562693878,C,39.892,-13.995,58.292
D,52,GLY,3.7560881766319563,0.9850400258138383,C,40.197,-16.631,61.022
D,53,PRO,115.49716045819794,0.5399909539453516,C,42.626,-19.34,62.23
D,54,ALA,30.902426933483365,0.8769199530269823,C,43.173,-20.824,58.703
D,55,SER,0.0,1.0,C,44.012,-17.396,57.215
D,56,ARG,32.40741317737087,0.8709258031826956,C,45.343,-15.198,60.142
D,57,SER,55.57477404200343,0.7786534431639349,C,49.157,-15.498,59.767
D,58,VAL,35.545235919776346,0.8584282938006798,C,51.079,-12.718,57.915
D,59,GLU,116.53866125471603,0.5358428018525141,C,52.489,-15.445,55.602
D,60,THR,37.66719326171704,0.8499768343123049,C,49.058,-16.898,54.68
D,61,LEU,0.0,1.0,C,47.681,-13.329,54.28
D,62,LYS,62.858870768616725,0.7496419040638727,C,50.486,-12.506,51.802
D,63,GLU,58.51922547339515,0.766926104684484,C,49.311,-15.447,49.648
D,64,MET,0.0,1.0,C,45.575,-14.526,50.136
D,65,ILE,7.46181033984156,0.9702806524190388,C,46.374,-11.044,48.642
D,66,LYS,149.39802395123232,0.40496855327339887,C,48.398,-12.589,45.756
D,67,SER,14.432275588661678,0.9425182636560064,C,45.447,-14.995,45.143
D,68,GLY,11.892813149429518,0.9526325875885467,C,43.061,-12.051,44.816
D,69,MET,2.142918048125441,0.9914650569487529,C,41.732,-11.034,48.304
D,70,ASN,2.792561709775967,0.988877617050787,C,40.527,-7.416,48.115
D,71,VAL,0.0,1.0,C,38.752,-7.097,51.497
D,72,ALA,0.0,1.0,C,39.501,-8.757,54.867
D,73,ARG,13.835888205674806,0.9448935912401518,C,36.271,-9.432,56.769
D,74,LEU,0.8494866535306799,0.996616613399182,C,36.453,-9.653,60.573
D,75,ASN,37.821357496414,0.8493628197143931,C,33.402,-11.403,62.063
D,76,PHE,0.0,1.0,C,32.571,-9.909,65.464
D,77,SER,27.48235094070876,0.890541637652208,C,30.238,-12.759,66.512
D,78,HIS,116.23708092634202,0.5370439541459022,C,33.38,-14.304,68.005
D,79,GLY,42.462193562520525,0.8308790183534208,C,36.761,-13.191,69.358
D,80,THR,98.36281359455428,0.6082346624854147,C,38.12,-10.428,71.582
D,81,HIS,62.45297699777292,0.7512585222178139,C,39.215,-6.928,70.535
D,82,GLU,78.6187457135736,0.6868725250539527,C,42.841,-8.029,71.261
D,83,TYR,83.81333146717247,0.6661832160901454,C,42.406,-10.993,68.865
D,84,HIS,5.946406574714759,0.9763162937942734,C,40.823,-8.736,66.198
D,85,ALA,26.86976550599998,0.892981479812218,C,43.486,-6.012,66.664
D,86,GLU,86.71902821158955,0.6546102321118322,C,46.179,-8.658,66.01
D,87,THR,0.0,1.0,C,44.357,-9.913,62.861
D,88,ILE,1.6989733070613597,0.9932332267983638,C,44.084,-6.297,61.594
D,89,LYS,142.68848682184876,0.4316917018089256,C,47.806,-5.771,62.374
D,90,ASN,15.773107333213801,0.9371779182372596,C,48.641,-8.945,60.369
D,91,VAL,0.0,1.0,C,46.474,-7.866,57.435
D,92,ARG,75.34764404443223,0.6999008657715939,C,48.335,-4.531,57.407
D,93,THR,63.871041656120894,0.7456105688989394,C,51.764,-6.229,57.755
D,94,ALA,0.0,1.0,C,50.999,-8.551,54.765
D,95,THR,3.7560881766319563,0.9850400258138383,C,49.531,-5.666,52.67
D,96,GLU,85.16405294539811,0.6608034812445517,C,52.441,-3.272,53.278
D,97,SER,53.46242997358273,0.7870666143276112,C,55.079,-5.962,52.414
D,98,PHE,52.58523447284739,0.790560361393737,C,54.13,-5.117,48.763
D,99,ALA,21.99185229188295,0.9124095263153653,C,54.308,-1.286,49.243
D,100,SER,115.44382878131059,0.5402033665597579,C,57.989,-1.367,47.99
D,101,ASP,57.951074725178756,0.7691889696992203,C,56.657,-1.486,44.349
D,102,PRO,49.853305501285696,0.8014412526218118,C,53.842,1.094,43.964
D,103,ILE,51.552278808347054,0.7946744794201757,C,53.069,-0.251,40.456
D,104,LEU,78.33030980886221,0.6880213249452038,C,52.307,-3.733,41.827
D,105,TYR,7.772551552393435,0.9690430136044674,C,50.958,-2.827,45.344
D,106,ARG,17.83921972414428,0.9289488813828202,C,47.328,-3.888,45.851
D,107,PRO,0.8494866535306799,0.996616613399182,C,45.246,-1.898,48.373
D,108,VAL,2.142918048125441,0.9914650569487529,C,43.466,-4.257,50.881
D,109,ALA,0.0,1.0,C,40.346,-3.087,52.744
D,110,VAL,0.0,1.0,C,39.345,-4.064,56.302
D,111,ALA,0.0,1.0,C,35.652,-4.799,56.995
D,112,LEU,0.0,1.0,C,34.099,-5.116,60.467
D,113,ASP,1.0714590240627204,0.9957325284743764,C,31.069,-7.432,60.467
D,114,THR,3.3979466141227195,0.9864664535967277,C,28.931,-6.778,63.57
D,115,LYS,30.803491897636516,0.8773139974457433,C,27.434,-9.488,65.814
D,116,GLY,0.0,1.0,C,24.208,-7.489,65.771
D,117,PRO,11.5256740655604,0.9540948512413501,C,21.093,-8.479,67.74
D,118,GLU,34.810957752038114,0.8613528211062863,C,21.183,-12.235,68.23
D,119,ILE,8.003521444285356,0.968123092809748,C,20.087,-15.083,70.454
D,120,ARG,34.36658575437315,0.8631226926592173,C,22.714,-17.494,72.049
D,121,THR,2.5484599605920395,0.9898498401975457,C,21.544,-21.15,72.621
D,122,GLY,11.922218456667121,0.9525154703600569,C,23.239,-23.408,75.181
D,123,LEU,57.48968786170193,0.7710266090843629,C,23.771,-23.887,78.961
D,124,ILE,71.04603715306033,0.717033564746633,C,26.077,-27.005,78.771
D,125,LYS,112.72548405638302,0.5510301536322781,C,29.019,-25.666,76.644
D,126,GLY,64.55908814636891,0.7428701759025697,C,32.35,-27.522,77.134
D,127,SER,127.35408405315283,0.49276648461277306,C,34.142,-27.796,73.702
D,128,GLY,65.37134064376924,0.7396350877410744,C,31.589,-30.457,72.619
D,129,THR,13.643321142380367,0.9456605589364675,C,28.049,-29.754,73.964
D,130,ALA,51.79638055753099,0.7937022562734168,C,25.356,-32.239,75.173
D,131,GLU,85.71420865089475,0.6586122879696432,C,23.741,-32.72,71.704
D,132,VAL,0.8494866535306799,0.996616613399182,C,20.496,-31.064,70.456
D,133,GLU,103.5324676688543,0.5876446529153354,C,19.75,-34.234,68.307
D,134,LEU,22.41483632676228,0.9107248400286266,C,16.116,-34.34,69.599
D,135,LYS,68.31707384496363,0.7279026441516636,C,13.454,-35.122,71.237
D,136,LYS,167.17356987547362,0.3341710385009875,C,10.348,-34.682,68.975
D,137,GLY,49.44721066851207,0.8030586715773153,C,8.406,-33.315,71.99
D,138,ALA,30.07803532206956,0.8802033895828029,C,10.47,-32.594,75.149
D,139,THR,95.93855964111458,0.6178901271227435,C,11.083,-30.427,78.277
D,140,LEU,16.1786492456804,0.9355627014860525,C,13.579,-27.593,77.576
D,141,LYS,91.1168683691262,0.6370942494890259,C,11.356,-25.339,77.956
D,142,LEU,25.031657343496438,0.9003024076949823,C,9.731,-22.174,76.327
D,143,THR,20.24251297139924,0.9193769003083636,C,9.372,-19.515,79.081
D,144,LEU,101.11821654642358,0.5972602776749387,C,7.345,-16.264,79.54
D,145,ASP,93.25571491317258,0.6285755226694159,C,9.859,-15.513,82.41
D,146,ASN,90.35238064643104,0.6401390972293717,C,13.529,-15.145,83.552
D,147,ALA,60.81927341968254,0.7577653352122807,C,12.843,-17.973,86.1
D,148,TYR,152.37996086616664,0.3930919153526723,C,13.748,-21.539,84.969
D,149,MET,15.121918007977714,0.9397715142972358,C,16.442,-20.5,82.44
D,150,GLU,132.9447618085163,0.470499596571188,C,19.89,-21.414,83.943
D,151,LYS,148.2424833413889,0.4095709100023669,C,18.781,-25.018,84.888
D,152,CYS,52.493047578020445,0.7909275289100625,C,19.578,-28.553,83.457
D,153,ASP,132.92973242926155,0.4705594564879716,C,18.732,-32.093,84.791
D,154,GLU,170.18841811504703,0.3221633193745277,C,18.475,-34.296,81.59
D,155,ASN,29.969851437450547,0.8806342708734307,C,19.159,-32.479,78.189
D,156,ILE,3.622884648119749,0.9855705568488778,C,18.414,-28.693,77.861
D,157,LEU,5.31889229171612,0.978815595470286,C,20.215,-25.696,76.184
D,158,TRP,17.661581509139694,0.9296563895631332,C,19.051,-22.117,77.072
D,159,LEU,25.735977283690037,0.897497199822162,C,19.509,-18.765,75.264
D,160,ASP,87.02563508820927,0.6533890597793861,C,20.163,-14.976,76.013
D,161,TYR,19.268820310716233,0.9232549820743072,C,17.078,-13.011,74.712
D,162,LYS,142.97395706309516,0.43055471374071863,C,14.149,-11.575,76.789
D,163,ASN,66.04085173736107,0.7369685186387314,C,10.627,-10.494,75.46
D,164,ILE,31.16459912361074,0.8758757578398098,C,9.338,-12.994,72.707
D,165,CYS,45.089193339452315,0.8204160454406838,C,5.61,-11.938,73.037
D,166,LYS,229.72780668765705,0.08502625703197608,C,3.426,-9.216,71.313
D,167,VAL,59.46396521618268,0.7631633383435149,C,5.255,-9.859,67.979
D,168,VAL,50.8887744399089,0.7973171245758441,C,4.513,-13.644,68.245
D,169,GLU,137.89400174224045,0.4507874657138061,C,2.139,-16.494,67.123
D,170,VAL,53.94954019770713,0.7851265223925888,C,1.771,-20.211,68.229
D,171,GLY,36.04502561185064,0.8564377013171334,C,3.684,-23.117,66.568
D,172,SER,31.82755057174187,0.8732353148884375,C,6.594,-20.97,65.191
D,173,LYS,16.989733070613596,0.9323322679836382,C,10.239,-22.104,64.498
D,174,ILE,17.70601619563207,0.9294794124178596,C,13.553,-21.7,66.408
D,175,TYR,46.904782565814926,0.8131848073328998,C,16.547,-22.645,64.227
D,176,VAL,2.9066015231012763,0.9884234124146565,C,19.391,-23.726,66.555
D,177,ASP,61.751044667996055,0.7540542205720815,C,23.043,-23.636,65.231
D,178,ASP,58.24130762088799,0.768033012644006,C,21.76,-21.341,62.406
D,179,GLY,9.962869950476238,0.9603192815849024,C,19.436,-23.666,60.406
D,180,LEU,44.65565355325692,0.8221427738094446,C,21.311,-26.938,61.148
D,181,ILE,0.8494866535306799,0.996616613399182,C,18.395,-27.705,63.585
D,182,SER,22.936139645328353,0.9086485617779116,C,14.674,-26.978,62.861
D,183,LEU,12.241957190578875,0.9512419956755714,C,12.047,-26.328,65.609
D,184,GLN,41.67169345265365,0.8340274697958922,C,8.367,-26.728,66.67
D,185,VAL,10.859756953964279,0.9567471060157665,C,7.645,-24.183,69.495
D,186,LYS,90.53378877261991,0.639416574019765,C,3.934,-23.645,70.481
D,187,GLN,20.68645771246332,0.9176087304587527,C,2.523,-21.37,73.285
D,188,LYS,132.20727921627142,0.4734368866516939,C,-0.971,-19.728,72.672
D,189,GLY,31.691381379764678,0.8737776577465214,C,-2.361,-22.349,72.404
D,190,ALA,132.7915274852448,0.471109907461874,C,-5.949,-22.272,73.807
D,191,ASP,109.70084661410108,0.5630768617848034,C,-4.598,-24.211,76.884
D,192,PHE,195.59908976264313,0.22095616607443203,C,-2.016,-22.785,79.406
D,193,LEU,92.0876707645679,0.6332276792455407,C,1.493,-21.445,78.368
D,194,VAL,78.11130310179516,0.688893598046965,C,3.017,-24.452,76.451
D,195,THR,26.277688388133832,0.895339640212871,C,6.504,-25.212,74.931
D,196,GLU,69.08864900068528,0.724829568156246,C,7.37,-28.136,72.458
D,197,VAL,1.0714590240627204,0.9957325284743764,C,10.605,-29.541,70.703
D,198,GLU,57.35296574941771,0.7715711541467432,C,11.185,-31.279,67.201
D,199,ASN,33.12468904566788,0.8680689936592031,C,14.062,-32.28,64.725
D,200,GLY,19.913776716127604,0.920686210862763,C,17.756,-31.902,65.7
D,201,GLY,32.901975259269584,0.8689560315397697,C,21.426,-32.661,65.028
D,202,SER,59.86061013825431,0.7615835570614407,C,24.216,-31.567,67.451
D,203,LEU,9.693497229986836,0.9613921554780257,C,25.966,-28.293,68.641
D,204,GLY,46.09407573200015,0.8164137393323847,C,29.439,-26.688,68.454
D,205,SER,63.75834644445133,0.7460594181746218,C,29.304,-23.914,71.141
D,206,LYS,118.3611494185459,0.5285840862411231,C,26.797,-20.958,71.675
D,207,LYS,11.49023690042791,0.9542359925167095,C,24.15,-21.062,68.893
D,208,GLY,12.742299802960199,0.9492492009877287,C,21.191,-18.875,67.651
D,209,VAL,16.255454902875364,0.9352567952892448,C,17.357,-18.462,67.388
D,210,ASN,13.535137257761349,0.9460914402270953,C,15.123,-16.93,64.643
D,211,LEU,12.250954711938752,0.9512061598056575,C,11.486,-15.74,64.422
D,212,PRO,52.02266319318375,0.792801004165119,C,10.169,-15.872,60.845
D,213,GLY,54.68319004691465,0.7822044975918645,C,8.172,-13.15,59.026
D,214,ALA,20.340279334778952,0.9189875105486837,C,8.191,-11.107,62.311
D,215,ALA,57.45128503310445,0.7711795621827668,C,8.914,-7.442,63.201
D,216,VAL,15.021387043062834,0.9401719150783977,C,11.545,-8.201,65.915
D,217,ASP,103.87316710895078,0.5862876946679778,C,11.928,-5.368,68.526
D,218,LEU,23.741191612366663,0.905442152322367,C,15.638,-6.035,69.605
D,219,PRO,83.11648851749442,0.6689586441548667,C,18.05,-2.988,69.467
D,220,ALA,7.46181033984156,0.9702806524190388,C,19.601,-2.434,66.026
D,221,VAL,12.819105460155162,0.948943294790921,C,22.868,-1.62,67.753
D,222,SER,21.103962809754787,0.9159458660145873,C,23.427,-3.715,70.931
D,223,GLU,88.01039872140353,0.649466883877417,C,25.818,-2.603,73.751
D,224,LYS,79.47129856153418,0.6834769262293092,C,28.441,-5.051,72.37
D,225,ASP,0.0,1.0,C,27.897,-3.598,68.801
D,226,ILE,78.69438269830142,0.686571273516226,C,28.489,-0.106,70.237
D,227,GLN,50.5221882763468,0.7987771860243511,C,31.908,-1.211,71.669
D,228,ASP,1.0714590240627204,0.9957325284743764,C,32.913,-2.994,68.398
D,229,LEU,0.8494866535306799,0.996616613399182,C,31.838,-0.061,66.233
D,230,LYS,109.4474331842919,0.5640861720539174,C,33.935,2.282,68.392
D,231,PHE,17.233834819797522,0.9313600448368795,C,36.85,-0.209,68.165
D,232,GLY,0.0,1.0,C,36.381,-0.163,64.34
D,233,VAL,14.740051137748562,0.9412924366644793,C,36.786,3.648,64.279
D,234,GLU,126.44764660799788,0.4963766982561194,C,39.976,3.334,66.454
D,235,GLN,45.44849100805807,0.8189850130488112,C,41.277,0.59,64.135
D,236,ASP,71.37673376214781,0.7157164463770009,C,40.608,2.742,60.983
D,237,VAL,0.0,1.0,C,38.36,0.154,59.333
D,238,ASP,0.0,1.0,C,37.14,0.891,55.781
D,239,MET,0.0,1.0,C,33.59,-0.473,56.124
D,240,VAL,0.0,1.0,C,30.982,-1.948,58.462
D,241,PHE,0.0,1.0,C,28.819,-4.925,57.563
D,242,ALA,0.8494866535306799,0.996616613399182,C,25.852,-4.199,59.829
D,243,SER,4.69137800871748,0.9813148971462986,C,24.012,-7.319,60.893
D,244,PHE,29.557360322034206,0.8822771653286356,C,20.203,-7.856,60.867
D,245,ILE,1.2076282160399163,0.9951901856162926,C,19.177,-4.444,59.405
D,246,ARG,5.341021670368006,0.9787274572483328,C,15.353,-4.31,59.428
D,247,LYS,50.477854120819345,0.7989537627688434,C,14.667,-0.617,58.582
D,248,ALA,12.250954711938753,0.9512061598056575,C,16.283,2.735,57.623
D,249,SER,55.932915604512665,0.7772270153810457,C,16.351,3.907,61.327
D,250,ASP,0.0,1.0,C,18.619,0.873,62.044
D,251,VAL,0.0,1.0,C,21.154,2.218,59.443
D,252,HIS,104.20446690382775,0.5849681738936587,C,20.86,5.727,60.94
D,253,GLU,83.76385766606376,0.6663802633245747,C,21.678,4.236,64.405
D,254,VAL,1.6989733070613597,0.9932332267983638,C,24.896,2.596,63.061
D,255,ARG,80.96785277073946,0.6775163600005425,C,25.759,5.924,61.306
D,256,LYS,78.31528042960744,0.6880811848619875,C,25.23,7.905,64.589
D,257,VAL,27.050369384469548,0.8922621598088607,C,27.348,5.387,66.537
D,258,LEU,0.0,1.0,C,30.249,5.691,64.007
D,259,GLY,25.303995727450825,0.8992177219788147,C,29.84,9.494,64.488
D,260,GLU,148.13344494356812,0.4100051946996345,C,31.838,12.367,62.953
D,261,LYS,169.95910698407616,0.3230766335563582,C,35.066,10.335,63.513
D,262,GLY,0.8494866535306799,0.996616613399182,C,33.705,7.443,61.416
D,263,LYS,130.50534024574506,0.48021547167637446,C,31.647,9.487,58.892
D,264,ASN,84.67220519955208,0.6627624420663863,C,33.693,8.136,55.898
D,265,ILE,4.247433267653399,0.9830830669959095,C,33.38,4.462,56.927
D,266,LYS,41.624846023003315,0.8342140565599137,C,31.028,2.7,54.485
D,267,ILE,0.0,1.0,C,27.89,1.15,55.995
D,268,ILE,0.0,1.0,C,26.864,-2.071,54.189
D,269,SER,0.0,1.0,C,23.479,-3.218,55.469
D,270,LYS,18.083321473328205,0.9279766582360613,C,23.155,-6.976,55.816
D,271,ILE,0.0,1.0,C,19.703,-8.179,54.649
D,272,GLU,1.0714590240627204,0.9957325284743764,C,19.052,-11.148,56.835
D,273,ASN,9.585313345367817,0.9618230367686535,C,15.252,-11.478,57.277
D,274,HIS,38.270881706030856,0.8475724276214276,C,11.735,-10.949,55.829
D,275,GLU,17.066538727808563,0.9320263617868305,C,11.515,-7.364,57.246
D,276,GLY,0.0,1.0,C,14.88,-6.366,55.739
D,277,VAL,5.31889229171612,0.978815595470286,C,13.625,-7.643,52.361
D,278,ARG,173.07941220584524,0.3106488940104597,C,10.201,-5.877,52.761
D,279,ARG,102.40775236612791,0.5921242367547797,C,11.779,-2.541,53.841
D,280,PHE,0.0,1.0,C,14.643,-2.97,51.298
D,281,ASP,89.30472232831191,0.6443117738700552,C,14.143,0.384,49.486
D,282,GLU,66.99485289529137,0.7331688653757978,C,14.431,2.541,52.592
D,283,ILE,0.0,1.0,C,17.406,0.489,53.837
D,284,LEU,11.043326495898837,0.9560159741893648,C,19.174,0.847,50.442
D,285,GLU,131.8823003058135,0.4747312322268974,C,18.634,4.639,50.354
D,286,ALA,11.08172932449632,0.955863021090961,C,20.155,5.007,53.891
D,287,SER,1.0714590240627204,0.9957325284743764,C,23.123,2.609,53.252
D,288,ASP,25.898586119439848,0.8968495515586326,C,26.37,2.78,51.29
D,289,GLY,0.0,1.0,C,25.597,-0.676,49.975
D,290,ILE,0.0,1.0,C,23.98,-4.053,50.683
D,291,MET,0.0,1.0,C,25.065,-7.546,51.661
D,292,VAL,0.0,1.0,C,22.722,-10.413,50.565
D,293,ALA,4.247433267653399,0.9830830669959095,C,23.322,-12.331,53.827
D,294,ARG,0.8494866535306799,0.996616613399182,C,22.004,-15.64,52.479
D,295,GLY,12.60909627444799,0.9497797320227682,C,22.89,-17.677,55.579
D,296,ASP,29.915049495201327,0.8808525393492617,C,20.432,-16.072,57.987
D,297,LEU,0.0,1.0,C,18.095,-15.101,55.104
D,298,GLY,4.285836096250882,0.9829301138975057,C,17.774,-18.791,54.108
D,299,ILE,13.852161655620401,0.9448287763637012,C,16.718,-19.611,57.72
D,300,GLU,11.786049264689925,0.9530578132181406,C,14.431,-16.556,58.008
D,301,ILE,4.963716392671873,0.980230211430131,C,12.558,-17.126,54.702
D,302,PRO,73.88303354932866,0.7057342046521465,C,12.011,-20.51,52.833
D,303,ALA,3.3979466141227195,0.9864664535967277,C,15.313,-21.66,51.322
D,304,GLU,13.706994942283325,0.945406955091699,C,13.683,-21.959,47.831
D,305,LYS,29.24068778255235,0.8835384277892957,C,12.935,-18.148,47.891
D,306,VAL,5.096919921184079,0.9796996803950915,C,16.502,-16.93,48.581
D,307,PHE,2.5484599605920395,0.9898498401975457,C,17.429,-16.669,44.847
D,308,LEU,0.0,1.0,C,14.357,-14.354,44.39
D,309,ALA,0.0,1.0,C,15.555,-11.995,47.206
D,310,GLN,1.2076282160399163,0.9951901856162926,C,19.197,-12.22,45.924
D,311,LYS,9.588454938021407,0.9618105242442423,C,18.232,-11.281,42.323
D,312,MET,5.096919921184079,0.9796996803950915,C,15.762,-8.605,43.584
D,313,MET,0.0,1.0,C,18.45,-6.917,45.761
D,314,ILE,0.0,1.0,C,21.267,-7.201,43.173
D,315,GLY,0.0,1.0,C,18.938,-5.714,40.521
D,316,ARG,61.74975033182277,0.754059375732139,C,17.835,-2.799,42.782
D,317,CYS,0.0,1.0,C,21.437,-2.081,43.829
D,318,ASN,6.39035131577884,0.9745481239446624,C,22.614,-2.112,40.197
D,319,ARG,54.18703203594791,0.7841806255971915,C,19.711,0.274,39.438
D,320,ALA,41.606850980283554,0.8342857282997416,C,20.745,2.54,42.4
D,321,GLY,13.757360955705675,0.945206354300337,C,24.48,2.316,41.568
D,322,LYS,55.66354288402326,0.7782998892741689,C,25.137,1.004,45.123
D,323,PRO,0.8494866535306799,0.996616613399182,C,27.539,-1.872,45.959
D,324,VAL,0.0,1.0,C,25.985,-5.298,46.492
D,325,ILE,0.0,1.0,C,27.761,-8.272,48.104
D,326,CYS,0.0,1.0,C,26.652,-11.834,47.594
D,327,ALA,0.0,1.0,C,27.535,-13.779,50.745
D,328,THR,25.79534081847227,0.8972607631608859,C,27.421,-17.232,52.414
D,329,GLN,37.745293255085286,0.8496657729554398,C,28.142,-20.858,51.381
D,330,MET,0.8494866535306799,0.996616613399182,C,29.333,-19.871,47.884
D,331,LEU,0.0,1.0,C,32.125,-22.545,47.956
D,332,GLU,45.871726370349684,0.8172993257601195,C,31.084,-24.24,51.251
D,333,SER,29.24068778255235,0.8835384277892957,C,32.454,-27.743,50.411
D,334,MET,0.0,1.0,C,35.924,-26.158,50.014
D,335,ILE,21.595307900776234,0.9139889071966585,C,36.139,-25.988,53.856
D,336,LYS,172.78279559386394,0.3118302765152777,C,37.031,-29.73,53.6
D,337,LYS,91.13603208431309,0.637017923090117,C,37.809,-30.351,49.863
D,338,PRO,8.225493814817396,0.9672390078849424,C,40.363,-28.699,47.485
D,339,ARG,58.10456037586253,0.7685776578065815,C,37.79,-28.454,44.6
D,340,PRO,3.350546264165357,0.9866552425650454,C,34.217,-26.966,44.758
D,341,THR,8.003521444285356,0.968123092809748,C,30.995,-28.833,43.867
D,342,ARG,7.750170846329262,0.9691321528283735,C,29.3,-28.034,40.519
D,343,ALA,0.0,1.0,C,26.502,-26.154,42.388
D,344,GLU,0.0,1.0,C,29.173,-23.937,43.961
D,345,GLY,4.114229739141193,0.983613598030949,C,30.88,-23.106,40.679
D,346,SER,3.8640207338386876,0.9846101455251635,C,27.431,-22.324,39.251
D,347,ASP,0.0,1.0,C,26.517,-20.122,42.296
D,348,VAL,0.0,1.0,C,29.649,-17.985,41.988
D,349,ALA,0.0,1.0,C,29.183,-17.568,38.225
D,350,ASN,2.142918048125441,0.9914650569487529,C,25.475,-16.657,38.619
D,351,ALA,0.0,1.0,C,26.102,-14.1,41.4
D,352,VAL,0.0,1.0,C,28.482,-12.336,38.965
D,353,LEU,40.03208368037452,0.8405578063362522,C,25.996,-12.703,36.033
D,354,ASP,13.485022571751285,0.9462910400165045,C,23.212,-11.377,38.343
D,355,GLY,6.304548137223996,0.974889866011384,C,25.451,-8.301,38.739
D,356,ALA,0.0,1.0,C,27.02,-8.631,42.261
D,357,ASP,1.0714590240627204,0.9957325284743764,C,29.885,-6.142,42.882
D,358,CYS,0.0,1.0,C,31.469,-8.449,45.446
D,359,ILE,0.0,1.0,C,31.528,-12.129,46.247
D,360,MET,1.6989733070613597,0.9932332267983638,C,32.403,-13.359,49.737
D,361,LEU,0.0,1.0,C,34.084,-16.273,51.533
D,362,SER,23.65242277034683,0.905795706212133,C,33.259,-17.129,55.176
D,363,GLY,12.609096274447992,0.9497797320227682,C,34.222,-20.531,56.654
D,364,GLU,0.0,1.0,C,36.108,-21.355,53.395
D,365,THR,0.0,1.0,C,38.801,-18.784,54.375
D,366,ALA,13.45858292797867,0.9463963454219501,C,38.215,-18.384,58.152
D,367,LYS,155.40082839726432,0.38106022222944047,C,38.546,-22.032,59.255
D,368,GLY,5.135322749781562,0.9795467272966876,C,38.766,-24.28,56.197
D,369,ASP,87.67059149362065,0.6508202885678419,C,41.575,-26.511,54.962
D,370,TYR,42.630909654388915,0.8302070457424359,C,41.886,-24.779,51.561
D,371,PRO,11.401468058408074,0.9545895464064755,C,41.611,-20.953,52.031
D,372,LEU,32.01408577714142,0.8724923712389917,C,43.954,-20.071,49.097
D,373,GLU,36.94191261533869,0.8528655257479975,C,42.241,-22.548,46.751
D,374,ALA,0.0,1.0,C,38.85,-20.996,47.7
D,375,VAL,0.0,1.0,C,40.161,-17.43,46.919
D,376,ARG,98.89890753133346,0.6060994752697713,C,41.776,-18.557,43.612
D,377,MET,4.247433267653399,0.9830830669959095,C,38.531,-20.365,42.593
D,378,GLN,0.0,1.0,C,36.429,-17.205,43.206
D,379,HIS,42.53119550356398,0.8306041932672508,C,38.975,-15.307,41.034
D,380,LEU,54.1007387689391,0.7845243196177213,C,38.836,-17.85,38.188
D,381,ILE,0.0,1.0,C,35.008,-18.057,38.157
D,382,ALA,0.0,1.0,C,34.387,-14.278,38.448
D,383,ARG,55.20110044541485,0.7801417328675136,C,36.632,-13.562,35.45
D,384,GLU,3.8418913551868004,0.9846982837471167,C,34.975,-16.299,33.328
D,385,ALA,0.0,1.0,C,31.496,-15.009,34.311
D,386,GLU,8.447466185349437,0.9663549229601369,C,32.459,-11.344,33.609
D,387,ALA,3.642048363306647,0.9854942304499689,C,33.245,-12.276,29.985
D,388,ALA,1.0714590240627204,0.9957325284743764,C,29.858,-14.116,29.767
D,389,ILE,5.946406574714759,0.9763162937942734,C,27.856,-10.976,30.691
D,390,TYR,17.65565018220972,0.9296800132092218,C,25.548,-9.813,27.883
D,391,HIS,10.07665843638926,0.9598660779507248,C,26.826,-6.19,28.027
D,392,LEU,47.19080572736836,0.8120456170603966,C,24.812,-5.243,24.936
D,393,GLN,32.55967989010506,0.8703193461495283,C,21.518,-5.675,26.846
D,394,LEU,30.448315998592264,0.8787286134055883,C,22.979,-4.702,30.231
D,395,PHE,6.795893228245439,0.9729329071934553,C,24.278,-1.274,29.073
D,396,GLU,27.192017514034607,0.8916979951082036,C,21.05,-0.539,27.051
D,397,GLU,12.59713308962312,0.9498273797157264,C,18.915,-1.301,30.131
D,398,LEU,4.46940563818544,0.9821989820711041,C,21.091,0.682,32.621
D,399,ARG,27.926295681772842,0.888773467802597,C,20.967,3.76,30.311
D,400,ARG,68.525675597162,0.7270718125307525,C,17.169,3.489,29.714
D,401,LEU,49.42976854609934,0.8031281411128468,C,16.462,3.169,33.458
D,402,ALA,9.826700758499042,0.9608616244429862,C,18.971,5.838,34.754
D,403,PRO,93.5352663938596,0.6274621081972,C,17.543,9.338,35.396
D,404,ILE,109.33777903431101,0.5645229092059696,C,18.543,12.175,33.076
D,405,THR,51.91042037085629,0.7932480516372863,C,20.276,14.709,35.354
D,406,SER,86.74485210320204,0.6545073791611713,C,22.292,17.881,34.839
D,407,ASP,52.28420706478041,0.7917593114828287,C,25.254,16.278,36.77
D,408,PRO,45.6058722336323,0.8183581856259022,C,28.347,16.71,34.518
D,409,THR,6.795893228245439,0.9729329071934553,C,30.136,13.76,36.163
D,410,GLU,16.071885360940804,0.9359879271156464,C,27.274,11.308,35.517
D,411,ALA,0.0,1.0,C,27.141,12.454,31.859
D,412,THR,0.0,1.0,C,30.983,12.14,31.543
D,413,ALA,0.0,1.0,C,30.932,8.711,33.182
D,414,VAL,0.0,1.0,C,28.2,7.371,30.844
D,415,GLY,0.0,1.0,C,30.121,8.932,27.882
D,416,ALA,0.0,1.0,C,33.302,7.093,29.031
D,417,VAL,0.0,1.0,C,31.53,3.706,29.15
D,418,GLU,4.285836096250882,0.9829301138975057,C,29.918,4.26,25.763
D,419,ALA,0.0,1.0,C,33.358,5.165,24.324
D,420,SER,2.142918048125441,0.9914650569487529,C,34.952,2.121,26.029
D,421,PHE,33.93799711819981,0.8648297012895056,C,32.494,-0.2,24.223
D,422,LYS,10.193839842368158,0.959399360790183,C,33.006,1.543,20.846
D,423,CYS,8.571672192501763,0.9658602277950115,C,36.889,1.266,20.817
D,424,CYS,52.567138899162714,0.7906324335343462,C,37.095,-2.003,22.85
D,425,SER,9.643131216564484,0.9615927562693878,C,39.407,-0.148,25.326
D,426,GLY,19.043706347530605,0.924151579523524,C,41.833,-1.986,27.618
D,427,ALA,0.0,1.0,C,40.699,0.249,30.547
D,428,ILE,0.0,1.0,C,38.903,3.317,31.883
D,429,ILE,0.0,1.0,C,41.418,5.426,33.882
D,430,VAL,0.0,1.0,C,39.673,7.672,36.442
D,431,LEU,14.615845130596236,0.9417871318296048,C,41.394,10.176,38.717
D,432,THR,5.455061483693315,0.9782732526122022,C,39.367,10.342,41.922
D,433,LYS,100.70846489980117,0.598892261208857,C,39.775,11.812,45.393
D,434,SER,53.28668928054091,0.7877665649431799,C,36.705,10.297,47.167
D,435,GLY,0.8494866535306799,0.996616613399182,C,36.132,7.422,44.674
D,436,ARG,139.42388196631498,0.4446941666260843,C,32.806,8.962,43.523
D,437,SER,7.905755080905642,0.9685124825694279,C,33.822,9.519,39.893
D,438,ALA,0.0,1.0,C,35.036,5.881,39.659
D,439,HIS,19.29094968936812,0.923166843852354,C,31.824,4.642,41.365
D,440,GLN,5.54086466224816,0.9779315105454804,C,29.8,6.577,38.717
D,441,VAL,0.0,1.0,C,31.639,4.691,35.892
D,442,ALA,0.0,1.0,C,31.169,1.304,37.673
D,443,ARG,40.85802095537389,0.8372682136184213,C,27.343,1.901,37.796
D,444,TYR,0.0,1.0,C,27.32,1.567,33.919
D,445,ARG,8.003521444285356,0.968123092809748,C,29.118,-1.757,33.98
D,446,PRO,5.135322749781562,0.9795467272966876,C,31.851,-1.441,31.315
D,447,ARG,25.079057693453798,0.9001136187266644,C,33.63,-4.587,30.143
D,448,ALA,5.946406574714759,0.9763162937942734,C,37.07,-2.864,30.604
D,449,PRO,2.0571148695705963,0.9918067990154745,C,38.623,-2.497,34.111
D,450,ILE,0.0,1.0,C,38.273,0.887,35.799
D,451,ILE,0.0,1.0,C,41.734,1.913,37.019
D,452,ALA,0.8494866535306799,0.996616613399182,C,40.944,4.386,39.771
D,453,VAL,0.0,1.0,C,44.026,6.579,40.509
D,454,THR,0.0,1.0,C,43.874,8.18,43.957
D,455,ARG,65.30667410058774,0.7398926455435568,C,46.329,9.608,46.572
D,456,ASN,64.49805328429497,0.7431132692268325,C,43.693,8.79,49.267
D,457,PRO,59.55580025263241,0.7627975722299235,C,44.569,5.393,50.846
D,458,GLN,34.61111476015796,0.8621487678091385,C,41.015,4.946,52.288
D,459,THR,6.206781773844282,0.975279255771064,C,39.518,5.729,48.845
D,460,ALA,0.0,1.0,C,41.862,3.091,47.326
D,461,ARG,43.314394552103906,0.8274848209315113,C,40.637,0.484,49.904
D,462,GLN,7.905755080905642,0.9685124825694279,C,36.907,1.384,49.748
D,463,ALA,0.8494866535306799,0.996616613399182,C,36.886,1.186,45.904
D,464,HIS,1.0714590240627204,0.9957325284743764,C,36.948,-2.694,46.116
D,465,LEU,1.9209456775934002,0.9923491418735584,C,33.188,-2.411,46.956
D,466,TYR,13.668592113685841,0.9455599081901028,C,32.491,-1.712,43.248
D,467,ARG,6.795893228245438,0.9729329071934553,C,32.5,-3.998,40.274
D,468,GLY,0.0,1.0,C,35.429,-3.336,37.963
D,469,ILE,0.0,1.0,C,37.2,-0.698,40.124
D,470,PHE,11.401468058408074,0.9545895464064755,C,40.862,-1.645,40.239
D,471,PRO,0.0,1.0,C,42.213,1.011,42.668
D,472,VAL,0.0,1.0,C,45.836,2.229,42.457
D,473,LEU,7.734148723795953,0.9691959667028712,C,47.333,4.298,45.271
D,474,CYS,1.0714590240627204,0.9957325284743764,C,49.586,7.003,43.873
D,475,LYS,125.57696048724078,0.49984451937166496,C,52.509,7.728,46.203
D,476,ASP,53.09060363347446,0.7885475466668361,C,54.389,10.119,43.791
D,477,PRO,109.90045084493954,0.5622818660338065,C,54.81,13.681,45.131
D,478,VAL,115.59492682157764,0.5396015641856715,C,52.615,16.544,43.916
D,479,GLN,61.24828931245678,0.7560566248786722,C,54.13,18.016,40.632
D,480,GLU,193.375935438145,0.22981067899914398,C,54.378,21.795,40.4
D,481,ALA,44.88958910861383,0.8212110411916808,C,51.974,22.398,37.504
D,482,TRP,94.96783264389654,0.6217563970656428,C,48.516,20.81,38.322
D,483,ALA,62.46240177573369,0.75122098464458,C,48.163,19.689,34.662
D,484,GLU,107.46016220259594,0.5720011945957304,C,51.527,17.854,34.995
D,485,ASP,3.214377072188161,0.9871975854231293,C,50.43,16.285,38.318
D,486,VAL,9.344353188837479,0.962782747391001,C,47.233,15.07,36.542
D,487,ASP,82.18909036615472,0.6726523413610853,C,49.319,13.628,33.623
D,488,LEU,49.73926568796038,0.8018954572579423,C,51.676,11.973,36.152
D,489,ARG,22.213573335002707,0.9115264423925128,C,48.723,10.108,37.738
D,490,VAL,9.702494751346714,0.9613563196081117,C,47.399,9.122,34.261
D,491,ASN,63.907220237119645,0.7454664746678187,C,50.873,7.808,33.375
D,492,PHE,9.344353188837479,0.962782747391001,C,50.989,5.927,36.709
D,493,ALA,0.0,1.0,C,47.759,4.12,35.717
D,494,MET,5.096919921184079,0.9796996803950915,C,49.275,3.405,32.259
D,495,ASN,57.66517722733146,0.7703276594707472,C,52.266,1.824,34.032
D,496,VAL,0.0,1.0,C,50.046,-0.3,36.316
D,497,GLY,0.0,1.0,C,47.939,-1.495,33.359
D,498,LYS,83.86623588745894,0.6659725051790589,C,51.039,-2.382,31.309
D,499,ALA,58.217481782203166,0.7681279076291414,C,52.547,-4.264,34.288
D,500,ARG,77.90941179150488,0.6896977029157334,C,49.328,-6.178,35.041
D,501,GLY,48.615719057701156,0.8063703864383054,C,48.932,-7.043,31.351
D,502,PHE,24.161209983781003,0.9037692778586727,C,45.583,-5.158,30.988
D,503,PHE,13.275013386044112,0.9471274772483518,C,46.992,-3.383,27.902
D,504,LYS,108.11853949182341,0.5693789698799012,C,50.179,-2.661,25.863
D,505,LYS,174.10149795976415,0.3065780693184842,C,51.719,0.375,24.036
D,506,GLY,55.41161228594659,0.7793032936317607,C,49.492,1.506,21.142
D,507,ASP,54.002419485252354,0.7849159115816977,C,46.195,0.192,22.664
D,508,VAL,14.666211144018588,0.9415865310382427,C,43.489,2.787,23.396
D,509,VAL,0.0,1.0,C,42.194,3.575,26.897
D,510,ILE,0.0,1.0,C,39.532,5.975,28.199
D,511,VAL,0.0,1.0,C,40.809,8.673,30.658
D,512,LEU,0.0,1.0,C,38.565,10.665,33.058
D,513,THR,8.494866535306798,0.966166133991819,C,39.726,13.869,34.686
D,514,GLY,16.644723365396366,0.9337063934144882,C,38.278,17.192,35.886
D,515,TRP,151.87406391797379,0.39510683218367426,C,38.708,20.854,34.97
D,516,ARG,106.3859888424805,0.5762794769424455,C,40.033,21.981,38.41
D,517,PRO,74.71335648767244,0.7024271444502375,C,41.487,20.303,41.591
D,518,GLY,23.72922842754179,0.9054898000153253,C,39.129,19.046,44.312
D,519,SER,63.64610362212386,0.7465064656467891,C,36.237,16.567,44.394
D,520,GLY,55.766788184990844,0.7778886776719156,C,33.129,17.0,42.23
D,521,PHE,63.17868490075217,0.7483681290788013,C,34.626,18.444,38.964
D,522,THR,7.500213168439043,0.970127699320635,C,35.083,15.305,36.734
D,523,ASN,4.491535016837327,0.9821108438491508,C,33.862,16.532,33.296
D,524,THR,12.742299802960197,0.9492492009877287,C,36.648,15.483,30.89
D,525,MET,0.0,1.0,C,36.782,12.214,28.9
D,526,ARG,47.19740307194089,0.8120193407591328,C,39.801,11.43,26.672
D,527,VAL,0.0,1.0,C,40.452,8.532,24.337
D,528,VAL,12.250954711938753,0.9512061598056575,C,44.243,8.108,24.554
D,529,PRO,88.25774259420595,0.6484817478054659,C,46.873,5.658,23.216
D,530,VAL,1.0714590240627204,0.9957325284743764,C,48.963,3.697,25.727
D,531,PRO,79.38980564810005,0.6838015011125387,C,52.544,5.164,25.497
